Workbook

Sheet Display ALL DP
B1: ="网管-雅加达网点质量达成 "&TEXT(BB2,"YYYY-MM-DD")&" "&"NM - Pencapaian Kualitas DropPoint Jakarta "&TEXT(BB2,"YYYY-MM-DD") -> 网管-雅加达网点质量达成 2026-09-29 NM - Pencapaian Kualitas DropPoint Jakarta 2026-09-29 | BB1: Date
BB2: =L8 -> 46294 | BC2: =EOMONTH(BB2,-1)+1 -> 46266 | BD2: report kualitas agent | BG2: =COUNTIFS(#REF!,J:J,#REF!,1,#REF!,"<="&#REF!) -> #REF! | BH2: =COUNTIFS(#REF!,J:J,#REF!,1) -> #REF! | BI2: =BG2/BH2 -> #REF!
BB3: =BB2-2 -> 46292 | BC3: =EOMONTH(BB3,-1)+1 -> 46266 | BD3: report ramadan
C4: 定义: 一派质量考核项 1. 快递员出勤准点率 = 当天当地时间06:30前打卡且当日有签收的快递员人数/ 当天已打卡且有签收的快递员人数 2. 0730出仓率 = 0730前出仓量/ 一班应签收量 3. 1200签收率 = 1200前签收量/ 一班应签收量 4. 一班：散货数量,按照散货班次第一班 目标：90% 质量达成 1. 交件准点率: 准点交件票数 / 应交件票数*100% 目标: 93% 2. 全天签收率 = 按规划时效网点当天签收票数/应签收票数 目标：A92%，B90%，C90% 非平台质量 1. 非平台揽收及时率 = (实际揽收及时量 + 揽收失败及时量)/ 订单量 目标：98% 2. 非平台COD退件率 = (退件登记票数 - 退件作废票数) / 派件量 | V4: Penjelasan: Penilaian Kualitas Delivery Ritase Pertama 1. Tingkat Ketepatan Waktu Kehadiran Spirnter = Jumlah sprinter yang melakukan absen sebelum 06.30 waktu setempat dan melakukan TTD/ jumlah sprinter yang melakukan absen dan melakukan TTD 2. Persentase Deliv 7.30 = Total delivery sebelum jam 7.30/ Total Seharusnya TTD Rit 1 3. Persentase TTD 12.00 = Total TTD sebelum jam 1200/ Total seharusnya TTD Rit 1 4. Ritase Pertama: Jumlah penyebaran paket massal kargo Rit 1 Target : 90% Pencapaian Kualitas 1. TPTW = Total kirim tepat waktu / Total seharusnya kirim Target: 93% 2. Persentase TTD = Jumlah TTD Hari H/Jumlah Seharusnya TTD Target: A92%, B90%, C90% Kualitas Non Platform 1. % Pickup Non-ecommerce = (On Time Pick Up + On Time Gagal Pick Up) / Total Order Target : 98% 2. % Retur COD Non-Ecommerce = (Jumlah regis retur - jumlah batal retur)/ jumlah delivery
C6: 代理区 Agent | D6: Fungsi DP | E6: 代理区编码 Kode Agent | F6: 网点代码 Kode DP | G6: 网点 Nama Drop point | H6: Nama agent | J6: 代理区编码 Kode Agent | K6: 一派质量达成 Penilaian Kualitas Delivery Ritase Pertama | Z6: 二派质量达成 Penilaian Kualitas Delivery Ritase Kedua | AE6: 全天收派质量达成 Pencapaian Kualitas Operasional Harian
K7: 快递员出勤准点率 Tingkat Ketepatan Waktu Kehadiran Spirnter | P7: 0730出仓率 Persenase Keluar Gudang 0730 | U7: 1200签收率 Persentase TTD 1200 | Z7: 二派签收率 Persentase TTD Delivery Kedua | AE7: 交件准点率 TPTW | AJ7: 全天签收率 Persentase TTD | AO7: 非平台揽收及时率 % Pickup Non- Ecommerce | AT7: 非平台COD退件率 % Retur COD Non-Ecommerce | BB7: =BB2-1 -> 46293
K8: Target | L8: 46294 | M8: =L8-1 -> 46293 | N8: =L8-2 -> 46292 | O8: 月度达成 Pencapaian Bulanan | P8: Target | Q8: =L8 -> 46294 | R8: =M8 -> 46293 | S8: =N8 -> 46292 | T8: 月度达成 Pencapaian Bulanan | U8: Target | V8: =Q8 -> 46294 | W8: =R8 -> 46293 | X8: =S8 -> 46292 | Y8: 月度达成 Pencapaian Bulanan | Z8: Target | AA8: =V8 -> 46294 | AB8: =W8 -> 46293 | AC8: =X8 -> 46292 | AD8: 月度达成 Pencapaian Bulanan | AE8: Target | AF8: =AA8 -> 46294 | AG8: =AB8 -> 46293 | AH8: =AC8 -> 46292 | AI8: 月度达成 Pencapaian Bulanan | AJ8: Target | AK8: =AF8 -> 46294 | AL8: =AG8 -> 46293 | AM8: =AH8 -> 46292 | AN8: 月度达成 Pencapaian Bulanan | AO8: Target | AP8: =AK8 -> 46294 | AQ8: =AL8 -> 46293 | AR8: =AM8 -> 46292 | AS8: 月度达成 Pencapaian Bulanan | AT8: 目标 Target | AU8: =AP8 -> 46294 | AV8: =AQ8 -> 46293 | AW8: =AR8 -> 46292 | AX8: 月度达成 Pencapaian Bulanan
C9: JAKARTA雅加达 | D9: Pickup Delivery | E9: AGENT40 | F9: JKT41W | G9: CP_PLUIT_PERMAI | H9: CP_PLUIT_PERMAI | I9: CP_PLUIT_PERMAI | J9: CP_PLUIT_PERMAI | K9: 0.9 | L9: 0.88333333 | M9: 0.87755102 | N9: 0.83928571 | O9: 0.89792388 | P9: 0.9 | Q9: 0.97273467 | R9: 0.9931986 | S9: 0.99477646 | T9: 0.95058141 | U9: 0.9 | V9: 0.80059685 | W9: 0.86280606 | X9: 0.76048548 | Y9: 0.73393152 | Z9: 0.92 | AA9: 0.89898459 | AB9: 0.94573955 | AC9: 0.88121272 | AD9: 0.91640581 | AE9: 0.92 | AF9: 0.99581729 | AG9: 0.94018136 | AH9: 0.93948345 | AI9: 0.96323125 | AJ9: 0.92 | AK9: 0.92622263 | AL9: 0.95565149 | AM9: 0.91850095 | AN9: 0.93724547 | AO9: 0.99 | AP9: 1 | AQ9: 1 | AR9: 1 | AS9: 1 | AT9: 0.08721821 | AU9: 0.03030303 | AV9: 0 | AW9: 0.10344828 | AX9: 0.049281314
C10: JAKARTA雅加达 | D10: Pickup Delivery | E10: AGENT40 | F10: JKT43D | G10: CP_DANAUSUNTER_UTARA | H10: CP_DANAUSUNTER_UTARA | I10: CP_DANAUSUNTER_UTARA | J10: CP_DANAUSUNTER_UTARA | K10: 0.9 | L10: 0.92436975 | M10: 0.88118812 | N10: 0.89320388 | O10: 0.88345411 | P10: 0.9 | Q10: 1.0268256 | R10: 1.0075298 | S10: 1.0716947 | T10: 1.0678284 | U10: 0.9 | V10: 0.88348462 | W10: 0.89715335 | X10: 0.88984946 | Y10: 0.87039997 | Z10: 0.92 | AA10: 0.92763053 | AB10: 0.94879725 | AC10: 0.93536041 | AD10: 0.96015341 | AE10: 0.92 | AF10: 0.99766684 | AG10: 0.97239679 | AH10: 0.98293129 | AI10: 0.99256873 | AJ10: 0.92 | AK10: 0.94077642 | AL10: 0.95449335 | AM10: 0.95797065 | AN10: 0.96897284 | AO10: 0.99 | AP10: 1 | AQ10: 1 | AR10: 1 | AS10: 1 | AT10: 0.08721821 | AU10: 0.020833333 | AV10: 0.064516129 | AW10: 0.014492754 | AX10: 0.05388941
C11: JAKARTA雅加达 | D11: Pickup Delivery | E11: AGENT40 | F11: JKT08L | G11: KAMAL_MUARA | H11: KAMAL_MUARA | I11: KAMAL_MUARA | J11: KAMAL_MUARA | K11: 0.9 | L11: 0.90322581 | M11: 0.96 | N11: 0.96153846 | O11: 0.92839806 | P11: 0.9 | Q11: 0.995149 | R11: 0.99763965 | S11: 0.99204455 | T11: 0.94789676 | U11: 0.9 | V11: 0.88704089 | W11: 0.90637293 | X11: 0.90930788 | Y11: 0.88715451 | Z11: 0.92 | AA11: 0.9333796 | AB11: 0.9279661 | AC11: 0.9533404 | AD11: 0.94807407 | AE11: 0.92 | AF11: 0.99507112 | AG11: 0.96488369 | AH11: 0.95518207 | AI11: 0.94992173 | AJ11: 0.92 | AK11: 0.94258042 | AL11: 0.95530086 | AM11: 0.95820082 | AN11: 0.96270497 | AO11: 0.99 | AP11: 1 | AQ11: 1 | AR11: 1 | AS11: 1 | AT11: 0.08721821 | AU11: 0.090909091 | AV11: 0 | AW11: 0 | AX11: 0.034810127
C12: JAKARTA雅加达 | D12: Pickup Delivery | E12: AGENT40 | F12: JKT08I | G12: TELUK_GONG | H12: TELUK_GONG | I12: TELUK_GONG | J12: TELUK_GONG | K12: 0.9 | L12: 0.91735537 | M12: 0.94339623 | N12: 0.94117647 | O12: 0.92059629 | P12: 0.9 | Q12: 0.99163582 | R12: 0.87773488 | S12: 0.97713346 | T12: 0.94993301 | U12: 0.9 | V12: 0.90278349 | W12: 0.86964516 | X12: 0.8636975 | Y12: 0.8633913 | Z12: 0.92 | AA12: 0.94943639 | AB12: 0.91773676 | AC12: 0.95428696 | AD12: 0.97321782 | AE12: 0.92 | AF12: 0.98499166 | AG12: 0.96533333 | AH12: 0.95961003 | AI12: 0.93750852 | AJ12: 0.92 | AK12: 0.96128121 | AL12: 0.93955031 | AM12: 0.956948 | AN12: 0.9783483 | AO12: 0.99 | AP12: 1 | AQ12: 1 | AR12: 1 | AS12: 1 | AT12: 0.08721821 | AU12: 0.020833333 | AV12: 0.069767442 | AW12: 0.039215686 | AX12: 0.066760365
C13: JAKARTA雅加达 | D13: Pickup Delivery | E13: AGENT40 | F13: JKT41T | G13: CP_TELUK_GONG_RAYA | H13: CP_TELUK_GONG_RAYA | I13: CP_TELUK_GONG_RAYA | J13: CP_TELUK_GONG_RAYA | K13: 0.9 | L13: 0.88461538 | M13: 0.93333333 | N13: 0.93333333 | O13: 0.89906417 | P13: 0.9 | Q13: 0.970237 | R13: 0.86728395 | S13: 0.96836862 | T13: 0.96040278 | U13: 0.9 | V13: 0.93955539 | W13: 0.9510582 | X13: 0.91855542 | Y13: 0.93755608 | Z13: 0.92 | AA13: 0.97512195 | AB13: 0.98648649 | AC13: 0.97168476 | AD13: 0.95912016 | AE13: 0.92 | AF13: 0.93773637 | AG13: 0.90523125 | AH13: 0.9981598 | AI13: 0.96753164 | AJ13: 0.92 | AK13: 0.97840826 | AL13: 0.99121125 | AM13: 0.97672147 | AN13: 0.97449859 | AO13: 0.99 | AP13: 1 | AQ13: 1 | AR13: 1 | AS13: 1 | AT13: 0.08721821 | AU13: 0 | AV13: 0 | AW13: 0.041666667 | AX13: 0.038718291
C14: JAKARTA雅加达 | D14: Pickup Delivery | E14: AGENT40 | F14: JKT30A | G14: CP_PADEMANGAN_4 | H14: CP_PADEMANGAN_4 | I14: CP_PADEMANGAN_4 | J14: CP_PADEMANGAN_4 | K14: 0.9 | L14: - | M14: - | N14: - | O14: - | P14: 0.9 | Q14: - | R14: - | S14: - | T14: 0.38888889 | U14: 0.9 | V14: - | W14: - | X14: - | Y14: 0.94444444 | Z14: 0.92 | AA14: - | AB14: - | AC14: - | AD14: 1 | AE14: 0.92 | AF14: - | AG14: - | AH14: - | AI14: 0.99639617 | AJ14: 0.92 | AK14: - | AL14: - | AM14: - | AN14: 0.96774194 | AO14: 0.99 | AP14: - | AQ14: - | AR14: - | AS14: 1 | AT14: 0.08721821 | AU14: - | AV14: - | AW14: - | AX14: -
C15: JAKARTA雅加达 | D15: Pickup Delivery | E15: AGENT40 | F15: JKT43Q | G15: CP_ANCOL_SELATAN_1 | H15: CP_ANCOL_SELATAN_1 | I15: CP_ANCOL_SELATAN_1 | J15: CP_ANCOL_SELATAN_1 | K15: 0.9 | L15: 1 | M15: 0.99130435 | N15: 0.98198198 | O15: 0.98836549 | P15: 0.9 | Q15: 1.0043437 | R15: 0.99907113 | S15: 1.0071109 | T15: 0.99327666 | U15: 0.9 | V15: 0.93418319 | W15: 0.9336518 | X15: 0.91761479 | Y15: 0.92586382 | Z15: 0.92 | AA15: 0.94147833 | AB15: 0.96141844 | AC15: 0.95059975 | AD15: 0.9652336 | AE15: 0.92 | AF15: 0.98518911 | AG15: 0.99437572 | AH15: 0.99692726 | AI15: 0.99306436 | AJ15: 0.92 | AK15: 0.95880489 | AL15: 0.97463476 | AM15: 0.96695323 | AN15: 0.97718191 | AO15: 0.99 | AP15: 1 | AQ15: 1 | AR15: 1 | AS15: 1 | AT15: 0.08721821 | AU15: 0 | AV15: 0 | AW15: 0.013157895 | AX15: 0.026188835
C16: JAKARTA雅加达 | D16: Pickup Delivery | E16: AGENT40 | F16: JKT08C | G16: KEPULAUAN_SERIBU | H16: KEPULAUAN_SERIBU | I16: KEPULAUAN_SERIBU | J16: KEPULAUAN_SERIBU | K16: 0.9 | L16: 0.94117647 | M16: 0.96428571 | N16: 0.96428571 | O16: 0.96103896 | P16: 0.9 | Q16: 1.002609 | R16: 1.0008022 | S16: 0.99894143 | T16: 0.9702088 | U16: 0.9 | V16: 0.98770034 | W16: 0.99237866 | X16: 0.99470713 | Y16: 0.96240169 | Z16: 0.92 | AA16: 0 | AB16: - | AC16: - | AD16: 0 | AE16: 0.92 | AF16: 0.33333333 | AG16: 0.55555556 | AH16: 0 | AI16: 0.49785408 | AJ16: 0.92 | AK16: 0.9877551 | AL16: 0.99679616 | AM16: 0.9968321 | AN16: 0.99476596 | AO16: 0.99 | AP16: 1 | AQ16: 1 | AR16: 1 | AS16: 1 | AT16: 0.08721821 | AU16: 0 | AV16: 0 | AW16: 0 | AX16: 0.058219178
C17: JAKARTA雅加达 | D17: Pickup Delivery | E17: AGENT40 | F17: JKT11 | G17: TANAH_ABANG | H17: TANAH_ABANG | I17: TANAH_ABANG | J17: TANAH_ABANG | K17: 0.9 | L17: 0.95652174 | M17: 0.85555556 | N17: 0.87671233 | O17: 0.88764464 | P17: 0.9 | Q17: 1.0830996 | R17: 1.1492777 | S17: 1.2635779 | T17: 1.1586802 | U17: 0.9 | V17: 0.83345021 | W17: 0.84077047 | X17: 0.66814454 | Y17: 0.84337799 | Z17: 0.92 | AA17: 0.83874829 | AB17: 0.89127838 | AC17: 0.63598435 | AD17: 0.87348986 | AE17: 0.92 | AF17: 0.99777679 | AG17: 0.99232566 | AH17: 0.99271592 | AI17: 0.98638273 | AJ17: 0.92 | AK17: 0.87781271 | AL17: 0.91742597 | AM17: 0.69888437 | AN17: 0.89894393 | AO17: 0.99 | AP17: 1 | AQ17: 1 | AR17: 1 | AS17: 1 | AT17: 0.08721821 | AU17: 0.041666667 | AV17: 0.055555556 | AW17: 0.078125 | AX17: 0.046610169
C18: JAKARTA雅加达 | D18: Pickup Delivery | E18: AGENT40 | F18: JKT12 | G18: SENEN | H18: SENEN | I18: SENEN | J18: SENEN | K18: 0.9 | L18: 0.95833333 | M18: 0.97321429 | N18: 0.9537037 | O18: 0.97767333 | P18: 0.9 | Q18: 1.0430967 | R18: 1.0488467 | S18: 1.0780347 | T18: 1.0444271 | U18: 0.9 | V18: 0.90909091 | W18: 0.91406603 | X18: 0.84469121 | Y18: 0.92964525 | Z18: 0.92 | AA18: 0.93074167 | AB18: 0.9208135 | AC18: 0.86476726 | AD18: 0.93523362 | AE18: 0.92 | AF18: 0.99583333 | AG18: 0.98096102 | AH18: 0.99038462 | AI18: 0.98083518 | AJ18: 0.92 | AK18: 0.94418843 | AL18: 0.94447633 | AM18: 0.87787771 | AN18: 0.95290977 | AO18: 0.99 | AP18: 1 | AQ18: 1 | AR18: 1 | AS18: 1 | AT18: 0.08721821 | AU18: 0.032258065 | AV18: 0.046875 | AW18: 0.041666667 | AX18: 0.058872651
C19: JAKARTA雅加达 | D19: Pickup Delivery | E19: AGENT40 | F19: JKT45I | G19: CP_PINANGSIA_RAYA | H19: CP_PINANGSIA_RAYA | I19: CP_PINANGSIA_RAYA | J19: CP_PINANGSIA_RAYA | K19: 0.9 | L19: 0.875 | M19: 0.8125 | N19: 0.63636364 | O19: 0.80670611 | P19: 0.9 | Q19: 0.98343457 | R19: 1.0246508 | S19: 1.014571 | T19: 0.94896279 | U19: 0.9 | V19: 0.77636665 | W19: 0.68693509 | X19: 0.38478144 | Y19: 0.67146878 | Z19: 0.92 | AA19: 0.86182519 | AB19: 0.92765957 | AC19: 0.45275591 | AD19: 0.80762053 | AE19: 0.92 | AF19: 0.995366 | AG19: 0.99239977 | AH19: 0.996878 | AI19: 0.99441521 | AJ19: 0.92 | AK19: 0.92273666 | AL19: 0.94297235 | AM19: 0.57948718 | AN19: 0.85704075 | AO19: 0.99 | AP19: 1 | AQ19: 1 | AR19: 1 | AS19: 1 | AT19: 0.08721821 | AU19: 0 | AV19: 0.1 | AW19: 0.2 | AX19: 0.061320755
C20: JAKARTA雅加达 | D20: Pickup Delivery | E20: AGENT40 | F20: JKT13K | G20: JOHAR_BARU_01 | H20: JOHAR_BARU_01 | I20: JOHAR_BARU_01 | J20: JOHAR_BARU_01 | K20: 0.9 | L20: 0.9516129 | M20: 0.96491228 | N20: 0.91525424 | O20: 0.93721591 | P20: 0.9 | Q20: 1.0318915 | R20: 1.0504056 | S20: 1.0588117 | T20: 1.0595896 | U20: 0.9 | V20: 0.90359238 | W20: 0.93366165 | X20: 0.92773986 | Y20: 0.93304044 | Z20: 0.92 | AA20: 0.91405365 | AB20: 0.93731778 | AC20: 0.90187627 | AD20: 0.94538138 | AE20: 0.92 | AF20: 0.9894775 | AG20: 0.99530201 | AH20: 0.9728 | AI20: 0.97906574 | AJ20: 0.92 | AK20: 0.93568105 | AL20: 0.95450553 | AM20: 0.93666523 | AN20: 0.96241282 | AO20: 0.99 | AP20: 1 | AQ20: 1 | AR20: 1 | AS20: 1 | AT20: 0.08721821 | AU20: 0 | AV20: 0 | AW20: 0.038461538 | AX20: 0.05879422
C21: JAKARTA雅加达 | D21: Pickup Delivery | E21: AGENT40 | F21: JKT45L | G21: CP_ZAINUL_ARIFIN | H21: CP_ZAINUL_ARIFIN | I21: CP_ZAINUL_ARIFIN | J21: CP_ZAINUL_ARIFIN | K21: 0.9 | L21: 0.8125 | M21: 0.875 | N21: 0.58823529 | O21: 0.88888889 | P21: 0.9 | Q21: 0.95614482 | R21: 0.96251768 | S21: 0.93428723 | T21: 0.97326203 | U21: 0.9 | V21: 0.87149414 | W21: 0.91089109 | X21: 0.8335983 | Y21: 0.85078854 | Z21: 0.92 | AA21: 0.89709172 | AB21: 0.95638126 | AC21: 0.91506572 | AD21: 0.91624277 | AE21: 0.92 | AF21: 0.9924876 | AG21: 0.9858662 | AH21: 0.99795918 | AI21: 0.97332497 | AJ21: 0.92 | AK21: 0.93742443 | AL21: 0.96851943 | AM21: 0.933287 | AN21: 0.95177828 | AO21: 0.99 | AP21: 1 | AQ21: 1 | AR21: 1 | AS21: 1 | AT21: 0.08721821 | AU21: 0.2 | AV21: 0 | AW21: 0.25 | AX21: 0.10555556
C22: JAKARTA雅加达 | D22: Pickup Delivery | E22: AGENT40 | F22: JKT45B | G22: CP_MANGGA_BESAR_2 | H22: CP_MANGGA_BESAR_2 | I22: CP_MANGGA_BESAR_2 | J22: CP_MANGGA_BESAR_2 | K22: 0.9 | L22: 0.86956522 | M22: 0.88636364 | N22: 0.86046512 | O22: 0.90436113 | P22: 0.9 | Q22: 0.97209821 | R22: 0.85114991 | S22: 0.98146109 | T22: 0.92612761 | U22: 0.9 | V22: 0.93973214 | W22: 0.92078365 | X22: 0.93906021 | Y22: 0.89975421 | Z22: 0.92 | AA22: 0.93545256 | AB22: 0.97189257 | AC22: 0.96707472 | AD22: 0.9592248 | AE22: 0.92 | AF22: 0.99661296 | AG22: 0.99090664 | AH22: 0.99844479 | AI22: 0.98953718 | AJ22: 0.92 | AK22: 0.96294331 | AL22: 0.98365598 | AM22: 0.98274319 | AN22: 0.97562024 | AO22: 0.99 | AP22: 1 | AQ22: 1 | AR22: 1 | AS22: 1 | AT22: 0.08721821 | AU22: 0.041666667 | AV22: 0.083333333 | AW22: 0.041666667 | AX22: 0.093913043
C23: JAKARTA雅加达 | D23: Pickup Delivery | E23: AGENT40 | F23: JKT53C | G23: CP_CEGER | H23: CP_CEGER | I23: CP_CEGER | J23: CP_CEGER | K23: 0.9 | L23: 0.89820359 | M23: 0.81818182 | N23: 0.78030303 | O23: 0.88200238 | P23: 0.9 | Q23: 0.80699568 | R23: 0.82258065 | S23: 0.80255247 | T23: 0.83512925 | U23: 0.9 | V23: 0.72981057 | W23: 0.75654511 | X23: 0.74707309 | Y23: 0.68693279 | Z23: 0.92 | AA23: 0.94058005 | AB23: 0.99257196 | AC23: 0.98653637 | AD23: 0.96060357 | AE23: 0.92 | AF23: 0.76298348 | AG23: 0.73758683 | AH23: 0.85579642 | AI23: 0.7695871 | AJ23: 0.92 | AK23: 0.93315209 | AL23: 0.99374416 | AM23: 0.99119756 | AN23: 0.96957568 | AO23: 0.99 | AP23: 1 | AQ23: 1 | AR23: 1 | AS23: 1 | AT23: 0.08721821 | AU23: 0.068627451 | AV23: 0.012345679 | AW23: 0.011363636 | AX23: 0.051964512
C24: JAKARTA雅加达 | D24: Pickup Delivery | E24: AGENT40 | F24: JKT18N | G24: KAMPUNG_TENGAH | H24: KAMPUNG_TENGAH | I24: KAMPUNG_TENGAH | J24: KAMPUNG_TENGAH | K24: 0.9 | L24: 0.88435374 | M24: 0.86178862 | N24: 0.86507937 | O24: 0.88840049 | P24: 0.9 | Q24: 0.99794013 | R24: 0.99731484 | S24: 0.99482445 | T24: 0.97638486 | U24: 0.9 | V24: 0.76283988 | W24: 0.73215484 | X24: 0.69030634 | Y24: 0.7041255 | Z24: 0.92 | AA24: 0.88490305 | AB24: 0.8693609 | AC24: 0.87668394 | AD24: 0.89208526 | AE24: 0.92 | AF24: 0.93304451 | AG24: 0.99862417 | AH24: 0.99628713 | AI24: 0.97037372 | AJ24: 0.92 | AK24: 0.90891553 | AL24: 0.90954545 | AM24: 0.90664663 | AN24: 0.92341155 | AO24: 0.99 | AP24: 1 | AQ24: 1 | AR24: 1 | AS24: 1 | AT24: 0.08721821 | AU24: 0.085714286 | AV24: 0.048387097 | AW24: 0.0125 | AX24: 0.062893082
C25: JAKARTA雅加达 | D25: Pickup Delivery | E25: AGENT40 | F25: JKT61C | G25: CP_CIJANTUNG | H25: CP_CIJANTUNG | I25: CP_CIJANTUNG | J25: CP_CIJANTUNG | K25: 0.9 | L25: 0.91743119 | M25: 0.95121951 | N25: 0.94252874 | O25: 0.94019471 | P25: 0.9 | Q25: 0.96754493 | R25: 1.0212465 | S25: 1.0406945 | T25: 1.0420789 | U25: 0.9 | V25: 0.88309196 | W25: 0.86033994 | X25: 0.86724543 | Y25: 0.86967702 | Z25: 0.92 | AA25: 0.91094554 | AB25: 0.89538808 | AC25: 0.90462351 | AD25: 0.92243526 | AE25: 0.92 | AF25: 0.99878419 | AG25: 0.99718116 | AH25: 0.99671207 | AI25: 0.99119662 | AJ25: 0.92 | AK25: 0.93099577 | AL25: 0.92552995 | AM25: 0.9262278 | AN25: 0.94539255 | AO25: 0.99 | AP25: 1 | AQ25: 1 | AR25: 1 | AS25: 1 | AT25: 0.08721821 | AU25: 0.057471264 | AV25: 0.041666667 | AW25: 0.037037037 | AX25: 0.042562339
C26: JAKARTA雅加达 | D26: Pickup Delivery | E26: AGENT40 | F26: JKT20J | G26: DC_MAKASAR | H26: DC_MAKASAR | I26: DC_MAKASAR | J26: DC_MAKASAR | K26: 0.9 | L26: 0.92380952 | M26: 0.90804598 | N26: 0.91397849 | O26: 0.93030303 | P26: 0.9 | Q26: 0.99506086 | R26: 0.98423485 | S26: 0.98463932 | T26: 0.90706856 | U26: 0.9 | V26: 0.75939319 | W26: 0.78472411 | X26: 0.75442349 | Y26: 0.71800137 | Z26: 0.92 | AA26: 0.90102078 | AB26: 0.87942029 | AC26: 0.87101099 | AD26: 0.91410936 | AE26: 0.92 | AF26: 0.99924116 | AG26: 0.99807163 | AH26: 0.99884925 | AI26: 0.99739973 | AJ26: 0.92 | AK26: 0.92346209 | AL26: 0.92045035 | AM26: 0.91267162 | AN26: 0.93867201 | AO26: 0.99 | AP26: 1 | AQ26: 1 | AR26: 1 | AS26: 1 | AT26: 0.08721821 | AU26: 0.05 | AV26: 0.019230769 | AW26: 0.047619048 | AX26: 0.04058876
C27: JAKARTA雅加达 | D27: Pickup Delivery | E27: AGENT40 | F27: JKT19K | G27: DC_CIRACAS | H27: DC_CIRACAS | I27: DC_CIRACAS | J27: DC_CIRACAS | K27: 0.9 | L27: 0.95283019 | M27: 0.94186047 | N27: 0.90909091 | O27: 0.95053763 | P27: 0.9 | Q27: 0.96361607 | R27: 0.95657938 | S27: 0.96991067 | T27: 0.95666206 | U27: 0.9 | V27: 0.88526786 | W27: 0.86973815 | X27: 0.84743771 | Y27: 0.88401288 | Z27: 0.92 | AA27: 0.9265233 | AB27: 0.90867925 | AC27: 0.92647533 | AD27: 0.94540252 | AE27: 0.92 | AF27: 0.96491228 | AG27: 0.625 | AH27: 0.69565217 | AI27: 0.82238443 | AJ27: 0.92 | AK27: 0.94752121 | AL27: 0.94725933 | AM27: 0.94851243 | AN27: 0.96507177 | AO27: 0.99 | AP27: 1 | AQ27: 1 | AR27: 1 | AS27: 1 | AT27: 0.08721821 | AU27: 0.033333333 | AV27: 0.019230769 | AW27: 0.054054054 | AX27: 0.062253743
C28: JAKARTA雅加达 | D28: Pickup Delivery | E28: AGENT40 | F28: JKT47C | G28: CP_RAYA_KELAPA | H28: CP_RAYA_KELAPA | I28: CP_RAYA_KELAPA | J28: CP_RAYA_KELAPA | K28: 0.9 | L28: 1 | M28: 0.97916667 | N28: 1 | O28: 0.98206278 | P28: 0.9 | Q28: 0.77975086 | R28: 0.96538751 | S28: 0.98555483 | T28: 0.96590176 | U28: 0.9 | V28: 0.89875431 | W28: 0.87509406 | X28: 0.88542351 | Y28: 0.89808266 | Z28: 0.92 | AA28: 0.9475819 | AB28: 0.96236559 | AC28: 0.94273545 | AD28: 0.96057205 | AE28: 0.92 | AF28: 0.99912587 | AG28: 0.99104287 | AH28: 0.99443801 | AI28: 0.99401934 | AJ28: 0.92 | AK28: 0.95975942 | AL28: 0.96505971 | AM28: 0.9607426 | AN28: 0.97252524 | AO28: 0.99 | AP28: 1 | AQ28: 1 | AR28: 1 | AS28: 1 | AT28: 0.08721821 | AU28: 0.035714286 | AV28: 0.12121212 | AW28: 0 | AX28: 0.066666667
C29: JAKARTA雅加达 | D29: Pickup Delivery | E29: AGENT40 | F29: JKT50K | G29: CP_PONDOK_BAMBU | H29: CP_PONDOK_BAMBU | I29: CP_PONDOK_BAMBU | J29: CP_PONDOK_BAMBU | K29: 0.9 | L29: 0.85074627 | M29: 0.92592593 | N29: 0.84482759 | O29: 0.91176471 | P29: 0.9 | Q29: 0.98087739 | R29: 0.96673307 | S29: 0.98056191 | T29: 0.96477715 | U29: 0.9 | V29: 0.9034027 | W29: 0.94043825 | X29: 0.88565828 | Y29: 0.90193109 | Z29: 0.92 | AA29: 0.94370022 | AB29: 0.98783359 | AC29: 0.97427653 | AD29: 0.9731459 | AE29: 0.92 | AF29: 0.94508858 | AG29: 0.92826905 | AH29: 0.99082995 | AI29: 0.96153823 | AJ29: 0.92 | AK29: 0.96192131 | AL29: 0.98837824 | AM29: 0.98236367 | AN29: 0.98138577 | AO29: 0.99 | AP29: 1 | AQ29: 1 | AR29: 1 | AS29: 1 | AT29: 0.08721821 | AU29: 0.013513514 | AV29: 0.014084507 | AW29: 0 | AX29: 0.019887592
C30: JAKARTA雅加达 | D30: Pickup Delivery | E30: AGENT40 | F30: JKT17K | G30: DC_JATINEGARA | H30: DC_JATINEGARA | I30: DC_JATINEGARA | J30: DC_JATINEGARA | K30: 0.9 | L30: 0.84375 | M30: 0.88135593 | N30: 0.85245902 | O30: 0.90336134 | P30: 0.9 | Q30: 0.97358705 | R30: 0.98073218 | S30: 0.98108676 | T30: 0.96659297 | U30: 0.9 | V30: 0.86481113 | W30: 0.83911368 | X30: 0.80516361 | Y30: 0.83317847 | Z30: 0.92 | AA30: 0.91213518 | AB30: 0.90928495 | AC30: 0.92660964 | AD30: 0.93576172 | AE30: 0.92 | AF30: 1 | AG30: 0.8 | AH30: 0 | AI30: 0.53932584 | AJ30: 0.92 | AK30: 0.93395116 | AL30: 0.93463835 | AM30: 0.94328412 | AN30: 0.9546272 | AO30: 0.99 | AP30: 1 | AQ30: 1 | AR30: - | AS30: 1 | AT30: 0.08721821 | AU30: 0.019230769 | AV30: 0 | AW30: 0.081081081 | AX30: 0.05635148
C31: JAKARTA雅加达 | D31: Pickup Delivery | E31: AGENT40 | F31: JKT25Q | G31: SETIABUDI | H31: SETIABUDI | I31: SETIABUDI | J31: SETIABUDI | K31: 0.9 | L31: 0.96938776 | M31: 1 | N31: 0.94285714 | O31: 0.97174001 | P31: 0.9 | Q31: 0.99534255 | R31: 1.002881 | S31: 1.0023144 | T31: 0.986728 | U31: 0.9 | V31: 0.92548077 | W31: 0.88360703 | X31: 0.73099519 | Y31: 0.84502027 | Z31: 0.92 | AA31: 0.94162746 | AB31: 0.9356383 | AC31: 0.79622642 | AD31: 0.90711394 | AE31: 0.92 | AF31: 0.99921213 | AG31: 0.99308084 | AH31: 0.99746479 | AI31: 0.99491672 | AJ31: 0.92 | AK31: 0.95911469 | AL31: 0.95590698 | AM31: 0.80654445 | AN31: 0.92775641 | AO31: 0.99 | AP31: 1 | AQ31: 1 | AR31: 1 | AS31: 1 | AT31: 0.08721821 | AU31: 0.056603774 | AV31: 0 | AW31: 0.020408163 | AX31: 0.066894198
C32: JAKARTA雅加达 | D32: Pickup Delivery | E32: AGENT40 | F32: JKT20C | G32: KLENDER | H32: KLENDER | I32: KLENDER | J32: KLENDER | K32: 0.9 | L32: 0.95774648 | M32: 0.85245902 | N32: 0.8852459 | O32: 0.93696848 | P32: 0.9 | Q32: 0.99700843 | R32: 1.0396723 | S32: 1.0024958 | T32: 1.0076713 | U32: 0.9 | V32: 0.88931194 | W32: 0.91332471 | X32: 0.90515807 | Y32: 0.91027731 | Z32: 0.92 | AA32: 0.94053911 | AB32: 0.94192377 | AC32: 0.92585089 | AD32: 0.95507398 | AE32: 0.92 | AF32: 0.9985108 | AG32: 0.99074788 | AH32: 0.9974898 | AI32: 0.99019792 | AJ32: 0.92 | AK32: 0.94861973 | AL32: 0.95886525 | AM32: 0.94071914 | AN32: 0.96593773 | AO32: 0.99 | AP32: 1 | AQ32: 1 | AR32: 1 | AS32: 1 | AT32: 0.08721821 | AU32: 0.016129032 | AV32: 0 | AW32: 0.040816327 | AX32: 0.047385621
C33: JAKARTA雅加达 | D33: Pickup Delivery | E33: AGENT40 | F33: JKT52I | G33: CP_JATINEGARA_BARAT | H33: CP_JATINEGARA_BARAT | I33: CP_JATINEGARA_BARAT | J33: CP_JATINEGARA_BARAT | K33: 0.9 | L33: 0.91549296 | M33: 0.91666667 | N33: 0.81666667 | O33: 0.92288049 | P33: 0.9 | Q33: 0.87726311 | R33: 0.83198708 | S33: 0.8697192 | T33: 0.89116373 | U33: 0.9 | V33: 0.81660005 | W33: 0.86171244 | X33: 0.78143182 | Y33: 0.80730571 | Z33: 0.92 | AA33: 0.91839671 | AB33: 0.94370861 | AC33: 0.85929067 | AD33: 0.94227637 | AE33: 0.92 | AF33: 0.9418999 | AG33: 0.95565309 | AH33: 0.93696011 | AI33: 0.95095815 | AJ33: 0.92 | AK33: 0.92552846 | AL33: 0.94877607 | AM33: 0.90639269 | AN33: 0.95527734 | AO33: 0.99 | AP33: 1 | AQ33: 1 | AR33: 1 | AS33: 1 | AT33: 0.08721821 | AU33: 0.024390244 | AV33: 0.086956522 | AW33: 0 | AX33: 0.072859745
C34: JAKARTA雅加达 | D34: Pickup Delivery | E34: AGENT40 | F34: JKT25 | G34: TEBET | H34: TEBET | I34: TEBET | J34: TEBET | K34: 0.9 | L34: 0.98360656 | M34: 0.96808511 | N34: 0.97979798 | O34: 0.97923563 | P34: 0.9 | Q34: 0.99490121 | R34: 0.99722838 | S34: 0.99705424 | T34: 0.99448684 | U34: 0.9 | V34: 0.89913958 | W34: 0.88913525 | X34: 0.86986657 | Y34: 0.88339288 | Z34: 0.92 | AA34: 0.92730646 | AB34: 0.92289157 | AC34: 0.9057877 | AD34: 0.9353089 | AE34: 0.92 | AF34: 0.99823737 | AG34: 0.98 | AH34: 0.98374512 | AI34: 0.98597469 | AJ34: 0.92 | AK34: 0.94888598 | AL34: 0.95218216 | AM34: 0.93074447 | AN34: 0.95766932 | AO34: 0.99 | AP34: 1 | AQ34: 1 | AR34: 1 | AS34: 1 | AT34: 0.08721821 | AU34: 0.034883721 | AV34: 0.06557377 | AW34: 0.042553191 | AX34: 0.066059226
C35: JAKARTA雅加达 | D35: Pickup Delivery | E35: AGENT40 | F35: JKT50I | G35: CP_HAJI_NAMAN_1 | H35: CP_HAJI_NAMAN_1 | I35: CP_HAJI_NAMAN_1 | J35: CP_HAJI_NAMAN_1 | K35: 0.9 | L35: 0.93333333 | M35: 0.89156627 | N35: 0.93023256 | O35: 0.91291062 | P35: 0.9 | Q35: 0.93116796 | R35: 0.92066861 | S35: 0.94053265 | T35: 0.98910067 | U35: 0.9 | V35: 0.85207001 | W35: 0.86893075 | X35: 0.88234221 | Y35: 0.93076721 | Z35: 0.92 | AA35: 0.91845056 | AB35: 0.96521259 | AC35: 0.95419847 | AD35: 0.94734707 | AE35: 0.92 | AF35: 0.99612606 | AG35: 0.91056223 | AH35: 0.98645541 | AI35: 0.96858683 | AJ35: 0.92 | AK35: 0.93484807 | AL35: 0.97586269 | AM35: 0.96423283 | AN35: 0.96293389 | AO35: 0.99 | AP35: 1 | AQ35: 1 | AR35: 1 | AS35: 0.99952711 | AT35: 0.08721821 | AU35: 0.014492754 | AV35: 0.081632653 | AW35: 0 | AX35: 0.068633353
C36: JAKARTA雅加达 | D36: Pickup Delivery | E36: AGENT40 | F36: JKT16Q | G36: PULOGEBANG_01 | H36: PULOGEBANG_01 | I36: PULOGEBANG_01 | J36: PULOGEBANG_01 | K36: 0.9 | L36: 0.94339623 | M36: 0.95588235 | N36: 0.93006993 | O36: 0.94885599 | P36: 0.9 | Q36: 1 | R36: 1.0637354 | S36: 1.0364618 | T36: 1.027212 | U36: 0.9 | V36: 0.88132082 | W36: 0.89995966 | X36: 0.85639068 | Y36: 0.87724198 | Z36: 0.92 | AA36: 0.92468468 | AB36: 0.92814371 | AC36: 0.91160125 | AD36: 0.93911758 | AE36: 0.92 | AF36: 0.99034749 | AG36: 0.9862543 | AH36: 0.99178645 | AI36: 0.95949063 | AJ36: 0.92 | AK36: 0.9401664 | AL36: 0.9475204 | AM36: 0.93430813 | AN36: 0.95720495 | AO36: 0.99 | AP36: 1 | AQ36: 1 | AR36: 1 | AS36: 1 | AT36: 0.08721821 | AU36: 0.011235955 | AV36: 0 | AW36: 0.10344828 | AX36: 0.053921569
C37: JAKARTA雅加达 | D37: Pickup Delivery | E37: AGENT40 | F37: JKT16O | G37: DC_PULO_GADUNG | H37: DC_PULO_GADUNG | I37: DC_PULO_GADUNG | J37: DC_PULO_GADUNG | K37: 0.9 | L37: - | M37: - | N37: - | O37: - | P37: 0.9 | Q37: - | R37: - | S37: - | T37: - | U37: 0.9 | V37: - | W37: - | X37: - | Y37: - | Z37: 0.92 | AA37: - | AB37: - | AC37: - | AD37: - | AE37: 0.92 | AF37: - | AG37: - | AH37: - | AI37: - | AJ37: 0.92 | AK37: - | AL37: - | AM37: - | AN37: - | AO37: 0.99 | AP37: - | AQ37: - | AR37: - | AS37: - | AT37: 0.08721821 | AU37: - | AV37: - | AW37: - | AX37: -
C38: JAKARTA雅加达 | D38: Pickup Delivery | E38: AGENT40 | F38: JKT10B | G38: ROROTAN | H38: ROROTAN | I38: ROROTAN | J38: ROROTAN | K38: 0.9 | L38: 0.9516129 | M38: 1 | N38: 0.953125 | O38: 0.97803964 | P38: 0.9 | Q38: 1.0331466 | R38: 1.0759124 | S38: 1.0524335 | T38: 1.0600384 | U38: 0.9 | V38: 0.91573296 | W38: 0.94562044 | X38: 0.91595585 | Y38: 0.92267977 | Z38: 0.92 | AA38: 0.91270219 | AB38: 0.92492492 | AC38: 0.9210796 | AD38: 0.93520487 | AE38: 0.92 | AF38: 0.93621127 | AG38: 0.99472119 | AH38: 0.9965366 | AI38: 0.99232537 | AJ38: 0.92 | AK38: 0.92903299 | AL38: 0.94667285 | AM38: 0.94298793 | AN38: 0.95571221 | AO38: 0.99 | AP38: 1 | AQ38: 1 | AR38: 1 | AS38: 1 | AT38: 0.08721821 | AU38: 0 | AV38: 0.125 | AW38: 0 | AX38: 0.065081352
C39: JAKARTA雅加达 | D39: Pickup Delivery | E39: AGENT40 | F39: JKT16R | G39: DC_UJUNG_MENTENG | H39: DC_UJUNG_MENTENG | I39: DC_UJUNG_MENTENG | J39: DC_UJUNG_MENTENG | K39: 0.9 | L39: 0.98214286 | M39: 0.96428571 | N39: 0.96491228 | O39: 0.93506494 | P39: 0.9 | Q39: 1.0166147 | R39: 1.0114763 | S39: 1.0131306 | T39: 1.0247803 | U39: 0.9 | V39: 0.94496366 | W39: 0.9494001 | X39: 0.93849343 | Y39: 0.92113324 | Z39: 0.92 | AA39: 0.9404136 | AB39: 0.96301189 | AC39: 0.94608088 | AD39: 0.95856478 | AE39: 0.92 | AF39: 0.99693878 | AG39: 0.93333333 | AH39: 0.98929336 | AI39: 0.9909337 | AJ39: 0.92 | AK39: 0.95516468 | AL39: 0.97665802 | AM39: 0.95950597 | AN39: 0.97155021 | AO39: 0.99 | AP39: 1 | AQ39: 1 | AR39: 1 | AS39: 1 | AT39: 0.08721821 | AU39: 0 | AV39: 0 | AW39: 0.052631579 | AX39: 0.040221914
C40: JAKARTA雅加达 | D40: Pickup Delivery | E40: AGENT40 | F40: JKT51G | G40: CP_UTAN_KAYU | H40: CP_UTAN_KAYU | I40: CP_UTAN_KAYU | J40: CP_UTAN_KAYU | K40: 0.9 | L40: - | M40: - | N40: - | O40: - | P40: 0.9 | Q40: 0 | R40: 0 | S40: 0 | T40: 0.079245283 | U40: 0.9 | V40: 1 | W40: 1 | X40: 1 | Y40: 0.96981132 | Z40: 0.92 | AA40: 1 | AB40: - | AC40: 1 | AD40: 1 | AE40: 0.92 | AF40: - | AG40: - | AH40: - | AI40: 0.97989759 | AJ40: 0.92 | AK40: 1 | AL40: 1 | AM40: 1 | AN40: 0.98126464 | AO40: 0.99 | AP40: - | AQ40: - | AR40: - | AS40: 1 | AT40: 0.08721821 | AU40: - | AV40: - | AW40: - | AX40: 11
C41: JAKARTA雅加达 | D41: Pickup Delivery | E41: AGENT40 | F41: JKT10H | G41: KALIBARU_01 | H41: KALIBARU_01 | I41: KALIBARU_01 | J41: KALIBARU_01 | K41: 0.9 | L41: 0.96396396 | M41: 0.95876289 | N41: 0.98039216 | O41: 0.96166419 | P41: 0.9 | Q41: 1.003112 | R41: 1.0218103 | S41: 1.0126095 | T41: 1.0120464 | U41: 0.9 | V41: 0.90214385 | W41: 0.90321701 | X41: 0.90420315 | Y41: 0.91459232 | Z41: 0.92 | AA41: 0.94509735 | AB41: 0.94642857 | AC41: 0.95332002 | AD41: 0.95934634 | AE41: 0.92 | AF41: 0.9973096 | AG41: 0.99457995 | AH41: 0.98897312 | AI41: 0.991894 | AJ41: 0.92 | AK41: 0.9578256 | AL41: 0.96457715 | AM41: 0.96568578 | AN41: 0.9734922 | AO41: 0.99 | AP41: 1 | AQ41: 1 | AR41: 1 | AS41: 1 | AT41: 0.08721821 | AU41: 0.04 | AV41: 0.076923077 | AW41: 0 | AX41: 0.042630058
C42: JAKARTA雅加达 | D42: Pickup Delivery | E42: AGENT40 | F42: JKT16P | G42: DC_CAKUNG | H42: DC_CAKUNG | I42: DC_CAKUNG | J42: DC_CAKUNG | K42: 0.9 | L42: 0.98561151 | M42: 0.99115044 | N42: 0.98333333 | O42: 0.97760618 | P42: 0.9 | Q42: 1.0164493 | R42: 1.0346382 | S42: 1.0438235 | T42: 1.0371544 | U42: 0.9 | V42: 0.93257261 | W42: 0.94614472 | X42: 0.94899985 | Y42: 0.95786971 | Z42: 0.92 | AA42: 0.93128611 | AB42: 0.93907875 | AC42: 0.93349644 | AD42: 0.95495166 | AE42: 0.92 | AF42: 0.98320248 | AG42: 0.96177343 | AH42: 0.98710156 | AI42: 0.97456622 | AJ42: 0.92 | AK42: 0.94760213 | AL42: 0.95814462 | AM42: 0.95397747 | AN42: 0.97078385 | AO42: 0.99 | AP42: 1 | AQ42: 1 | AR42: 1 | AS42: 1 | AT42: 0.08721821 | AU42: 0.030769231 | AV42: 0.060606061 | AW42: 0 | AX42: 0.042185339
C43: JAKARTA雅加达 | D43: Pickup Delivery | E43: AGENT40 | F43: JKT02S | G43: KEDOYA_UTARA | H43: KEDOYA_UTARA | I43: KEDOYA_UTARA | J43: KEDOYA_UTARA | K43: 0.9 | L43: - | M43: - | N43: - | O43: - | P43: 0.9 | Q43: - | R43: - | S43: - | T43: - | U43: 0.9 | V43: - | W43: - | X43: - | Y43: - | Z43: 0.92 | AA43: - | AB43: - | AC43: - | AD43: - | AE43: 0.92 | AF43: - | AG43: - | AH43: - | AI43: - | AJ43: 0.92 | AK43: - | AL43: - | AM43: - | AN43: - | AO43: 0.99 | AP43: - | AQ43: - | AR43: - | AS43: - | AT43: 0.08721821 | AU43: - | AV43: - | AW43: - | AX43: -
C44: JAKARTA雅加达 | D44: Pickup Delivery | E44: AGENT40 | F44: JKT26I | G44: DC_GAMBIR | H44: DC_GAMBIR | I44: DC_GAMBIR | J44: DC_GAMBIR | K44: 0.9 | L44: 0.84375 | M44: 0.83606557 | N44: 0.85106383 | O44: 0.82628571 | P44: 0.9 | Q44: 1.0046452 | R44: 1.0922422 | S44: 1.1516815 | T44: 1.0732309 | U44: 0.9 | V44: 0.75122581 | W44: 0.73320719 | X44: 0.58339053 | Y44: 0.70812306 | Z44: 0.92 | AA44: 0.86821064 | AB44: 0.80553155 | AC44: 0.62621564 | AD44: 0.79688705 | AE44: 0.92 | AF44: 0.72368421 | AG44: 0.56666667 | AH44: 0.79310345 | AI44: 0.83930636 | AJ44: 0.92 | AK44: 0.89146784 | AL44: 0.87997708 | AM44: 0.68056757 | AN44: 0.85826561 | AO44: 0.99 | AP44: 1 | AQ44: 1 | AR44: 1 | AS44: 1 | AT44: 0.08721821 | AU44: 0.050847458 | AV44: 0 | AW44: 0 | AX44: 0.049418605
C45: JAKARTA雅加达 | D45: Pickup Delivery | E45: AGENT40 | F45: JKT28D | G45: TAMBORA | H45: TAMBORA | I45: TAMBORA | J45: TAMBORA | K45: 0.9 | L45: 0.9047619 | M45: 0.85714286 | N45: 0.875 | O45: 0.90034169 | P45: 0.9 | Q45: 0.89462262 | R45: 0.810236 | S45: 0.9342304 | T45: 0.88659827 | U45: 0.9 | V45: 0.85314685 | W45: 0.8680022 | X45: 0.82850474 | Y45: 0.81781086 | Z45: 0.92 | AA45: 0.90140114 | AB45: 0.98242874 | AC45: 0.96432111 | AD45: 0.96924171 | AE45: 0.92 | AF45: 0.98847457 | AG45: 0.99390676 | AH45: 0.99963674 | AI45: 0.99683222 | AJ45: 0.92 | AK45: 0.92693318 | AL45: 0.98164114 | AM45: 0.92073171 | AN45: 0.96971037 | AO45: 0.99 | AP45: 1 | AQ45: 1 | AR45: 1 | AS45: 1 | AT45: 0.08721821 | AU45: 0.055555556 | AV45: 0.071428571 | AW45: 0.1 | AX45: 0.048693587
C46: JAKARTA雅加达 | D46: Pickup Delivery | E46: AGENT40 | F46: JKT33C | G46: CP_ANGGREK_2 | H46: CP_ANGGREK_2 | I46: CP_ANGGREK_2 | J46: CP_ANGGREK_2 | K46: 0.9 | L46: - | M46: - | N46: - | O46: - | P46: 0.9 | Q46: - | R46: 0 | S46: 0 | T46: 0 | U46: 0.9 | V46: - | W46: 0 | X46: 0 | Y46: 0.25 | Z46: 0.92 | AA46: - | AB46: - | AC46: 0 | AD46: 0 | AE46: 0.92 | AF46: - | AG46: - | AH46: - | AI46: - | AJ46: 0.92 | AK46: - | AL46: 0 | AM46: 0 | AN46: 0.16666667 | AO46: 0.99 | AP46: - | AQ46: - | AR46: - | AS46: - | AT46: 0.08721821 | AU46: - | AV46: - | AW46: - | AX46: -
C47: JAKARTA雅加达 | D47: Pickup Delivery | E47: AGENT40 | F47: JKT33O | G47: CP_KEBON_JERUK_RAYA | H47: CP_KEBON_JERUK_RAYA | I47: CP_KEBON_JERUK_RAYA | J47: CP_KEBON_JERUK_RAYA | K47: 0.9 | L47: 0.90163934 | M47: 0.91089109 | N47: 0.92 | O47: 0.86801288 | P47: 0.9 | Q47: 0.99711066 | R47: 0.95933219 | S47: 0.98909091 | T47: 1.0121507 | U47: 0.9 | V47: 0.93195608 | W47: 0.94970034 | X47: 0.903083 | Y47: 0.90625239 | Z47: 0.92 | AA47: 0.9313888 | AB47: 0.98230536 | AC47: 0.96198682 | AD47: 0.95939165 | AE47: 0.92 | AF47: 0.97864194 | AG47: 0.98052701 | AH47: 0.99739531 | AI47: 0.98891228 | AJ47: 0.92 | AK47: 0.94684685 | AL47: 0.98366446 | AM47: 0.95640224 | AN47: 0.97075634 | AO47: 0.99 | AP47: 1 | AQ47: 1 | AR47: 1 | AS47: 1 | AT47: 0.08721821 | AU47: 0.084745763 | AV47: 0 | AW47: 0.053571429 | AX47: 0.04743083
C48: JAKARTA雅加达 | D48: Pickup Delivery | E48: AGENT40 | F48: JKT36M | G48: CP_KEMBANGAN | H48: CP_KEMBANGAN | I48: CP_KEMBANGAN | J48: CP_KEMBANGAN | K48: 0.9 | L48: 0.97058824 | M48: 0.96666667 | N48: 0.93548387 | O48: 0.94479167 | P48: 0.9 | Q48: 0.97741695 | R48: 1.0027709 | S48: 1.0617284 | T48: 1.0065725 | U48: 0.9 | V48: 0.94494214 | W48: 0.96314769 | X48: 0.95083387 | Y48: 0.95449344 | Z48: 0.92 | AA48: 0.92914584 | AB48: 0.94873272 | AC48: 0.95021512 | AD48: 0.96136197 | AE48: 0.92 | AF48: 0.98392386 | AG48: 0.92021138 | AH48: 0.99684025 | AI48: 0.97703763 | AJ48: 0.92 | AK48: 0.94217954 | AL48: 0.96891747 | AM48: 0.96226193 | AN48: 0.97269656 | AO48: 0.99 | AP48: 1 | AQ48: 1 | AR48: 1 | AS48: 1 | AT48: 0.08721821 | AU48: 0 | AV48: 0.029411765 | AW48: 0.017857143 | AX48: 0.048979592
C49: JAKARTA雅加达 | D49: Pickup Delivery | E49: AGENT40 | F49: JKT28I | G49: CP_ANGKE_INDAH | H49: CP_ANGKE_INDAH | I49: CP_ANGKE_INDAH | J49: CP_ANGKE_INDAH | K49: 0.9 | L49: 0.9245283 | M49: 0.95918367 | N49: 0.90384615 | O49: 0.96117166 | P49: 0.9 | Q49: 0.90990819 | R49: 0.98834993 | S49: 0.84631168 | T49: 0.95113786 | U49: 0.9 | V49: 0.95983168 | W49: 0.97055709 | X49: 0.92261847 | Y49: 0.93188313 | Z49: 0.92 | AA49: 0.95667376 | AB49: 0.9823497 | AC49: 0.96893526 | AD49: 0.96804683 | AE49: 0.92 | AF49: 0.98842635 | AG49: 0.97318902 | AH49: 0.98720083 | AI49: 0.98536974 | AJ49: 0.92 | AK49: 0.97440393 | AL49: 0.99046093 | AM49: 0.98244887 | AN49: 0.98080031 | AO49: 0.99 | AP49: 1 | AQ49: 1 | AR49: 1 | AS49: 1 | AT49: 0.08721821 | AU49: 0 | AV49: 0.066666667 | AW49: 0 | AX49: 0.06232687
C50: JAKARTA雅加达 | D50: Pickup Delivery | E50: AGENT40 | F50: JKT21R | G50: DC_KEBAYORAN_BARU | H50: DC_KEBAYORAN_BARU | I50: DC_KEBAYORAN_BARU | J50: DC_KEBAYORAN_BARU | K50: 0.9 | L50: 0.92307692 | M50: 0.91071429 | N50: 0.90243902 | O50: 0.92784735 | P50: 0.9 | Q50: 0.96245884 | R50: 0.90936298 | S50: 0.84080658 | T50: 0.91412598 | U50: 0.9 | V50: 0.83688255 | W50: 0.73279179 | X50: 0.54391085 | Y50: 0.70969614 | Z50: 0.92 | AA50: 0.90318597 | AB50: 0.89282551 | AC50: 0.70134794 | AD50: 0.86032925 | AE50: 0.92 | AF50: 0.96363636 | AG50: 0.96341463 | AH50: 1 | AI50: 0.94426382 | AJ50: 0.92 | AK50: 0.94131319 | AL50: 0.93886967 | AM50: 0.74881979 | AN50: 0.90294953 | AO50: 0.99 | AP50: - | AQ50: 1 | AR50: 1 | AS50: 1 | AT50: 0.08721821 | AU50: 0.078947368 | AV50: 0.052631579 | AW50: 0.05 | AX50: 0.074280409
C51: JAKARTA雅加达 | D51: Pickup Delivery | E51: AGENT40 | F51: JKT23Q | G51: JATIPADANG_01 | H51: JATIPADANG_01 | I51: JATIPADANG_01 | J51: JATIPADANG_01 | K51: 0.9 | L51: 0.96153846 | M51: 0.81927711 | N51: 0.83950617 | O51: 0.91704204 | P51: 0.9 | Q51: 0.97650731 | R51: 0.94970884 | S51: 0.96330104 | T51: 0.95335443 | U51: 0.9 | V51: 0.90734352 | W51: 0.88724193 | X51: 0.87462742 | Y51: 0.8709258 | Z51: 0.92 | AA51: 0.93090717 | AB51: 0.93820225 | AC51: 0.92566079 | AD51: 0.94092683 | AE51: 0.92 | AF51: 0.75 | AG51: 1 | AH51: 1 | AI51: 0.88737201 | AJ51: 0.92 | AK51: 0.94808165 | AL51: 0.96263697 | AM51: 0.95193474 | AN51: 0.96282517 | AO51: 0.99 | AP51: 1 | AQ51: 1 | AR51: - | AS51: 1 | AT51: 0.08721821 | AU51: 0.030769231 | AV51: 0.025641026 | AW51: 0.051724138 | AX51: 0.073446328
C52: JAKARTA雅加达 | D52: Pickup Delivery | E52: AGENT40 | F52: JKT24K | G52: DC_KALIBATA_UTARA | H52: DC_KALIBATA_UTARA | I52: DC_KALIBATA_UTARA | J52: DC_KALIBATA_UTARA | K52: 0.9 | L52: 0.91666667 | M52: 0.92 | N52: 0.95833333 | O52: 0.96964515 | P52: 0.9 | Q52: 1.0018864 | R52: 1.0093677 | S52: 1.011787 | T52: 1.007574 | U52: 0.9 | V52: 0.93529523 | W52: 0.91602543 | X52: 0.90233635 | Y52: 0.93232346 | Z52: 0.92 | AA52: 0.94336903 | AB52: 0.94343303 | AC52: 0.92315021 | AD52: 0.95137812 | AE52: 0.92 | AF52: 0.9971046 | AG52: 0.99494471 | AH52: 0.99811321 | AI52: 0.98335154 | AJ52: 0.92 | AK52: 0.95701026 | AL52: 0.96408235 | AM52: 0.94397794 | AN52: 0.96713984 | AO52: 0.99 | AP52: 1 | AQ52: 1 | AR52: 1 | AS52: 1 | AT52: 0.08721821 | AU52: 0.01369863 | AV52: 0.036363636 | AW52: 0.06122449 | AX52: 0.069418386
C53: JAKARTA雅加达 | D53: Pickup Delivery | E53: AGENT40 | F53: JKT71 | G53: CP_BANGKA | H53: CP_BANGKA | I53: CP_BANGKA | J53: CP_BANGKA | K53: 0.9 | L53: 0.94117647 | M53: 0.87804878 | N53: 0.9047619 | O53: 0.93232541 | P53: 0.9 | Q53: 0.98874741 | R53: 1.0584061 | S53: 1.0562221 | T53: 1.0677014 | U53: 0.9 | V53: 0.95617412 | W53: 0.95032751 | X53: 0.94309222 | Y53: 0.93654488 | Z53: 0.92 | AA53: 0.94495413 | AB53: 0.9434365 | AC53: 0.87910976 | AD53: 0.88518347 | AE53: 0.92 | AF53: 0.99890758 | AG53: 0.84209406 | AH53: 0.98916576 | AI53: 0.96253136 | AJ53: 0.92 | AK53: 0.96154413 | AL53: 0.95540309 | AM53: 0.9122429 | AN53: 0.93392179 | AO53: 0.99 | AP53: 1 | AQ53: 1 | AR53: 1 | AS53: 1 | AT53: 0.08721821 | AU53: 0 | AV53: 0.034482759 | AW53: 0 | AX53: 0.062181448
C54: JAKARTA雅加达 | D54: Pickup Delivery | E54: AGENT40 | F54: JKT62G | G54: CP_TANJUNG_BARAT | H54: CP_TANJUNG_BARAT | I54: CP_TANJUNG_BARAT | J54: CP_TANJUNG_BARAT | K54: 0.9 | L54: 1 | M54: 1 | N54: 1 | O54: 0.93896714 | P54: 0.9 | Q54: 0.97274104 | R54: 0.98317095 | S54: 0.93508197 | T54: 0.96667026 | U54: 0.9 | V54: 0.93286219 | W54: 0.91674048 | X54: 0.88393443 | Y54: 0.91354088 | Z54: 0.92 | AA54: 0.95216548 | AB54: 0.91139241 | AC54: 0.90150754 | AD54: 0.93781696 | AE54: 0.92 | AF54: 1 | AG54: 0.93822076 | AH54: 1 | AI54: 0.92726317 | AJ54: 0.92 | AK54: 0.96553672 | AL54: 0.96026059 | AM54: 0.93241107 | AN54: 0.96211017 | AO54: 0.99 | AP54: 1 | AQ54: 1 | AR54: 1 | AS54: 1 | AT54: 0.08721821 | AU54: 0 | AV54: 0 | AW54: 0 | AX54: 0.074135091
C55: JAKARTA雅加达 | D55: Pickup Delivery | E55: AGENT40 | F55: JKT62 | G55: CP_SRENGSENG_SAWAH | H55: CP_SRENGSENG_SAWAH | I55: CP_SRENGSENG_SAWAH | J55: CP_SRENGSENG_SAWAH | K55: 0.9 | L55: - | M55: - | N55: - | O55: - | P55: 0.9 | Q55: - | R55: - | S55: - | T55: - | U55: 0.9 | V55: - | W55: - | X55: - | Y55: - | Z55: 0.92 | AA55: - | AB55: - | AC55: - | AD55: 1 | AE55: 0.92 | AF55: - | AG55: - | AH55: - | AI55: 1 | AJ55: 0.92 | AK55: - | AL55: - | AM55: - | AN55: 1 | AO55: 0.99 | AP55: - | AQ55: - | AR55: - | AS55: 1 | AT55: 0.08721821 | AU55: - | AV55: - | AW55: - | AX55: -
C56: JAKARTA雅加达 | D56: Pickup Delivery | E56: AGENT40 | F56: JKT23P | G56: DC_PASAR_MINGGU | H56: DC_PASAR_MINGGU | I56: DC_PASAR_MINGGU | J56: DC_PASAR_MINGGU | K56: 0.9 | L56: 1 | M56: 1 | N56: 1 | O56: 0.99608185 | P56: 0.9 | Q56: 0.97905759 | R56: 0.98542184 | S56: 0.96278415 | T56: 0.97853634 | U56: 0.9 | V56: 0.93608955 | W56: 0.92152605 | X56: 0.88453028 | Y56: 0.91767588 | Z56: 0.92 | AA56: 0.94631004 | AB56: 0.89806129 | AC56: 0.89883507 | AD56: 0.94155677 | AE56: 0.92 | AF56: 0.99859393 | AG56: 0.99382716 | AH56: 0.99926606 | AI56: 0.9978135 | AJ56: 0.92 | AK56: 0.95910537 | AL56: 0.9458843 | AM56: 0.91985428 | AN56: 0.96018314 | AO56: 0.99 | AP56: 1 | AQ56: 1 | AR56: 1 | AS56: 1 | AT56: 0.08721821 | AU56: 0.061538462 | AV56: 0.027027027 | AW56: 0 | AX56: 0.056916996
C57: JAKARTA雅加达 | D57: Pickup Delivery | E57: AGENT40 | F57: JKT62C | G57: CP_CIGANJUR | H57: CP_CIGANJUR | I57: CP_CIGANJUR | J57: CP_CIGANJUR | K57: 0.9 | L57: 0.98529412 | M57: 0.98113208 | N57: 0.88135593 | O57: 0.96169561 | P57: 0.9 | Q57: 0.97632447 | R57: 0.97735478 | S57: 0.96433878 | T57: 0.97377525 | U57: 0.9 | V57: 0.93363089 | W57: 0.91499836 | X57: 0.90787519 | Y57: 0.92245474 | Z57: 0.92 | AA57: 0.94024725 | AB57: 0.94129693 | AC57: 0.94 | AD57: 0.95318097 | AE57: 0.92 | AF57: 0.98873285 | AG57: 0.95905279 | AH57: 0.97391194 | AI57: 0.9733407 | AJ57: 0.92 | AK57: 0.95884386 | AL57: 0.96170024 | AM57: 0.96318382 | AN57: 0.96995184 | AO57: 0.99 | AP57: 1 | AQ57: 1 | AR57: 1 | AS57: 1 | AT57: 0.08721821 | AU57: 0.022727273 | AV57: 0 | AW57: 0 | AX57: 0.049655172
C58: JAKARTA雅加达 | D58: Pickup Delivery | E58: AGENT40 | F58: JKT71A | G58: CP_TEGAL_PARANG | H58: CP_TEGAL_PARANG | I58: CP_TEGAL_PARANG | J58: CP_TEGAL_PARANG | K58: 0.9 | L58: 0.96666667 | M58: 0.96153846 | N58: 0.96296296 | O58: 0.98846597 | P58: 0.9 | Q58: 1.0109019 | R58: 1.0151643 | S58: 0.97608142 | T58: 0.98780061 | U58: 0.9 | V58: 0.96878097 | W58: 0.98483572 | X58: 0.96692112 | Y58: 0.95634823 | Z58: 0.92 | AA58: 0.96414141 | AB58: 0.97147385 | AC58: 0.96245211 | AD58: 0.96912775 | AE58: 0.92 | AF58: 0.99841584 | AG58: 0.98149638 | AH58: 0.98528381 | AI58: 0.98704057 | AJ58: 0.92 | AK58: 0.97181009 | AL58: 0.98212351 | AM58: 0.96832985 | AN58: 0.97685288 | AO58: 0.99 | AP58: 1 | AQ58: 1 | AR58: 1 | AS58: 1 | AT58: 0.08721821 | AU58: 0.04 | AV58: 0.13333333 | AW58: 0.055555556 | AX58: 0.055555556
C59: JAKARTA雅加达 | D59: Pickup Delivery | E59: AGENT40 | F59: JKT03E | G59: DC_PALMERAH | H59: DC_PALMERAH | I59: DC_PALMERAH | J59: DC_PALMERAH | K59: 0.9 | L59: 0.97029703 | M59: 1 | N59: 0.97560976 | O59: 0.95444526 | P59: 0.9 | Q59: 0.98185869 | R59: 1.0162102 | S59: 0.4763964 | T59: 0.97003288 | U59: 0.9 | V59: 0.78835137 | W59: 0.74427054 | X59: 0.61873874 | Y59: 0.76615219 | Z59: 0.92 | AA59: 0.93014833 | AB59: 0.90928843 | AC59: 0.85628114 | AD59: 0.92371335 | AE59: 0.92 | AF59: 0.99807024 | AG59: 0.99230769 | AH59: 0.99883901 | AI59: 0.9824384 | AJ59: 0.92 | AK59: 0.94738565 | AL59: 0.9323349 | AM59: 0.88699561 | AN59: 0.94893498 | AO59: 0.99 | AP59: 1 | AQ59: 1 | AR59: 1 | AS59: 1 | AT59: 0.08721821 | AU59: 0.015873016 | AV59: 0.054054054 | AW59: 0.06122449 | AX59: 0.062902073
C60: JAKARTA雅加达 | D60: Pickup Delivery | E60: AGENT40 | F60: JKT31J | G60: CP_KEBAYORAN_2 | H60: CP_KEBAYORAN_2 | I60: CP_KEBAYORAN_2 | J60: CP_KEBAYORAN_2 | K60: 0.9 | L60: 0.76712329 | M60: 0.92307692 | N60: 0.90163934 | O60: 0.91802493 | P60: 0.9 | Q60: 0.97439353 | R60: 0.91508539 | S60: 0.96769588 | T60: 0.96771304 | U60: 0.9 | V60: 0.79424978 | W60: 0.83372865 | X60: 0.73603427 | Y60: 0.80333211 | Z60: 0.92 | AA60: 0.87796729 | AB60: 0.97229917 | AC60: 0.93218807 | AD60: 0.94818944 | AE60: 0.92 | AF60: 0.99350204 | AG60: 0.99186257 | AH60: 0.99727395 | AI60: 0.98773602 | AJ60: 0.92 | AK60: 0.90550991 | AL60: 0.97449909 | AM60: 0.94912418 | AN60: 0.96373966 | AO60: 0.99 | AP60: 1 | AQ60: 1 | AR60: 1 | AS60: 1 | AT60: 0.08721821 | AU60: 0.018518519 | AV60: 0.022727273 | AW60: 0.018518519 | AX60: 0.058870968
C61: JAKARTA雅加达 | D61: Pickup Delivery | E61: AGENT40 | F61: JKT31I | G61: CP_PONDOK_PINANG_2 | H61: CP_PONDOK_PINANG_2 | I61: CP_PONDOK_PINANG_2 | J61: CP_PONDOK_PINANG_2 | K61: 0.9 | L61: 0.93258427 | M61: 0.89855072 | N61: 0.91780822 | O61: 0.92753623 | P61: 0.9 | Q61: 0.96078431 | R61: 0.91802326 | S61: 0.96874539 | T61: 0.96697417 | U61: 0.9 | V61: 0.85625159 | W61: 0.89825581 | X61: 0.89001917 | Y61: 0.8787332 | Z61: 0.92 | AA61: 0.94217507 | AB61: 0.96537796 | AC61: 0.94615385 | AD61: 0.962099 | AE61: 0.92 | AF61: 0.99065478 | AG61: 0.95511996 | AH61: 0.92981818 | AI61: 0.96938233 | AJ61: 0.92 | AK61: 0.95296026 | AL61: 0.97151121 | AM61: 0.96496815 | AN61: 0.97261698 | AO61: 0.99 | AP61: 1 | AQ61: 1 | AR61: 1 | AS61: 1 | AT61: 0.08721821 | AU61: 0.012048193 | AV61: 0.033898305 | AW61: 0.029850746 | AX61: 0.058617234
C62: JAKARTA雅加达 | D62: Delivery | E62: AGENT40 | F62: JKT11M | G62: DC_GELORA | H62: DC_GELORA | I62: DC_GELORA | J62: DC_GELORA | K62: 0.9 | L62: 0.93023256 | M62: 0.92857143 | N62: 0.96969697 | O62: 0.92527288 | P62: 0.9 | Q62: 1.0132944 | R62: 1.0150463 | S62: 0.84437475 | T62: 1.0100887 | U62: 0.9 | V62: 0.79993515 | W62: 0.76736111 | X62: 0.49745198 | Y62: 0.76533279 | Z62: 0.92 | AA62: 0.9398646 | AB62: 0.9463807 | AC62: 0.77154309 | AD62: 0.89724381 | AE62: 0.92 | AF62: 0.99534884 | AG62: 0.98913043 | AH62: 0.98373984 | AI62: 0.98295927 | AJ62: 0.92 | AK62: 0.95487144 | AL62: 0.9623086 | AM62: 0.75726536 | AN62: 0.91751693 | AO62: 0.99 | AP62: 1 | AQ62: 1 | AR62: 1 | AS62: 1 | AT62: 0.08721821 | AU62: 0 | AV62: 0.064516129 | AW62: 0 | AX62: 0.061032864
C63: JAKARTA雅加达 | D63: Pickup Delivery | E63: AGENT40 | F63: JKT21S | G63: DC_PESANGGRAHAN | H63: DC_PESANGGRAHAN | I63: DC_PESANGGRAHAN | J63: DC_PESANGGRAHAN | K63: 0.9 | L63: 1 | M63: 1 | N63: 0.97530864 | O63: 0.97225434 | P63: 0.9 | Q63: 0.97821818 | R63: 0.99578296 | S63: 0.99660569 | T63: 0.99197845 | U63: 0.9 | V63: 0.88073558 | W63: 0.83103739 | X63: 0.87987931 | Y63: 0.88630409 | Z63: 0.92 | AA63: 0.92330854 | AB63: 0.89360498 | AC63: 0.897923 | AD63: 0.93405905 | AE63: 0.92 | AF63: 0.97046414 | AG63: 0.94924242 | AH63: 0.96078431 | AI63: 0.95869857 | AJ63: 0.92 | AK63: 0.94858612 | AL63: 0.93504787 | AM63: 0.93534111 | AN63: 0.95794629 | AO63: 0.99 | AP63: 1 | AQ63: 1 | AR63: 1 | AS63: 1 | AT63: 0.08721821 | AU63: 0.046153846 | AV63: 0.02 | AW63: 0.047619048 | AX63: 0.084152334
C64: JAKARTA雅加达 | D64: Pickup Delivery | E64: AGENT40 | F64: JKT34 | G64: CP_LEBAK_BULUS | H64: CP_LEBAK_BULUS | I64: CP_LEBAK_BULUS | J64: CP_LEBAK_BULUS | K64: 0.9 | L64: 0.98275862 | M64: 0.94174757 | N64: 0.95 | O64: 0.95226438 | P64: 0.9 | Q64: 0.97925232 | R64: 0.98929961 | S64: 0.97330708 | T64: 0.97715638 | U64: 0.9 | V64: 0.90085094 | W64: 0.91131647 | X64: 0.81544689 | Y64: 0.85952176 | Z64: 0.92 | AA64: 0.94466812 | AB64: 0.95548545 | AC64: 0.90299039 | AD64: 0.94802028 | AE64: 0.92 | AF64: 0.99773148 | AG64: 0.96243346 | AH64: 0.9963707 | AI64: 0.97637353 | AJ64: 0.92 | AK64: 0.96407904 | AL64: 0.96532624 | AM64: 0.93223666 | AN64: 0.96492018 | AO64: 0.99 | AP64: 1 | AQ64: 1 | AR64: 1 | AS64: 0.99979735 | AT64: 0.08721821 | AU64: 0.063157895 | AV64: 0.045454545 | AW64: 0.040540541 | AX64: 0.062255115
C65: JAKARTA雅加达 | D65: Pickup Delivery | E65: AGENT40 | F65: JKT15L | G65: GUNUNG_SAHARI_01 | H65: GUNUNG_SAHARI_01 | I65: GUNUNG_SAHARI_01 | J65: GUNUNG_SAHARI_01 | K65: 0.9 | L65: 0.81818182 | M65: 0.875 | N65: 0.82539683 | O65: 0.86367925 | P65: 0.9 | Q65: 0.99272227 | R65: 0.99237963 | S65: 0.99205809 | T65: 0.97649991 | U65: 0.9 | V65: 0.85837923 | W65: 0.7835123 | X65: 0.53982301 | Y65: 0.77360095 | Z65: 0.92 | AA65: 0.93074983 | AB65: 0.94122196 | AC65: 0.64247846 | AD65: 0.90266149 | AE65: 0.92 | AF65: 0.99869234 | AG65: 0.99509116 | AH65: 0.99974893 | AI65: 0.99083694 | AJ65: 0.92 | AK65: 0.94792987 | AL65: 0.96054519 | AM65: 0.71115001 | AN65: 0.92473946 | AO65: 0.99 | AP65: 1 | AQ65: 1 | AR65: 1 | AS65: 1 | AT65: 0.08721821 | AU65: 0.03030303 | AV65: 0.058823529 | AW65: 0 | AX65: 0.064053537
C66: JAKARTA雅加达 | D66: Pickup Delivery | E66: AGENT40 | F66: JKT33K | G66: CP_KEDOYA_RAYA_2 | H66: CP_KEDOYA_RAYA_2 | I66: CP_KEDOYA_RAYA_2 | J66: CP_KEDOYA_RAYA_2 | K66: 0.9 | L66: 1 | M66: 0.82 | N66: 0.96078431 | O66: 0.94981862 | P66: 0.9 | Q66: 0.97663175 | R66: 0.98416337 | S66: 0.97194537 | T66: 0.97063691 | U66: 0.9 | V66: 0.90991136 | W66: 0.94540529 | X66: 0.86674049 | Y66: 0.91121474 | Z66: 0.92 | AA66: 0.93034826 | AB66: 0.97060175 | AC66: 0.92285156 | AD66: 0.96951953 | AE66: 0.92 | AF66: 0.99740174 | AG66: 0.96069367 | AH66: 0.99859426 | AI66: 0.99252215 | AJ66: 0.92 | AK66: 0.94441432 | AL66: 0.9773639 | AM66: 0.92947133 | AN66: 0.97665921 | AO66: 0.99 | AP66: 1 | AQ66: 1 | AR66: 1 | AS66: 1 | AT66: 0.08721821 | AU66: 0.025641026 | AV66: 0 | AW66: 0.028571429 | AX66: 0.071856287
C67: JAKARTA雅加达 | D67: Pickup Delivery | E67: AGENT40 | F67: JKT29 | G67: GADING_GRIYA_L | H67: GADING_GRIYA_L | I67: GADING_GRIYA_L | J67: GADING_GRIYA_L | K67: 0.9 | L67: - | M67: - | N67: - | O67: - | P67: 0.9 | Q67: - | R67: - | S67: - | T67: - | U67: 0.9 | V67: - | W67: - | X67: - | Y67: - | Z67: 0.92 | AA67: - | AB67: - | AC67: - | AD67: - | AE67: 0.92 | AF67: - | AG67: - | AH67: - | AI67: - | AJ67: 0.92 | AK67: - | AL67: - | AM67: - | AN67: - | AO67: 0.99 | AP67: - | AQ67: - | AR67: - | AS67: - | AT67: 0.08721821 | AU67: - | AV67: - | AW67: - | AX67: -
C68: JAKARTA雅加达 | D68: Pickup Delivery | E68: AGENT40 | F68: JKT07U | G68: DC_KELAPA_GADING | H68: DC_KELAPA_GADING | I68: DC_KELAPA_GADING | J68: DC_KELAPA_GADING | K68: 0.9 | L68: 0.95402299 | M68: 0.98701299 | N68: 0.94736842 | O68: 0.95090016 | P68: 0.9 | Q68: 0.99067874 | R68: 0.97661958 | S68: 0.96798955 | T68: 0.98505047 | U68: 0.9 | V68: 0.85230406 | W68: 0.82781296 | X68: 0.72382819 | Y68: 0.81327463 | Z68: 0.92 | AA68: 0.93136235 | AB68: 0.93087318 | AC68: 0.87198689 | AD68: 0.93209881 | AE68: 0.92 | AF68: 0.9945997 | AG68: 0.95674044 | AH68: 0.99365482 | AI68: 0.99177095 | AJ68: 0.92 | AK68: 0.94462586 | AL68: 0.94352708 | AM68: 0.89127735 | AN68: 0.95031587 | AO68: 0.99 | AP68: 1 | AQ68: 1 | AR68: 1 | AS68: 1 | AT68: 0.08721821 | AU68: 0.043478261 | AV68: 0.038461538 | AW68: 0.016129032 | AX68: 0.061728395
C69: JAKARTA雅加达 | D69: Pickup Delivery | E69: AGENT40 | F69: JKT15K | G69: DC_KEMAYORAN | H69: DC_KEMAYORAN | I69: DC_KEMAYORAN | J69: DC_KEMAYORAN | K69: 0.9 | L69: 0.95934959 | M69: 0.97222222 | N69: 0.96938776 | O69: 0.95256917 | P69: 0.9 | Q69: 0.98641975 | R69: 0.98851652 | S69: 0.98581326 | T69: 0.98221239 | U69: 0.9 | V69: 0.89876543 | W69: 0.86876025 | X69: 0.76344441 | Y69: 0.85708965 | Z69: 0.92 | AA69: 0.92699284 | AB69: 0.9435608 | AC69: 0.84133271 | AD69: 0.92493394 | AE69: 0.92 | AF69: 0.96827379 | AG69: 0.91723614 | AH69: 0.99313259 | AI69: 0.98316185 | AJ69: 0.92 | AK69: 0.94753772 | AL69: 0.95849421 | AM69: 0.87898397 | AN69: 0.94834592 | AO69: 0.99 | AP69: 1 | AQ69: 1 | AR69: 1 | AS69: 1 | AT69: 0.08721821 | AU69: 0.031914894 | AV69: 0.048780488 | AW69: 0.025 | AX69: 0.058093126
C70: JAKARTA雅加达 | D70: Pickup Delivery | E70: AGENT40 | F70: JKT63B | G70: CP_KOJA_1 | H70: CP_KOJA_1 | I70: CP_KOJA_1 | J70: CP_KOJA_1 | K70: 0.9 | L70: 0.97452229 | M70: 0.96078431 | N70: 0.95424837 | O70: 0.94153132 | P70: 0.9 | Q70: 0.97748042 | R70: 0.97656162 | S70: 0.97554075 | T70: 0.97428613 | U70: 0.9 | V70: 0.86757507 | W70: 0.86542559 | X70: 0.85762526 | Y70: 0.83656539 | Z70: 0.92 | AA70: 0.93207373 | AB70: 0.95183867 | AC70: 0.93511299 | AD70: 0.94619437 | AE70: 0.92 | AF70: 0.71500973 | AG70: 0.97015827 | AH70: 0.99433197 | AI70: 0.96948012 | AJ70: 0.92 | AK70: 0.95193805 | AL70: 0.96277122 | AM70: 0.95358126 | AN70: 0.96178535 | AO70: 0.99 | AP70: 1 | AQ70: 1 | AR70: 1 | AS70: 1 | AT70: 0.08721821 | AU70: 0.030534351 | AV70: 0.052631579 | AW70: 0 | AX70: 0.057997784
C71: JAKARTA雅加达 | D71: Pickup Delivery | E71: AGENT40 | F71: JKT39O | G71: CP_TANJUNG_DUREN_2 | H71: CP_TANJUNG_DUREN_2 | I71: CP_TANJUNG_DUREN_2 | J71: CP_TANJUNG_DUREN_2 | K71: 0.9 | L71: 0.95454545 | M71: 0.90566038 | N71: 0.89583333 | O71: 0.93196544 | P71: 0.9 | Q71: 0.95632712 | R71: 0.89194534 | S71: 0.92805508 | T71: 0.94023955 | U71: 0.9 | V71: 0.90345996 | W71: 0.87882057 | X71: 0.84681583 | Y71: 0.88496827 | Z71: 0.92 | AA71: 0.94563843 | AB71: 0.98510079 | AC71: 0.93913829 | AD71: 0.96059987 | AE71: 0.92 | AF71: 0.98468082 | AG71: 0.97601258 | AH71: 0.98329545 | AI71: 0.9775848 | AJ71: 0.92 | AK71: 0.96234461 | AL71: 0.97766781 | AM71: 0.96231156 | AN71: 0.97314319 | AO71: 0.99 | AP71: 1 | AQ71: 1 | AR71: 1 | AS71: 1 | AT71: 0.08721821 | AU71: 0.020833333 | AV71: 0.071428571 | AW71: 0.18367347 | AX71: 0.079268293
C72: JAKARTA雅加达 | D72: Pickup Delivery | E72: AGENT40 | F72: JKT32L | G72: CP_KOSAMBI_BARU_1 | H72: CP_KOSAMBI_BARU_1 | I72: CP_KOSAMBI_BARU_1 | J72: CP_KOSAMBI_BARU_1 | K72: 0.9 | L72: 0.93548387 | M72: 0.81707317 | N72: 0.86075949 | O72: 0.83564208 | P72: 0.9 | Q72: 0.9730934 | R72: 1.004586 | S72: 1.0034169 | T72: 0.92461149 | U72: 0.9 | V72: 0.82536418 | W72: 0.84764331 | X72: 0.76518603 | Y72: 0.78845067 | Z72: 0.92 | AA72: 0.88480947 | AB72: 0.90219934 | AC72: 0.86600306 | AD72: 0.88451987 | AE72: 0.92 | AF72: 0.99693364 | AG72: 0.98834142 | AH72: 0.99796838 | AI72: 0.96125373 | AJ72: 0.92 | AK72: 0.91494737 | AL72: 0.93239216 | AM72: 0.89779809 | AN72: 0.92140866 | AO72: 0.99 | AP72: 1 | AQ72: 1 | AR72: 1 | AS72: 1 | AT72: 0.08721821 | AU72: 0.052631579 | AV72: 0.024390244 | AW72: 0 | AX72: 0.054034049
C73: JAKARTA雅加达 | D73: Pickup Delivery | E73: AGENT40 | F73: JKT35E | G73: CP_RAWA_BUAYA_2 | H73: CP_RAWA_BUAYA_2 | I73: CP_RAWA_BUAYA_2 | J73: CP_RAWA_BUAYA_2 | K73: 0.9 | L73: 0.92913386 | M73: 0.92913386 | N73: 0.90697674 | O73: 0.95487959 | P73: 0.9 | Q73: 0.93475399 | R73: 0.95315114 | S73: 0.89261624 | T73: 0.92534735 | U73: 0.9 | V73: 0.8424387 | W73: 0.87038483 | X73: 0.76220883 | Y73: 0.78293849 | Z73: 0.92 | AA73: 0.91465517 | AB73: 0.96223464 | AC73: 0.89818128 | AD73: 0.93644723 | AE73: 0.92 | AF73: 0.97765444 | AG73: 0.9318265 | AH73: 0.99132517 | AI73: 0.96399718 | AJ73: 0.92 | AK73: 0.93990639 | AL73: 0.96825751 | AM73: 0.92347368 | AN73: 0.95209822 | AO73: 0.99 | AP73: 1 | AQ73: 1 | AR73: 1 | AS73: 1 | AT73: 0.08721821 | AU73: 0.011235955 | AV73: 0 | AW73: 0.025 | AX73: 0.054476351
C74: JAKARTA雅加达 | D74: Pickup Delivery | E74: AGENT40 | F74: JKT38 | G74: CP_PERMATA_PALEM_1 | H74: CP_PERMATA_PALEM_1 | I74: CP_PERMATA_PALEM_1 | J74: CP_PERMATA_PALEM_1 | K74: 0.9 | L74: 0.93518519 | M74: 0.92631579 | N74: 0.87234043 | O74: 0.88706926 | P74: 0.9 | Q74: 1.0119681 | R74: 0.9839513 | S74: 1.0162491 | T74: 1.0114953 | U74: 0.9 | V74: 0.90580674 | W74: 0.91145545 | X74: 0.88712478 | Y74: 0.83593172 | Z74: 0.92 | AA74: 0.92629384 | AB74: 0.95467264 | AC74: 0.8940784 | AD74: 0.88723485 | AE74: 0.92 | AF74: 0.99901271 | AG74: 0.98472293 | AH74: 0.99801938 | AI74: 0.99145095 | AJ74: 0.92 | AK74: 0.95165801 | AL74: 0.9676545 | AM74: 0.93142173 | AN74: 0.93029287 | AO74: 0.99 | AP74: 1 | AQ74: 1 | AR74: 1 | AS74: 1 | AT74: 0.08721821 | AU74: 0.032258065 | AV74: 0 | AW74: 0 | AX74: 0.054095827
C75: JAKARTA雅加达 | D75: Pickup Delivery | E75: AGENT40 | F75: JKT35F | G75: CP_KALIDERES | H75: CP_KALIDERES | I75: CP_KALIDERES | J75: CP_KALIDERES | K75: 0.9 | L75: 0.92391304 | M75: 0.93258427 | N75: 0.93975904 | O75: 0.9467433 | P75: 0.9 | Q75: 0.9837482 | R75: 0.9415505 | S75: 0.98064516 | T75: 0.9753891 | U75: 0.9 | V75: 0.8991977 | W75: 0.89190511 | X75: 0.87053763 | Y75: 0.88741324 | Z75: 0.92 | AA75: 0.92378902 | AB75: 0.9321066 | AC75: 0.90024707 | AD75: 0.9498414 | AE75: 0.92 | AF75: 0.74234857 | AG75: 0.99898312 | AH75: 0.99827288 | AI75: 0.98178011 | AJ75: 0.92 | AK75: 0.94435111 | AL75: 0.95469769 | AM75: 0.93137007 | AN75: 0.96484889 | AO75: 0.99 | AP75: 1 | AQ75: 1 | AR75: 1 | AS75: 1 | AT75: 0.08721821 | AU75: 0.05 | AV75: 0 | AW75: 0.037037037 | AX75: 0.053946054
C76: JAKARTA雅加达 | D76: Pickup Delivery | E76: AGENT40 | F76: JKT35G | G76: CP_NEW_KAPUK | H76: CP_NEW_KAPUK | I76: CP_NEW_KAPUK | J76: CP_NEW_KAPUK | K76: 0.9 | L76: 0.88421053 | M76: 0.88297872 | N76: 0.81318681 | O76: 0.88555133 | P76: 0.9 | Q76: 0.98679533 | R76: 0.77590991 | S76: 0.95946844 | T76: 0.90044016 | U76: 0.9 | V76: 0.80514644 | W76: 0.80789946 | X76: 0.74667774 | Y76: 0.76579677 | Z76: 0.92 | AA76: 0.91831683 | AB76: 0.92798971 | AC76: 0.91256698 | AD76: 0.93464082 | AE76: 0.92 | AF76: 0.99756729 | AG76: 0.98350855 | AH76: 0.99960953 | AI76: 0.98254234 | AJ76: 0.92 | AK76: 0.93840693 | AL76: 0.94933869 | AM76: 0.92598441 | AN76: 0.95069622 | AO76: 0.99 | AP76: 1 | AQ76: 1 | AR76: 1 | AS76: 1 | AT76: 0.08721821 | AU76: 0.086956522 | AV76: 0.071428571 | AW76: 0.025641026 | AX76: 0.069518717
C77: JAKARTA雅加达 | D77: Pickup Delivery | E77: AGENT40 | F77: JKT01J | G77: KAPUK_RAYA | H77: KAPUK_RAYA | I77: KAPUK_RAYA | J77: KAPUK_RAYA | K77: 0.9 | L77: 1 | M77: 1 | N77: 1 | O77: 0.94386694 | P77: 0.9 | Q77: 0.86982694 | R77: 0.82694414 | S77: 0.87713588 | T77: 0.94487965 | U77: 0.9 | V77: 0.86606471 | W77: 0.85980285 | X77: 0.83238405 | Y77: 0.85975817 | Z77: 0.92 | AA77: 0.74453024 | AB77: 0.90200445 | AC77: 0.9113082 | AD77: 0.93606273 | AE77: 0.92 | AF77: 0.99669435 | AG77: 0.99978974 | AH77: 0.99968449 | AI77: 0.98403823 | AJ77: 0.92 | AK77: 0.8379869 | AL77: 0.90755686 | AM77: 0.93676815 | AN77: 0.95784877 | AO77: 0.99 | AP77: 1 | AQ77: 1 | AR77: 1 | AS77: 1 | AT77: 0.08721821 | AU77: 0 | AV77: 0 | AW77: 0.083333333 | AX77: 0.044198895
C78: JAKARTA雅加达 | D78: Pickup Delivery | E78: AGENT40 | F78: JKT01V | G78: DC_PEGADUNGAN | H78: DC_PEGADUNGAN | I78: DC_PEGADUNGAN | J78: DC_PEGADUNGAN | K78: 0.9 | L78: 0.96385542 | M78: 0.97183099 | N78: 0.92307692 | O78: 0.94559017 | P78: 0.9 | Q78: 1.050138 | R78: 1.083127 | S78: 1.0847637 | T78: 1.0798808 | U78: 0.9 | V78: 0.95814167 | W78: 0.95790591 | X78: 0.95352522 | Y78: 0.95214873 | Z78: 0.92 | AA78: 0.93511866 | AB78: 0.94411178 | AC78: 0.93481932 | AD78: 0.95188569 | AE78: 0.92 | AF78: 0.99914966 | AG78: 0.99825708 | AH78: 0.99709443 | AI78: 0.95520698 | AJ78: 0.92 | AK78: 0.95447119 | AL78: 0.96459016 | AM78: 0.95454545 | AN78: 0.96915758 | AO78: 0.99 | AP78: 1 | AQ78: 1 | AR78: 1 | AS78: 1 | AT78: 0.08721821 | AU78: 0.03030303 | AV78: 0.047619048 | AW78: 0.03125 | AX78: 0.085260116
C79: JAKARTA雅加达 | D79: Pickup Delivery | E79: AGENT40 | F79: JKT09A | G79: ANCOL | H79: ANCOL | I79: ANCOL | J79: ANCOL | K79: 0.9 | L79: 0.91764706 | M79: 0.69135802 | N79: 0.89189189 | O79: 0.9192389 | P79: 0.9 | Q79: 0.92267406 | R79: 0.83946811 | S79: 0.90994437 | T79: 0.9135768 | U79: 0.9 | V79: 0.8806223 | W79: 0.86625554 | X79: 0.87534771 | Y79: 0.9047536 | Z79: 0.92 | AA79: 0.97494741 | AB79: 0.96746988 | AC79: 0.94016 | AD79: 0.97723937 | AE79: 0.92 | AF79: 0.99663023 | AG79: 0.99555738 | AH79: 0.9511428 | AI79: 0.98485156 | AJ79: 0.92 | AK79: 0.96932254 | AL79: 0.94758359 | AM79: 0.94300518 | AN79: 0.98185431 | AO79: 0.99 | AP79: 1 | AQ79: 1 | AR79: 1 | AS79: 1 | AT79: 0.08721821 | AU79: 0 | AV79: 0.058823529 | AW79: 0 | AX79: 0.04521477
... C91: TANGERANG唐格朗 | D91: Pickup Delivery | E91: AGENT12 | F91: SEG05C | G91: PEJATEN_MAS | H91: PEJATEN_MAS | I91: PEJATEN_MAS | J91: PEJATEN_MAS | K91: 0.9 | L91: 0.96551724 | M91: 0.9375 | N91: 0.92105263 | O91: 0.94749499 | P91: 0.9 | Q91: 0.91459075 | R91: 0.87698222 | S91: 0.87015213 | T91: 0.89200712 | U91: 0.9 | V91: 0.83821517 | W91: 0.81811629 | X91: 0.81272766 | Y91: 0.84313167 | Z91: 0.92 | AA91: 0.92984542 | AB91: 0.89747191 | AC91: 0.86062718 | AD91: 0.9201678 | AE91: 0.92 | AF91: 0.99636552 | AG91: 0.95238095 | AH91: 0.99274885 | AI91: 0.98543811 | AJ91: 0.92 | AK91: 0.94787002 | AL91: 0.93939936 | AM91: 0.91321363 | AN91: 0.9501255 | AO91: 0.99 | AP91: 1 | AQ91: 1 | AR91: 1 | AS91: 1 | AT91: 0.1052615 | AU91: 0 | AV91: 0.025641026 | AW91: 0.090909091 | AX91: 0.078163772
C92: TANGERANG唐格朗 | D92: Pickup Delivery | E92: AGENT12 | F92: CIL07A | G92: PELABUHAN_MERAK | H92: PELABUHAN_MERAK | I92: PELABUHAN_MERAK | J92: PELABUHAN_MERAK | K92: 0.9 | L92: 0.94736842 | M92: 0.98245614 | N92: 0.92982456 | O92: 0.94217687 | P92: 0.9 | Q92: 1 | R92: - | S92: - | T92: 0.55555556 | U92: 0.9 | V92: 0 | W92: - | X92: - | Y92: 0.44444444 | Z92: 0.92 | AA92: 0.92713366 | AB92: 0.95581655 | AC92: 0.94794069 | AD92: 0.95406051 | AE92: 0.92 | AF92: 0.96527778 | AG92: 0.94814815 | AH92: 0.97560976 | AI92: 0.86485746 | AJ92: 0.92 | AK92: 0.94534535 | AL92: 0.96272545 | AM92: 0.9570679 | AN92: 0.96525606 | AO92: 0.99 | AP92: 1 | AQ92: 1 | AR92: 1 | AS92: 1 | AT92: 0.1052615 | AU92: 0.066666667 | AV92: 0.076923077 | AW92: 0.13333333 | AX92: 0.072555205
C93: TANGERANG唐格朗 | D93: Pickup Delivery | E93: AGENT12 | F93: CIL01A | G93: PERUMNAS_RAYA | H93: PERUMNAS_RAYA | I93: PERUMNAS_RAYA | J93: PERUMNAS_RAYA | K93: 0.9 | L93: 0.93442623 | M93: 0.93220339 | N93: 0.91525424 | O93: 0.94986376 | P93: 0.9 | Q93: 0.94095382 | R93: 0.95707763 | S93: 0.93899591 | T93: 0.93591509 | U93: 0.9 | V93: 0.8663891 | W93: 0.8739726 | X93: 0.82078225 | Y93: 0.86738034 | Z93: 0.92 | AA93: 0.91508238 | AB93: 0.91097666 | AC93: 0.92674455 | AD93: 0.93865712 | AE93: 0.92 | AF93: 0.99850969 | AG93: 0.99036609 | AH93: 0.98130841 | AI93: 0.97097091 | AJ93: 0.92 | AK93: 0.93212121 | AL93: 0.95973909 | AM93: 0.94258446 | AN93: 0.95912701 | AO93: 0.99 | AP93: 1 | AQ93: 1 | AR93: 1 | AS93: 1 | AT93: 0.1052615 | AU93: 0.041666667 | AV93: 0.04 | AW93: 0.041666667 | AX93: 0.077764277
C94: TANGERANG唐格朗 | D94: Pickup Delivery | E94: AGENT12 | F94: SNG09C | G94: PALKA_CIOMAS | H94: PALKA_CIOMAS | I94: PALKA_CIOMAS | J94: PALKA_CIOMAS | K94: 0.9 | L94: 0.97560976 | M94: 0.88607595 | N94: 0.8902439 | O94: 0.9231738 | P94: 0.9 | Q94: - | R94: 0 | S94: - | T94: 0.82352941 | U94: 0.9 | V94: - | W94: 0 | X94: - | Y94: 0.79411765 | Z94: 0.92 | AA94: 0.95761079 | AB94: 0.97563997 | AC94: 0.96505824 | AD94: 0.96938363 | AE94: 0.92 | AF94: 0.9943101 | AG94: 0.98963731 | AH94: 0.99406528 | AI94: 0.97465403 | AJ94: 0.92 | AK94: 0.96760563 | AL94: 0.977722 | AM94: 0.97360886 | AN94: 0.9777899 | AO94: 0.99 | AP94: 1 | AQ94: 1 | AR94: 1 | AS94: 1 | AT94: 0.1052615 | AU94: 0 | AV94: 0.047619048 | AW94: 0.03125 | AX94: 0.048013245
C95: TANGERANG唐格朗 | D95: Pickup Delivery | E95: AGENT12 | F95: CIL03A | G95: CITANGKIL | H95: CITANGKIL | I95: CITANGKIL | J95: CITANGKIL | K95: 0.9 | L95: 0.97560976 | M95: 0.975 | N95: 0.97435897 | O95: 0.96774194 | P95: 0.9 | Q95: 0.92221567 | R95: 0.91988255 | S95: 0.9139429 | T95: 0.92299587 | U95: 0.9 | V95: 0.88862699 | W95: 0.87458054 | X95: 0.89160116 | Y95: 0.89553056 | Z95: 0.92 | AA95: 0.96009577 | AB95: 0.94993582 | AC95: 0.95495495 | AD95: 0.95874373 | AE95: 0.92 | AF95: 0.98915401 | AG95: 0.82278481 | AH95: 0.94074074 | AI95: 0.97762965 | AJ95: 0.92 | AK95: 0.9664924 | AL95: 0.96366509 | AM95: 0.96598189 | AN95: 0.97154184 | AO95: 0.99 | AP95: 1 | AQ95: 1 | AR95: 1 | AS95: 1 | AT95: 0.1052615 | AU95: 0.066666667 | AV95: 0 | AW95: 0 | AX95: 0.063938619
C96: TANGERANG唐格朗 | D96: Pickup Delivery | E96: AGENT12 | F96: CIL05A | G96: DP_PANGGUNGRAWI | H96: DP_PANGGUNGRAWI | I96: DP_PANGGUNGRAWI | J96: DP_PANGGUNGRAWI | K96: 0.9 | L96: 0.84745763 | M96: 0.83333333 | N96: 0.81481481 | O96: 0.83101992 | P96: 0.9 | Q96: 1 | R96: 1 | S96: 0.92857143 | T96: 0.71014493 | U96: 0.9 | V96: 0.66666667 | W96: 0 | X96: 0.35714286 | Y96: 0.27536232 | Z96: 0.92 | AA96: 0.89480874 | AB96: 0.85800604 | AC96: 0.89790795 | AD96: 0.88708018 | AE96: 0.92 | AF96: 0.95416667 | AG96: 0.86956522 | AH96: 0.4 | AI96: 0.86292585 | AJ96: 0.92 | AK96: 0.92265446 | AL96: 0.90847458 | AM96: 0.9212167 | AN96: 0.92617901 | AO96: 0.99 | AP96: 1 | AQ96: 1 | AR96: 1 | AS96: 1 | AT96: 0.1052615 | AU96: 0.18181818 | AV96: 0 | AW96: 0 | AX96: 0.098739496
C97: TANGERANG唐格朗 | D97: Pickup Delivery | E97: AGENT12 | F97: SNG15 | G97: PONTANG_RAYA | H97: PONTANG_RAYA | I97: PONTANG_RAYA | J97: PONTANG_RAYA | K97: 0.9 | L97: 1 | M97: 0.89473684 | N97: 0.8852459 | O97: 0.93677205 | P97: 0.9 | Q97: 0.5 | R97: 0.6 | S97: 1 | T97: 0.66666667 | U97: 0.9 | V97: 0 | W97: 0.4 | X97: 1 | Y97: 0.55555556 | Z97: 0.92 | AA97: 0.95183673 | AB97: 0.97981651 | AC97: 0.97552196 | AD97: 0.97197373 | AE97: 0.92 | AF97: 0.9893617 | AG97: 0.95744681 | AH97: 1 | AI97: 0.98116517 | AJ97: 0.92 | AK97: 0.9631994 | AL97: 0.97992816 | AM97: 0.98352941 | AN97: 0.9799564 | AO97: 0.99 | AP97: 1 | AQ97: 1 | AR97: 1 | AS97: 1 | AT97: 0.1052615 | AU97: 0 | AV97: 0 | AW97: 0 | AX97: 0.10158014
C98: TANGERANG唐格朗 | D98: Pickup Delivery | E98: AGENT12 | F98: CIL05B | G98: CIL05B | H98: CIL05B | I98: CIL05B | J98: CIL05B | K98: 0.9 | L98: 0.93220339 | M98: 0.92982456 | N98: 0.9245283 | O98: 0.94248292 | P98: 0.9 | Q98: 0.96036937 | R98: 0.97285068 | S98: 0.95769683 | T98: 0.9590337 | U98: 0.9 | V98: 0.88110812 | W98: 0.88446456 | X98: 0.83313749 | Y98: 0.85395664 | Z98: 0.92 | AA98: 0.93427732 | AB98: 0.94033838 | AC98: 0.91058218 | AD98: 0.93586995 | AE98: 0.92 | AF98: 0.85490196 | AG98: 0.72375691 | AH98: 0.98598131 | AI98: 0.95130414 | AJ98: 0.92 | AK98: 0.94985809 | AL98: 0.96939005 | AM98: 0.93876611 | AN98: 0.95836343 | AO98: 0.99 | AP98: 1 | AQ98: 1 | AR98: 1 | AS98: 1 | AT98: 0.1052615 | AU98: 0 | AV98: 0.066666667 | AW98: 0 | AX98: 0.082822086
C99: TANGERANG唐格朗 | D99: Pickup Delivery | E99: AGENT12 | F99: SNG25 | G99: PANTAI_ANYER | H99: PANTAI_ANYER | I99: PANTAI_ANYER | J99: PANTAI_ANYER | K99: 0.9 | L99: 0.96153846 | M99: 0.97959184 | N99: 0.88461538 | O99: 0.95618051 | P99: 0.9 | Q99: - | R99: - | S99: 1 | T99: 0.3255814 | U99: 0.9 | V99: - | W99: - | X99: 1 | Y99: 0.76744186 | Z99: 0.92 | AA99: 0.96363636 | AB99: 0.98506637 | AC99: 0.98268581 | AD99: 0.98368637 | AE99: 0.92 | AF99: 0.95918367 | AG99: 0.97916667 | AH99: 0.94039735 | AI99: 0.9512347 | AJ99: 0.92 | AK99: 0.97622125 | AL99: 0.986053 | AM99: 0.98624116 | AN99: 0.98720477 | AO99: 0.99 | AP99: 1 | AQ99: 1 | AR99: 1 | AS99: 1 | AT99: 0.1052615 | AU99: 0.11111111 | AV99: 0 | AW99: 0.16666667 | AX99: 0.088948787
C100: TANGERANG唐格朗 | D100: Pickup Delivery | E100: AGENT12 | F100: CIL04A | G100: CIWANDAN | H100: CIWANDAN | I100: CIWANDAN | J100: CIWANDAN | K100: 0.9 | L100: 0.90566038 | M100: 0.95744681 | N100: 0.94339623 | O100: 0.94522293 | P100: 0.9 | Q100: 0.95506128 | R100: 0.98824867 | S100: 0.9676451 | T100: 0.95779926 | U100: 0.9 | V100: 0.86836133 | W100: 0.88021228 | X100: 0.87625083 | Y100: 0.86362971 | Z100: 0.92 | AA100: 0.94089511 | AB100: 0.92227378 | AC100: 0.9408284 | AD100: 0.94663322 | AE100: 0.92 | AF100: 0.93258427 | AG100: 0.83088235 | AH100: 0.97268908 | AI100: 0.97197461 | AJ100: 0.92 | AK100: 0.95649641 | AL100: 0.96241458 | AM100: 0.96295607 | AN100: 0.96852837 | AO100: 0.99 | AP100: 1 | AQ100: 1 | AR100: 1 | AS100: 1 | AT100: 0.1052615 | AU100: 0.25 | AV100: 0 | AW100: 0 | AX100: 0.092879257
C101: TANGERANG唐格朗 | D101: Pickup Delivery | E101: AGENT12 | F101: SEG04A | G101: TAKTAKAN_JAYA | H101: TAKTAKAN_JAYA | I101: TAKTAKAN_JAYA | J101: TAKTAKAN_JAYA | K101: 0.9 | L101: 0.98571429 | M101: 0.97058824 | N101: 0.92 | O101: 0.94241573 | P101: 0.9 | Q101: 0.98031935 | R101: 0.96453055 | S101: 0.91686321 | T101: 0.94264519 | U101: 0.9 | V101: 0.91013739 | W101: 0.90938897 | X101: 0.91774764 | Y101: 0.91161969 | Z101: 0.92 | AA101: 0.93514916 | AB101: 0.93578767 | AC101: 0.94168201 | AD101: 0.95198318 | AE101: 0.92 | AF101: 0.70341207 | AG101: 0.72049689 | AH101: 0.96350365 | AI101: 0.92128076 | AJ101: 0.92 | AK101: 0.94927647 | AL101: 0.96685083 | AM101: 0.96150376 | AN101: 0.97066915 | AO101: 0.99 | AP101: 1 | AQ101: 1 | AR101: 1 | AS101: 1 | AT101: 0.1052615 | AU101: 0.066666667 | AV101: 0.2 | AW101: 0.034482759 | AX101: 0.067625899
C102: TANGERANG唐格朗 | D102: Pickup Delivery | E102: AGENT12 | F102: SEG03C | G102: UNYUR_JAYA | H102: UNYUR_JAYA | I102: UNYUR_JAYA | J102: UNYUR_JAYA | K102: 0.9 | L102: 0.98484848 | M102: 0.90322581 | N102: 0.9 | O102: 0.94504366 | P102: 0.9 | Q102: 0.9217013 | R102: 0.95381679 | S102: 0.94769568 | T102: 0.93306702 | U102: 0.9 | V102: 0.91928468 | W102: 0.89045802 | X102: 0.90855889 | Y102: 0.89248508 | Z102: 0.92 | AA102: 0.95164474 | AB102: 0.93648961 | AC102: 0.95282224 | AD102: 0.95182727 | AE102: 0.92 | AF102: 0.94712286 | AG102: 0.82943925 | AH102: 0.98787529 | AI102: 0.98325107 | AJ102: 0.92 | AK102: 0.9617337 | AL102: 0.96877685 | AM102: 0.96671887 | AN102: 0.9687961 | AO102: 0.99 | AP102: 1 | AQ102: 1 | AR102: 1 | AS102: 1 | AT102: 0.1052615 | AU102: 0.045454545 | AV102: 0 | AW102: 0 | AX102: 0.10408163
C103: TANGERANG唐格朗 | D103: Pickup Delivery | E103: AGENT12 | F103: BAL12A | G103: SURADITA_CISAUK | H103: SURADITA_CISAUK | I103: SURADITA_CISAUK | J103: SURADITA_CISAUK | K103: 0.9 | L103: - | M103: - | N103: - | O103: 0.92035398 | P103: 0.9 | Q103: 0 | R103: 0 | S103: 0 | T103: 0.92069016 | U103: 0.9 | V103: 1 | W103: 1 | X103: 1 | Y103: 0.86338905 | Z103: 0.92 | AA103: 1 | AB103: - | AC103: 1 | AD103: 0.9746159 | AE103: 0.92 | AF103: - | AG103: - | AH103: - | AI103: 0.97042473 | AJ103: 0.92 | AK103: 1 | AL103: 1 | AM103: 1 | AN103: 0.98496774 | AO103: 0.99 | AP103: - | AQ103: - | AR103: - | AS103: 1 | AT103: 0.1052615 | AU103: - | AV103: - | AW103: - | AX103: 0.04494382
C104: TANGERANG唐格朗 | D104: Pickup Delivery | E104: AGENT12 | F104: CIP07A | G104: BAKTI_JAYA | H104: BAKTI_JAYA | I104: BAKTI_JAYA | J104: BAKTI_JAYA | K104: 0.9 | L104: - | M104: - | N104: - | O104: - | P104: 0.9 | Q104: - | R104: - | S104: - | T104: 1 | U104: 0.9 | V104: - | W104: - | X104: - | Y104: 1 | Z104: 0.92 | AA104: - | AB104: - | AC104: - | AD104: - | AE104: 0.92 | AF104: - | AG104: - | AH104: - | AI104: - | AJ104: 0.92 | AK104: - | AL104: - | AM104: - | AN104: 1 | AO104: 0.99 | AP104: - | AQ104: - | AR104: - | AS104: - | AT104: 0.1052615 | AU104: - | AV104: - | AW104: - | AX104: -
C105: TANGERANG唐格朗 | D105: Pickup Delivery | E105: AGENT12 | F105: CIP02D | G105: RODA_HIAS | H105: RODA_HIAS | I105: RODA_HIAS | J105: RODA_HIAS | K105: 0.9 | L105: 0.95454545 | M105: 1 | N105: 1 | O105: 0.94153052 | P105: 0.9 | Q105: 0.94777448 | R105: 0.93949305 | S105: 0.87291435 | T105: 0.91699984 | U105: 0.9 | V105: 0.90445104 | W105: 0.91251022 | X105: 0.81479422 | Y105: 0.87113244 | Z105: 0.92 | AA105: 0.95113012 | AB105: 0.96685083 | AC105: 0.93418367 | AD105: 0.95167449 | AE105: 0.92 | AF105: 0.99511897 | AG105: 0.97230769 | AH105: 0.99766355 | AI105: 0.96970458 | AJ105: 0.92 | AK105: 0.96770317 | AL105: 0.9815091 | AM105: 0.94925319 | AN105: 0.96710803 | AO105: 0.99 | AP105: 1 | AQ105: 1 | AR105: 1 | AS105: 1 | AT105: 0.1052615 | AU105: 0 | AV105: 0.04 | AW105: 0 | AX105: 0.097813579
C106: TANGERANG唐格朗 | D106: Pickup Delivery | E106: AGENT12 | F106: CIP02E | G106: TERAS_KOTA | H106: TERAS_KOTA | I106: TERAS_KOTA | J106: TERAS_KOTA | K106: 0.9 | L106: 1 | M106: 0.95918367 | N106: 0.93333333 | O106: 0.92749462 | P106: 0.9 | Q106: 0.95964003 | R106: 0.96747405 | S106: 0.94648318 | T106: 0.91999052 | U106: 0.9 | V106: 0.901009 | W106: 0.90692042 | X106: 0.85066259 | Y106: 0.87226174 | Z106: 0.92 | AA106: 0.91700715 | AB106: 0.90597453 | AC106: 0.90511265 | AD106: 0.93165039 | AE106: 0.92 | AF106: 0.99202487 | AG106: 0.75896552 | AH106: 0.99573379 | AI106: 0.9685383 | AJ106: 0.92 | AK106: 0.94611644 | AL106: 0.96140082 | AM106: 0.93552526 | AN106: 0.96033437 | AO106: 0.99 | AP106: 1 | AQ106: 1 | AR106: 1 | AS106: 1 | AT106: 0.1052615 | AU106: 0 | AV106: 0.090909091 | AW106: 0.083333333 | AX106: 0.083453237
C107: TANGERANG唐格朗 | D107: Pickup Delivery | E107: AGENT12 | F107: CIP05I | G107: PONDOK_PUCUNG | H107: PONDOK_PUCUNG | I107: PONDOK_PUCUNG | J107: PONDOK_PUCUNG | K107: 0.9 | L107: - | M107: - | N107: - | O107: 0.95412844 | P107: 0.9 | Q107: 0 | R107: 0 | S107: 0 | T107: 0.9436788 | U107: 0.9 | V107: 1 | W107: 1 | X107: 1 | Y107: 0.9201263 | Z107: 0.92 | AA107: 1 | AB107: 1 | AC107: 1 | AD107: 0.97161203 | AE107: 0.92 | AF107: - | AG107: - | AH107: - | AI107: 0.98898581 | AJ107: 0.92 | AK107: 1 | AL107: 1 | AM107: 1 | AN107: 0.98139097 | AO107: 0.99 | AP107: - | AQ107: - | AR107: - | AS107: 1 | AT107: 0.1052615 | AU107: - | AV107: - | AW107: - | AX107: 0.050955414
C108: TANGERANG唐格朗 | D108: Pickup Delivery | E108: AGENT12 | F108: CIP05H | G108: PONDOKJAYA | H108: PONDOKJAYA | I108: PONDOKJAYA | J108: PONDOKJAYA | K108: 0.9 | L108: - | M108: - | N108: - | O108: 0.9599359 | P108: 0.9 | Q108: 0 | R108: 0 | S108: 0 | T108: 0.94328722 | U108: 0.9 | V108: 1 | W108: 1 | X108: 1 | Y108: 0.91408454 | Z108: 0.92 | AA108: 1 | AB108: 1 | AC108: 1 | AD108: 0.9545552 | AE108: 0.92 | AF108: - | AG108: - | AH108: - | AI108: 0.96566686 | AJ108: 0.92 | AK108: 1 | AL108: 1 | AM108: 1 | AN108: 0.97254707 | AO108: 0.99 | AP108: - | AQ108: - | AR108: - | AS108: 1 | AT108: 0.1052615 | AU108: - | AV108: - | AW108: - | AX108: 0.084459459
C109: TANGERANG唐格朗 | D109: Pickup Delivery | E109: AGENT12 | F109: TGR12D | G109: PAKOJAN | H109: PAKOJAN | I109: PAKOJAN | J109: PAKOJAN | K109: 0.9 | L109: - | M109: - | N109: - | O109: - | P109: 0.9 | Q109: - | R109: - | S109: - | T109: - | U109: 0.9 | V109: - | W109: - | X109: - | Y109: - | Z109: 0.92 | AA109: - | AB109: - | AC109: - | AD109: - | AE109: 0.92 | AF109: - | AG109: - | AH109: - | AI109: - | AJ109: 0.92 | AK109: - | AL109: - | AM109: - | AN109: - | AO109: 0.99 | AP109: - | AQ109: - | AR109: - | AS109: - | AT109: 0.1052615 | AU109: - | AV109: - | AW109: - | AX109: -
C110: TANGERANG唐格朗 | D110: Pickup Delivery | E110: AGENT12 | F110: TGR06C | G110: SENTRA_JATIUWUNG | H110: SENTRA_JATIUWUNG | I110: SENTRA_JATIUWUNG | J110: SENTRA_JATIUWUNG | K110: 0.9 | L110: 0.97560976 | M110: 0.96341463 | N110: 0.94871795 | O110: 0.95735957 | P110: 0.9 | Q110: 0.95004382 | R110: 0.96799081 | S110: 0.94823529 | T110: 0.92593334 | U110: 0.9 | V110: 0.90563833 | W110: 0.92777413 | X110: 0.90560554 | Y110: 0.90433987 | Z110: 0.92 | AA110: 0.92574641 | AB110: 0.91052919 | AC110: 0.90648797 | AD110: 0.9255447 | AE110: 0.92 | AF110: 0.94214587 | AG110: 0.83046915 | AH110: 0.9376958 | AI110: 0.92572592 | AJ110: 0.92 | AK110: 0.94882446 | AL110: 0.95367573 | AM110: 0.9441803 | AN110: 0.95536564 | AO110: 0.99 | AP110: 1 | AQ110: 1 | AR110: 1 | AS110: 1 | AT110: 0.1052615 | AU110: 0.1 | AV110: 0 | AW110: 0 | AX110: 0.071428571
C111: TANGERANG唐格朗 | D111: Pickup | E111: AGENT12 | F111: TGR54B | G111: TGR54B | H111: TGR54B | I111: TGR54B | J111: TGR54B | K111: 0.9 | L111: - | M111: - | N111: - | O111: - | P111: 0.9 | Q111: - | R111: - | S111: - | T111: - | U111: 0.9 | V111: - | W111: - | X111: - | Y111: - | Z111: 0.92 | AA111: - | AB111: - | AC111: - | AD111: - | AE111: 0.92 | AF111: 0.99623706 | AG111: 0.99132321 | AH111: 0.99270073 | AI111: 0.89851777 | AJ111: 0.92 | AK111: - | AL111: - | AM111: - | AN111: - | AO111: 0.99 | AP111: - | AQ111: - | AR111: - | AS111: 1 | AT111: 0.1052615 | AU111: - | AV111: - | AW111: - | AX111: -
C112: TANGERANG唐格朗 | D112: Pickup Delivery | E112: AGENT12 | F112: TGR07B | G112: CIMONE_RAYA | H112: CIMONE_RAYA | I112: CIMONE_RAYA | J112: CIMONE_RAYA | K112: 0.9 | L112: 0.83146067 | M112: 0.93333333 | N112: 0.85185185 | O112: 0.89633896 | P112: 0.9 | Q112: 0.97917309 | R112: 0.93373202 | S112: 0.96191699 | T112: 0.93950636 | U112: 0.9 | V112: 0.90651034 | W112: 0.90754808 | X112: 0.85950649 | Y112: 0.87088923 | Z112: 0.92 | AA112: 0.89379286 | AB112: 0.89859438 | AC112: 0.85782256 | AD112: 0.90509152 | AE112: 0.92 | AF112: 0.98736241 | AG112: 0.90856281 | AH112: 0.96472032 | AI112: 0.96756286 | AJ112: 0.92 | AK112: 0.93231976 | AL112: 0.95666424 | AM112: 0.91760053 | AN112: 0.94641756 | AO112: 0.99 | AP112: 1 | AQ112: 1 | AR112: 1 | AS112: 1 | AT112: 0.1052615 | AU112: 0.025 | AV112: 0 | AW112: 0.020833333 | AX112: 0.062736206
...

Sheet Display Absensi 630
A1: 网管-打卡准点率报表爪哇-巴厘09月28日 NM-Persentase Absensi Tepat Waktu Sprinter Agent Jawa-Bali 28 Sep 2026
A2: 代理区 Agent | B2: RM | C2: 网点代码 Kode DP | D2: 网点名称 Nama DP | E2: 总人数 Total Orang | F2: 打卡人数 Jumlah yang Absensi | G2: 总人数 Total Orang 27/09/2026 | H2: 打卡人数 Jumlah yang Absensi 27/09/2026 | I2: 总人数 Total Orang 26/09/2026 | J2: 打卡人数 Jumlah yang Absensi 26/09/2026 | K2: 目标值 Target | L2: 28日打卡率 Persentase Absensi | O2: 总人数 Total Orang Bulanan | P2: 准点打卡人数 Jumlah Absensi Tepat Waktu Bulanan | Q2: 准点打卡人数 Jumlah Absensi Tepat Waktu | R2: 准点打卡人数 Jumlah Absensi Tepat Waktu 27/09/2026 | S2: 准点打卡人数 Jumlah Absensi Tepat Waktu 26/09/2026 | T2: 月累计 打卡准点率 Persentase Bulanan | U2: 打卡准点率 Persentase Absensi Tepat Waktu | X2: 对比昨天 Perbandingan H-1 | Y2: 总人数 Total Orang Mingguan 22/09/2026 - 28/09/2026 | Z2: 准点打卡人数 Jumlah Absensi Tepat Waktu 22/09/2026 - 28/09/2026 | AA2: 总人数 Total Orang Mingguan 15/09/2026 - 21/09/2026 | AB2: 准点打卡人数 Jumlah Absensi Tepat Waktu 15/09/2026 - 21/09/2026 | AC2: 打卡准点周度率 Persentase Mingguan Absensi Tepat Waktu | AE2: 对比上周 Perbandingan Mingguan
L3: ='Display ALL DP'!L8 -> 46294 | M3: =L3-1 -> 46293 | N3: =L3-2 -> 46292 | U3: =L3 -> 46294 | V3: =L3-1 -> 46293 | W3: =L3-2 -> 46292 | AC3: =TEXT(AK6,"DD MMM")&" - "&TEXT(AK5,"DD MMM") -> 23 Sep - 29 Sep | AD3: =TEXT(AL6,"DD MMM")&" - "&TEXT(AL5,"DD MMM") -> 16 Sep - 22 Sep
E4: 61812 | F4: 59941 | G4: 61909 | H4: 60109 | I4: 60645 | J4: 58827 | K4: 0.9 | L4: 0.9697308 | M4: 0.97092507 | N4: 0.97002226 | O4: 1876093 | P4: 1758317 | Q4: 57621 | R4: 57816 | S4: 56245 | T4: 0.93722273 | U4: 0.93219763 | V4: 0.93388683 | W4: 0.92744662 | X4: -0.0016892024 | Y4: 453292 | Z4: 424568 | AA4: 451386 | AB4: 423079 | AC4: 0.93663246 | AD4: 0.93728871 | AE4: -0.00065624867 | AF4: 5
AK5: =L3 -> 46294 | AL5: =AK6-1 -> 46287
A6: JAKARTA雅加达 | B6: AGISTA PRIYANTONO | C6: JKT07T | D6: DC_SUNTER | E6: 0 | F6: 0 | G6: 0 | H6: 0 | I6: 0 | J6: 0 | K6: 0.9 | L6: 0 | M6: 0 | N6: 0 | O6: 0 | P6: 0 | Q6: 0 | R6: 0 | S6: 0 | T6: 0 | U6: 0 | V6: 0 | W6: 0 | X6: 0 | Y6: 0 | Z6: 0 | AA6: 0 | AB6: 0 | AC6: 0 | AD6: 0 | AE6: 0 | AK6: =L3-6 -> 46288 | AL6: =AK5-13 -> 46281
A7: JAKARTA雅加达 | B7: AGISTA PRIYANTONO | C7: JKT43D | D7: CP_DANAUSUNTER_UTARA | E7: 119 | F7: 114 | G7: 101 | H7: 96 | I7: 103 | J7: 92 | K7: 0.9 | L7: 0.95798319 | M7: 0.95049505 | N7: 0.89320388 | O7: 3312 | P7: 2926 | Q7: 110 | R7: 89 | S7: 92 | T7: 0.88345411 | U7: 0.92436975 | V7: 0.88118812 | W7: 0.89320388 | X7: 0.043181629 | Y7: 787 | Z7: 712 | AA7: 809 | AB7: 715 | AC7: 0.9047014 | AD7: 0.88380717 | AE7: 0.020894228
A8: JAKARTA雅加达 | B8: AGISTA PRIYANTONO | C8: JKT08N | D8: PLUIT_PERMAI | E8: 0 | F8: 0 | G8: 0 | H8: 0 | I8: 0 | J8: 0 | K8: 0.9 | L8: 0 | M8: 0 | N8: 0 | O8: 0 | P8: 0 | Q8: 0 | R8: 0 | S8: 0 | T8: 0 | U8: 0 | V8: 0 | W8: 0 | X8: 0 | Y8: 0 | Z8: 0 | AA8: 0 | AB8: 0 | AC8: 0 | AD8: 0 | AE8: 0 | AK8: 46266
A9: JAKARTA雅加达 | B9: AGISTA PRIYANTONO | C9: JKT41T | D9: CP_TELUK_GONG_RAYA | E9: 52 | F9: 51 | G9: 45 | H9: 43 | I9: 45 | J9: 44 | K9: 0.9 | L9: 0.98076923 | M9: 0.95555556 | N9: 0.97777778 | O9: 1496 | P9: 1345 | Q9: 46 | R9: 42 | S9: 42 | T9: 0.89906417 | U9: 0.88461538 | V9: 0.93333333 | W9: 0.93333333 | X9: -0.048717949 | Y9: 348 | Z9: 328 | AA9: 356 | AB9: 316 | AC9: 0.94252874 | AD9: 0.88764045 | AE9: 0.054888286
A10: JAKARTA雅加达 | B10: AGISTA PRIYANTONO | C10: JKT08C | D10: KEPULAUAN_SERIBU | E10: 17 | F10: 17 | G10: 28 | H10: 28 | I10: 28 | J10: 28 | K10: 0.9 | L10: 1 | M10: 1 | N10: 1 | O10: 770 | P10: 740 | Q10: 16 | R10: 27 | S10: 27 | T10: 0.96103896 | U10: 0.94117647 | V10: 0.96428571 | W10: 0.96428571 | X10: -0.023109244 | Y10: 187 | Z10: 180 | AA10: 191 | AB10: 191 | AC10: 0.96256684 | AD10: 1 | AE10: -0.037433155
A11: JAKARTA雅加达 | B11: AGISTA PRIYANTONO | C11: JKT30A | D11: CP_PADEMANGAN_4 | E11: 0 | F11: 0 | G11: 0 | H11: 0 | I11: 0 | J11: 0 | K11: 0.9 | L11: 0 | M11: 0 | N11: 0 | O11: 0 | P11: 0 | Q11: 0 | R11: 0 | S11: 0 | T11: 0 | U11: 0 | V11: 0 | W11: 0 | X11: 0 | Y11: 0 | Z11: 0 | AA11: 0 | AB11: 0 | AC11: 0 | AD11: 0 | AE11: 0
A12: JAKARTA雅加达 | B12: AGISTA PRIYANTONO | C12: JKT41W | D12: CP_PLUIT_PERMAI | E12: 60 | F12: 56 | G12: 49 | H12: 45 | I12: 56 | J12: 53 | K12: 0.9 | L12: 0.93333333 | M12: 0.91836735 | N12: 0.94642857 | O12: 1734 | P12: 1557 | Q12: 53 | R12: 43 | S12: 47 | T12: 0.89792388 | U12: 0.88333333 | V12: 0.87755102 | W12: 0.83928571 | X12: 0.0057823129 | Y12: 425 | Z12: 373 | AA12: 424 | AB12: 378 | AC12: 0.87764706 | AD12: 0.89150943 | AE12: -0.013862375
A13: JAKARTA雅加达 | B13: AGISTA PRIYANTONO | C13: JKT08I | D13: TELUK_GONG | E13: 121 | F13: 113 | G13: 106 | H13: 100 | I13: 102 | J13: 98 | K13: 0.9 | L13: 0.9338843 | M13: 0.94339623 | N13: 0.96078431 | O13: 3287 | P13: 3026 | Q13: 111 | R13: 100 | S13: 96 | T13: 0.92059629 | U13: 0.91735537 | V13: 0.94339623 | W13: 0.94117647 | X13: -0.026040855 | Y13: 801 | Z13: 735 | AA13: 792 | AB13: 733 | AC13: 0.917603 | AD13: 0.92550505 | AE13: -0.0079020543
A14: JAKARTA雅加达 | B14: AGISTA PRIYANTONO | C14: JKT09A | D14: ANCOL | E14: 85 | F14: 82 | G14: 81 | H14: 73 | I14: 74 | J14: 71 | K14: 0.9 | L14: 0.96470588 | M14: 0.90123457 | N14: 0.95945946 | O14: 2365 | P14: 2174 | Q14: 78 | R14: 56 | S14: 66 | T14: 0.9192389 | U14: 0.91764706 | V14: 0.96296296 | W14: 1.0540541 | X14: -0.045315904 | Y14: 572 | Z14: 508 | AA14: 581 | AB14: 520 | AC14: 0.88811189 | AD14: 0.89500861 | AE14: -0.0068967177
A15: JAKARTA雅加达 | B15: AGISTA PRIYANTONO | C15: JKT43Q | D15: CP_ANCOL_SELATAN_1 | E15: 126 | F15: 126 | G15: 115 | H15: 115 | I15: 111 | J15: 110 | K15: 0.9 | L15: 1 | M15: 1 | N15: 0.99099099 | O15: 3524 | P15: 3483 | Q15: 126 | R15: 114 | S15: 109 | T15: 0.98836549 | U15: 1 | V15: 0.99130435 | W15: 0.98198198 | X15: 0.0086956522 | Y15: 853 | Z15: 841 | AA15: 849 | AB15: 842 | AC15: 0.985932 | AD15: 0.99175501 | AE15: -0.0058230012
A16: JAKARTA雅加达 | B16: AGISTA PRIYANTONO | C16: JKT08L | D16: KAMAL_MUARA | E16: 31 | F16: 29 | G16: 25 | H16: 24 | I16: 26 | J16: 25 | K16: 0.9 | L16: 0.93548387 | M16: 0.96 | N16: 0.96153846 | O16: 824 | P16: 765 | Q16: 28 | R16: 24 | S16: 25 | T16: 0.92839806 | U16: 0.90322581 | V16: 0.96 | W16: 0.96153846 | X16: -0.056774194 | Y16: 196 | Z16: 180 | AA16: 197 | AB16: 185 | AC16: 0.91836735 | AD16: 0.93908629 | AE16: -0.020718947
A17: JAKARTA雅加达 | B17: ANDI PRASETIYO | C17: JKT05L | D17: KOTA_TUA | E17: 0 | F17: 0 | G17: 0 | H17: 0 | I17: 0 | J17: 0 | K17: 0.9 | L17: 0 | M17: 0 | N17: 0 | O17: 0 | P17: 0 | Q17: 0 | R17: 0 | S17: 0 | T17: 0 | U17: 0 | V17: 0 | W17: 0 | X17: 0 | Y17: 0 | Z17: 0 | AA17: 0 | AB17: 0 | AC17: 0 | AD17: 0 | AE17: 0
A18: JAKARTA雅加达 | B18: ANDI PRASETIYO | C18: JKT45I | D18: CP_PINANGSIA_RAYA | E18: 16 | F18: 15 | G18: 16 | H18: 16 | I18: 11 | J18: 11 | K18: 0.9 | L18: 0.9375 | M18: 1 | N18: 1 | O18: 507 | P18: 409 | Q18: 14 | R18: 13 | S18: 7 | T18: 0.80670611 | U18: 0.875 | V18: 0.8125 | W18: 0.63636364 | X18: 0.0625 | Y18: 111 | Z18: 90 | AA18: 128 | AB18: 104 | AC18: 0.81081081 | AD18: 0.8125 | AE18: -0.0016891892
A19: JAKARTA雅加达 | B19: ANDI PRASETIYO | C19: JKT11 | D19: TANAH_ABANG | E19: 92 | F19: 91 | G19: 90 | H19: 85 | I19: 73 | J19: 70 | K19: 0.9 | L19: 0.98913043 | M19: 0.94444444 | N19: 0.95890411 | O19: 2679 | P19: 2378 | Q19: 88 | R19: 77 | S19: 64 | T19: 0.88764464 | U19: 0.95652174 | V19: 0.85555556 | W19: 0.87671233 | X19: 0.10096618 | Y19: 632 | Z19: 572 | AA19: 639 | AB19: 569 | AC19: 0.90506329 | AD19: 0.89045383 | AE19: 0.014609457
A20: JAKARTA雅加达 | B20: ANDI PRASETIYO | C20: JKT45B | D20: CP_MANGGA_BESAR_2 | E20: 46 | F20: 46 | G20: 44 | H20: 44 | I20: 43 | J20: 42 | K20: 0.9 | L20: 1 | M20: 1 | N20: 0.97674419 | O20: 1307 | P20: 1182 | Q20: 40 | R20: 39 | S20: 37 | T20: 0.90436113 | U20: 0.86956522 | V20: 0.88636364 | W20: 0.86046512 | X20: -0.016798419 | Y20: 312 | Z20: 281 | AA20: 317 | AB20: 283 | AC20: 0.90064103 | AD20: 0.89274448 | AE20: 0.0078965461
... A1717: BALI巴厘 | B1717: Prisilia Nansiana Akong | C1717: KOE17 | D1717: KUPANG_TIMUR | E1717: 12 | F1717: 9 | G1717: 12 | H1717: 9 | I1717: 9 | J1717: 7 | K1717: 0.9 | L1717: 0.75 | M1717: 0.75 | N1717: 0.77777778 | O1717: 279 | P1717: 67 | Q1717: 3 | R1717: 4 | S1717: 3 | T1717: 0.24014337 | U1717: 0.25 | V1717: 0.33333333 | W1717: 0.33333333 | X1717: -0.083333333 | Y1717: 73 | Z1717: 16 | AA1717: 64 | AB1717: 19 | AC1717: 0.21917808 | AD1717: 0.296875 | AE1717: -0.077696918

Sheet Display 730 & 1200
A1: 网管-爪哇-巴厘班0730出仓率&1200签收率09月28日 NM-Persentase 0730 & TTD 1200 Agent Jawa-Bali 28 Sep 2026
A2: 代理区 Agent | B2: RM | C2: 网点名称 Kode DP | D2: 网点名称 Nama DP | E2: Rit-1应签收 Seharusnya TTD Rit-1 | F2: 0730出仓率 Persentase Keluar Gudang 0730 | G2: 1200前已签收 TTD Sebelum 1200 | H2: Rit-1应签收 Seharusnya TTD Rit-1 27/09/2026 | I2: 0730出仓率 Persentase Keluar Gudang 0730 27/09/2026 | J2: 1200前已签收 TTD Sebelum 1200 27/09/2026 | K2: Rit-1应签收 Seharusnya TTD Rit-1 26/09/2026 | L2: 0730出仓率 Persentase Keluar Gudang 0730 26/09/2026 | M2: 1200前已签收 TTD Sebelum 1200 26/09/2026 | N2: 月累计签收率 Persentase Bulanan 0730 | O2: 0730出仓率 Persentase Keluar Gudang 0730 Bulanan | P2: 目标值 Target | Q2: 28日0730出仓率 Persentase Keluar Gudang 0730 | T2: 对比昨天 Perbandingan H-1 | U2: Rit-1应签收 Seharusnya TTD Rit-1 Bulanan | V2: 1200前已签收 TTD Sebelum 1200 Bulanan | W2: 月累计签收率 Persentase Bulanan 1200 | X2: 1200前已签收 TTD Sebelum 1200 | AA2: 对比昨天 Perbandingan H-1 | AB2: Rit-1应签收 Seharusnya TTD Rit-1 Mingguan 22/09/2026 - 28/09/2026 | AC2: 1200前已签收 TTD Sebelum 1200 Mingguan 22/09/2026 - 28/09/2026 | AD2: Rit-1应签收 Seharusnya TTD Rit-1 Mingguan 15/09/2026 - 21/09/2026 | AE2: 1200前已签收 TTD Sebelum 1200 Mingguan 15/09/2026 - 21/09/2026 | AF2: 1200前已签收周度率 Persentase Mingguan TTD 1200 | AH2: 对比上周 Perbandingan Mingguan
Q3: ='Display ALL DP'!L8 -> 46294 | R3: =Q3-1 -> 46293 | S3: =Q3-2 -> 46292 | X3: =Q3 -> 46294 | Y3: =R3 -> 46293 | Z3: =S3 -> 46292 | AF3: =TEXT(AN10,"DD MMM")&" - "&TEXT(AN9,"DD MMM") -> 23 Sep - 29 Sep | AG3: =TEXT(AN12,"DD MMM")&" - "&TEXT(AN11,"DD MMM") -> 16 Sep - 22 Sep | AK3: data mingguan harus difix, ga boleh hanya patokan jakarta doang
D4: AGENT40 | E4: 2921042 | F4: 2812015 | G4: 2631220 | H4: 3648365 | I4: 3496823 | J4: 3265545 | K4: 4146878 | L4: 3942869 | M4: 3665936 | N4: 0.95856522 | O4: 111697616 | P4: 0.9 | Q4: 0.96267531 | R4: 0.95846304 | S4: 0.9508042 | T4: 0.004212268 | U4: 116525839 | V4: 104652918 | W4: 0.89810911 | X4: 0.9007813 | Y4: 0.89507081 | Z4: 0.88402311 | AA4: 0.0057104908 | AB4: 27758509 | AC4: 25067009 | AD4: 27538374 | AE4: 24883701 | AF4: 0.90303874 | AG4: 0.90360095 | AH4: -0.00056221304 | AI4: 5
A6: JAKARTA雅加达 | B6: AGISTA PRIYANTONO | C6: JKT07T | D6: DC_SUNTER | E6: 0 | F6: 0 | G6: 0 | H6: 0 | I6: 0 | J6: 0 | K6: 0 | L6: 0 | M6: 0 | N6: 0 | O6: 0 | P6: 0.9 | Q6: 0 | R6: 0 | S6: 0 | T6: 0 | U6: 0 | V6: 0 | W6: 0 | X6: 0 | Y6: 0 | Z6: 0 | AA6: 0 | AB6: 0 | AC6: 0 | AD6: 0 | AE6: 0 | AF6: 0 | AG6: 0 | AH6: 0
A7: JAKARTA雅加达 | B7: AGISTA PRIYANTONO | C7: JKT41W | D7: CP_PLUIT_PERMAI | E7: 7372 | F7: 7171 | G7: 5902 | H7: 5146 | I7: 5111 | J7: 4440 | K7: 6509 | L7: 6475 | M7: 4950 | N7: 0.95058141 | O7: 159653 | P7: 0.9 | Q7: 0.97273467 | R7: 0.9931986 | S7: 0.99477646 | T7: -0.020463929 | U7: 167953 | V7: 123266 | W7: 0.73393152 | X7: 0.80059685 | Y7: 0.86280606 | Z7: 0.76048548 | AA7: -0.06220921 | AB7: 48052 | AC7: 39051 | AD7: 41631 | AE7: 33358 | AF7: 0.81268209 | AG7: 0.80127789 | AH7: 0.011404201
A8: JAKARTA雅加达 | B8: AGISTA PRIYANTONO | C8: JKT08N | D8: PLUIT_PERMAI | E8: 0 | F8: 0 | G8: 0 | H8: 0 | I8: 0 | J8: 0 | K8: 0 | L8: 0 | M8: 0 | N8: 0 | O8: 0 | P8: 0.9 | Q8: 0 | R8: 0 | S8: 0 | T8: 0 | U8: 0 | V8: 0 | W8: 0 | X8: 0 | Y8: 0 | Z8: 0 | AA8: 0 | AB8: 0 | AC8: 0 | AD8: 0 | AE8: 0 | AF8: 0 | AG8: 0 | AH8: 0
A9: JAKARTA雅加达 | B9: AGISTA PRIYANTONO | C9: JKT43D | D9: CP_DANAUSUNTER_UTARA | E9: 7381 | F9: 7579 | G9: 6521 | H9: 5445 | I9: 5486 | J9: 4885 | K9: 6709 | L9: 7190 | M9: 5970 | N9: 1.0678284 | O9: 202393 | P9: 0.9 | Q9: 1.0268256 | R9: 1.0075298 | S9: 1.0716947 | T9: 0.019295789 | U9: 189537 | V9: 164973 | W9: 0.87039997 | X9: 0.88348462 | Y9: 0.89715335 | Z9: 0.88984946 | AA9: -0.013668729 | AB9: 48503 | AC9: 43636 | AD9: 44941 | AE9: 39991 | AF9: 0.89965569 | AG9: 0.88985559 | AH9: 0.009800103 | AM9: =Q3 -> 46294 | AN9: =AM9 -> 46294
A10: JAKARTA雅加达 | B10: AGISTA PRIYANTONO | C10: JKT08I | D10: TELUK_GONG | E10: 7293 | F10: 7232 | G10: 6584 | H10: 5439 | I10: 4774 | J10: 4730 | K10: 6691 | L10: 6538 | M10: 5779 | N10: 0.94993301 | O10: 204911 | P10: 0.9 | Q10: 0.99163582 | R10: 0.87773488 | S10: 0.97713346 | T10: 0.11390094 | U10: 215711 | V10: 186243 | W10: 0.8633913 | X10: 0.90278349 | Y10: 0.86964516 | Z10: 0.8636975 | AA10: 0.033138336 | AB10: 49960 | AC10: 44309 | AD10: 48814 | AE10: 42966 | AF10: 0.88688951 | AG10: 0.8801983 | AH10: 0.0066912078 | AN10: =AN9-6 -> 46288
A11: JAKARTA雅加达 | B11: AGISTA PRIYANTONO | C11: JKT09A | D11: ANCOL | E11: 6492 | F11: 5990 | G11: 5717 | H11: 5189 | I11: 4356 | J11: 4495 | K11: 5752 | L11: 5234 | M11: 5035 | N11: 0.9135768 | O11: 157074 | P11: 0.9 | Q11: 0.92267406 | R11: 0.83946811 | S11: 0.90994437 | T11: 0.083205955 | U11: 171933 | V11: 155557 | W11: 0.9047536 | X11: 0.8806223 | Y11: 0.86625554 | Z11: 0.87534771 | AA11: 0.014366764 | AB11: 42391 | AC11: 38348 | AD11: 39036 | AE11: 36188 | AF11: 0.90462598 | AG11: 0.92704171 | AH11: -0.022415723 | AN11: =AN10-1 -> 46287
A12: JAKARTA雅加达 | B12: AGISTA PRIYANTONO | C12: JKT08L | D12: KAMAL_MUARA | E12: 1443 | F12: 1436 | G12: 1280 | H12: 1271 | I12: 1268 | J12: 1152 | K12: 1257 | L12: 1247 | M12: 1143 | N12: 0.94789676 | O12: 35221 | P12: 0.9 | Q12: 0.995149 | R12: 0.99763965 | S12: 0.99204455 | T12: -0.0024906587 | U12: 37157 | V12: 32964 | W12: 0.88715451 | X12: 0.88704089 | Y12: 0.90637293 | Z12: 0.90930788 | AA12: -0.019332048 | AB12: 9863 | AC12: 8932 | AD12: 10361 | AE12: 9272 | AF12: 0.90560681 | AG12: 0.89489432 | AH12: 0.010712498 | AN12: =AN9-13 -> 46281
A13: JAKARTA雅加达 | B13: AGISTA PRIYANTONO | C13: JKT08C | D13: KEPULAUAN_SERIBU | E13: 2683 | F13: 2690 | G13: 2650 | H13: 2493 | I13: 2495 | J13: 2474 | K13: 2834 | L13: 2831 | M13: 2819 | N13: 0.9702088 | O13: 84381 | P13: 0.9 | Q13: 1.002609 | R13: 1.0008022 | S13: 0.99894143 | T13: 0.0018067735 | U13: 86972 | V13: 83702 | W13: 0.96240169 | X13: 0.98770034 | Y13: 0.99237866 | Z13: 0.99470713 | AA13: -0.0046783248 | AB13: 18780 | AC13: 18654 | AD13: 21101 | AE13: 20744 | AF13: 0.99329073 | AG13: 0.98308137 | AH13: 0.010209364 | AN13: 46266
A14: JAKARTA雅加达 | B14: AGISTA PRIYANTONO | C14: JKT43Q | D14: CP_ANCOL_SELATAN_1 | E14: 10590 | F14: 10636 | G14: 9893 | H14: 7536 | I14: 7529 | J14: 7036 | K14: 9844 | L14: 9914 | M14: 9033 | N14: 0.99327666 | O14: 254696 | P14: 0.9 | Q14: 1.0043437 | R14: 0.99907113 | S14: 1.0071109 | T14: 0.0052725952 | U14: 256420 | V14: 237410 | W14: 0.92586382 | X14: 0.93418319 | Y14: 0.9336518 | Z14: 0.91761479 | AA14: 0.00053138702 | AB14: 68092 | AC14: 63454 | AD14: 61013 | AE14: 56823 | AF14: 0.93188627 | AG14: 0.93132611 | AH14: 0.00056016069
A15: JAKARTA雅加达 | B15: AGISTA PRIYANTONO | C15: JKT41T | D15: CP_TELUK_GONG_RAYA | E15: 5443 | F15: 5281 | G15: 5114 | H15: 4536 | I15: 3934 | J15: 4314 | K15: 4015 | L15: 3888 | M15: 3688 | N15: 0.96040278 | O15: 119889 | P15: 0.9 | Q15: 0.970237 | R15: 0.86728395 | S15: 0.96836862 | T15: 0.10295305 | U15: 124832 | V15: 117037 | W15: 0.93755608 | X15: 0.93955539 | Y15: 0.9510582 | Z15: 0.91855542 | AA15: -0.011502809 | AB15: 33889 | AC15: 32081 | AD15: 31153 | AE15: 29503 | AF15: 0.94664936 | AG15: 0.9470356 | AH15: -0.00038624325
A16: JAKARTA雅加达 | B16: AGISTA PRIYANTONO | C16: JKT30A | D16: CP_PADEMANGAN_4 | E16: 0 | F16: 0 | G16: 0 | H16: 0 | I16: 0 | J16: 0 | K16: 0 | L16: 0 | M16: 0 | N16: 0.38888889 | O16: 7 | P16: 0.9 | Q16: 0 | R16: 0 | S16: 0 | T16: 0 | U16: 18 | V16: 17 | W16: 0.94444444 | X16: 0 | Y16: 0 | Z16: 0 | AA16: 0 | AB16: 0 | AC16: 0 | AD16: 0 | AE16: 0 | AF16: 0 | AG16: 0 | AH16: 0
A17: JAKARTA雅加达 | B17: ANDI PRASETIYO | C17: JKT05L | D17: KOTA_TUA | E17: 0 | F17: 0 | G17: 0 | H17: 0 | I17: 0 | J17: 0 | K17: 0 | L17: 0 | M17: 0 | N17: 0 | O17: 0 | P17: 0.9 | Q17: 0 | R17: 0 | S17: 0 | T17: 0 | U17: 0 | V17: 0 | W17: 0 | X17: 0 | Y17: 0 | Z17: 0 | AA17: 0 | AB17: 0 | AC17: 0 | AD17: 0 | AE17: 0 | AF17: 0 | AG17: 0 | AH17: 0
A18: JAKARTA雅加达 | B18: ANDI PRASETIYO | C18: JKT45I | D18: CP_PINANGSIA_RAYA | E18: 1811 | F18: 1781 | G18: 1406 | H18: 1217 | I18: 1247 | J18: 836 | K18: 1853 | L18: 1880 | M18: 713 | N18: 0.94896279 | O18: 45517 | P18: 0.9 | Q18: 0.98343457 | R18: 1.0246508 | S18: 1.014571 | T18: -0.041216214 | U18: 47965 | V18: 32207 | W18: 0.67146878 | X18: 0.77636665 | Y18: 0.68693509 | Z18: 0.38478144 | AA18: 0.089431562 | AB18: 12342 | AC18: 8680 | AD18: 10937 | AE18: 7707 | AF18: 0.70328958 | AG18: 0.70467221 | AH18: -0.0013826333
A19: JAKARTA雅加达 | B19: ANDI PRASETIYO | C19: JKT11 | D19: TANAH_ABANG | E19: 5704 | F19: 6178 | G19: 4754 | H19: 3115 | I19: 3580 | J19: 2619 | K19: 4511 | L19: 5700 | M19: 3014 | N19: 1.1586802 | O19: 161571 | P19: 0.9 | Q19: 1.0830996 | R19: 1.1492777 | S19: 1.2635779 | T19: -0.066178109 | U19: 139444 | V19: 117604 | W19: 0.84337799 | X19: 0.83345021 | Y19: 0.84077047 | Z19: 0.66814454 | AA19: -0.0073202551 | AB19: 34313 | AC19: 28633 | AD19: 30577 | AE19: 25984 | AF19: 0.83446507 | AG19: 0.84978906 | AH19: -0.015323986
A20: JAKARTA雅加达 | B20: ANDI PRASETIYO | C20: JKT45B | D20: CP_MANGGA_BESAR_2 | E20: 7168 | F20: 6968 | G20: 6736 | H20: 4696 | I20: 3997 | J20: 4324 | K20: 5448 | L20: 5347 | M20: 5116 | N20: 0.92612761 | O20: 117182 | P20: 0.9 | Q20: 0.97209821 | R20: 0.85114991 | S20: 0.98146109 | T20: 0.1209483 | U20: 126529 | V20: 113845 | W20: 0.89975421 | X20: 0.93973214 | Y20: 0.92078365 | Z20: 0.93906021 | AA20: 0.018948497 | AB20: 37478 | AC20: 35039 | AD20: 29584 | AE20: 27294 | AF20: 0.93492182 | AG20: 0.92259329 | AH20: 0.012328527
A21: JAKARTA雅加达 | B21: ANDI PRASETIYO | C21: JKT13K | D21: JOHAR_BARU_01 | E21: 5456 | F21: 5630 | G21: 4930 | H21: 3452 | I21: 3626 | J21: 3223 | K21: 4982 | L21: 5275 | M21: 4622 | N21: 1.0595896 | O21: 148084 | P21: 0.9 | Q21: 1.0318915 | R21: 1.0504056 | S21: 1.0588117 | T21: -0.018514066 | U21: 139756 | V21: 130398 | W21: 0.93304044 | X21: 0.90359238 | Y21: 0.93366165 | Z21: 0.92773986 | AA21: -0.03006927 | AB21: 34268 | AC21: 32011 | AD21: 30792 | AE21: 28892 | AF21: 0.9341368 | AG21: 0.93829566 | AH21: -0.0041588572
A22: JAKARTA雅加达 | B22: ANDI PRASETIYO | C22: JKT12 | D22: SENEN | E22: 7634 | F22: 7963 | G22: 6940 | H22: 4422 | I22: 4638 | J22: 4042 | K22: 6574 | L22: 7087 | M22: 5553 | N22: 1.0444271 | O22: 212449 | P22: 0.9 | Q22: 1.0430967 | R22: 1.0488467 | S22: 1.0780347 | T22: -0.0057500029 | U22: 203412 | V22: 189101 | W22: 0.92964525 | X22: 0.90909091 | Y22: 0.91406603 | Z22: 0.84469121 | AA22: -0.0049751244 | AB22: 47377 | AC22: 43472 | AD22: 45034 | AE22: 42143 | AF22: 0.91757604 | AG22: 0.93580406 | AH22: -0.01822802
A23: JAKARTA雅加达 | B23: ANDI PRASETIYO | C23: JKT45L | D23: CP_ZAINUL_ARIFIN | E23: 1961 | F23: 1875 | G23: 1709 | H23: 1414 | I23: 1361 | J23: 1288 | K23: 1887 | L23: 1763 | M23: 1573 | N23: 0.97326203 | O23: 42952 | P23: 0.9 | Q23: 0.95614482 | R23: 0.96251768 | S23: 0.93428723 | T23: -0.0063728563 | U23: 44132 | V23: 37547 | W23: 0.85078854 | X23: 0.87149414 | Y23: 0.91089109 | Z23: 0.8335983 | AA23: -0.039396953 | AB23: 12519 | AC23: 10898 | AD23: 12209 | AE23: 10899 | AF23: 0.87051681 | AG23: 0.89270211 | AH23: -0.022185291
A24: JAKARTA雅加达 | B24: ARIS YULIANTO | C24: JKT19J | D24: DC_CIPAYUNG | E24: 0 | F24: 0 | G24: 0 | H24: 0 | I24: 0 | J24: 0 | K24: 0 | L24: 0 | M24: 0 | N24: 0 | O24: 0 | P24: 0.9 | Q24: 0 | R24: 0 | S24: 0 | T24: 0 | U24: 0 | V24: 0 | W24: 0 | X24: 0 | Y24: 0 | Z24: 0 | AA24: 0 | AB24: 0 | AC24: 0 | AD24: 0 | AE24: 0 | AF24: 0 | AG24: 0 | AH24: 0
A25: JAKARTA雅加达 | B25: ARIS YULIANTO | C25: JKT19L | D25: KELAPA_DUA_01 | E25: 0 | F25: 0 | G25: 0 | H25: 0 | I25: 0 | J25: 0 | K25: 0 | L25: 0 | M25: 0 | N25: 0 | O25: 0 | P25: 0.9 | Q25: 0 | R25: 0 | S25: 0 | T25: 0 | U25: 0 | V25: 0 | W25: 0 | X25: 0 | Y25: 0 | Z25: 0 | AA25: 0 | AB25: 0 | AC25: 0 | AD25: 0 | AE25: 0 | AF25: 0 | AG25: 0 | AH25: 0
... A1717: BALI巴厘 | B1717: Prisilia Nansiana Akong | C1717: KOE17 | D1717: KUPANG_TIMUR | E1717: 1215 | F1717: 1185 | G1717: 707 | H1717: 1187 | I1717: 1079 | J1717: 737 | K1717: 1098 | L1717: 974 | M1717: 828 | N1717: 0.91681736 | O1717: 11661 | P1717: 0.9 | Q1717: 0.97530864 | R1717: 0.90901432 | S1717: 0.8870674 | T1717: 0.06629432 | U1717: 12719 | V1717: 9217 | W1717: 0.72466389 | X1717: 0.581893 | Y1717: 0.62089301 | Z1717: 0.75409836 | AA1717: -0.039000003 | AB1717: 5206 | AC1717: 3527 | AD1717: 2574 | AE1717: 1917 | AF1717: 0.67748751 | AG1717: 0.74475524 | AH1717: -0.06726773

Sheet Display Ritase Keseluruhan
A1: 网管-爪哇-巴厘班次全天签收率报表09月28日 NM-Laporan Persentase Keseluruhan TTD Berdasarkan Ritase Agent Jawa-Bali 28 Sep 2026
A2: 代理区 Agent | B2: RM | C2: 网点代码 Kode DP | D2: 网点名称 Nama DP | E2: T-1应签收 Seharusnya TTD H-1 | F2: 2359前已签收 TTD Sebelum 2359 | G2: 未签收 Belum TTD | H2: T-1应签收 Seharusnya TTD 27/09/2026 | I2: 2359前已签收 TTD Sebelum 2359 27/09/2026 | J2: 未签收 Belum TTD 27/09/2026 | K2: T-1应签收 Seharusnya TTD 26/09/2026 | L2: 2359前已签收 TTD Sebelum 2359 26/09/2026 | M2: 未签收 Belum TTD 26/09/2026 | N2: 目标值 Target | O2: 累计应签收量 Seharusnya TTD Bulanan | P2: 累计签收量 TTD Bulanan | Q2: 累计未签收 Belum TTD Bulanan | R2: 月累计 签收率 Persentase Bulanan | S2: 全天签收率 Persentase TTD All Ritase | V2: 对比昨天 Perbandingan H-1 | W2: 累计应签收量 Seharusnya TTD Mingguan 22/09/2026 - 28/09/2026 | X2: 累计签收量 TTD Mingguan 22/09/2026 - 28/09/2026 | Y2: 累计应签收量 Seharusnya TTD Mingguan 15/09/2026 - 21/09/2026 | Z2: 累计签收量 TTD Mingguan 15/09/2026 - 21/09/2026 | AA2: 全天签收率周度率 Persentase Mingguan TTD All Ritase | AC2: 对比上周 Perbandingan Mingguan
S3: ='Display ALL DP'!L8 -> 46294 | T3: =S3-1 -> 46293 | U3: =S3-2 -> 46292 | AA3: =TEXT(AH10,"DD MMM")&" - "&TEXT(AH9,"DD MMM") -> 23 Sep - 29 Sep | AB3: =TEXT(AH12,"DD MMM")&" - "&TEXT(AH11,"DD MMM") -> 16 Sep - 22 Sep
E4: 5586838 | F4: 5261886 | G4: 324952 | H4: 5075604 | I4: 4835329 | J4: 240275 | K4: 6476726 | L4: 6093414 | M4: 383312 | N4: 0.93 | O4: 183668764 | P4: 176191772 | Q4: 7476992 | R4: 0.95929089 | S4: 0.94183615 | T4: 0.95266081 | U4: 0.94081701 | V4: -0.010824655 | W4: 43501383 | X4: 41637653 | Y4: 42794231 | Z4: 41133499 | AA4: 0.95715699 | AB4: 0.96119262 | AC4: -0.0040356253 | AD4: 5
A6: JAKARTA雅加达 | B6: AGISTA PRIYANTONO | C6: JKT07T | D6: DC_SUNTER | E6: 0 | F6: 0 | G6: 0 | H6: 0 | I6: 0 | J6: 0 | K6: 0 | L6: 0 | M6: 0 | N6: 0.93 | O6: 0 | P6: 0 | Q6: 0 | R6: 0 | S6: 0 | T6: 0 | U6: 0 | V6: 0 | W6: 0 | X6: 0 | Y6: 0 | Z6: 0 | AA6: 0 | AB6: 0 | AC6: 0
A7: JAKARTA雅加达 | B7: AGISTA PRIYANTONO | C7: JKT09A | D7: ANCOL | E7: 11735 | F7: 11375 | G7: 360 | H7: 6849 | I7: 6490 | J7: 359 | K7: 8878 | L7: 8372 | M7: 506 | N7: 0.93 | O7: 272792 | P7: 267842 | Q7: 4950 | R7: 0.98185431 | S7: 0.96932254 | T7: 0.94758359 | U7: 0.94300518 | V7: 0.021738951 | W7: 66575 | X7: 64738 | Y7: 61813 | Z7: 61039 | AA7: 0.97240706 | AB7: 0.98747836 | AC7: -0.015071302
A8: JAKARTA雅加达 | B8: AGISTA PRIYANTONO | C8: JKT08N | D8: PLUIT_PERMAI | E8: 0 | F8: 0 | G8: 0 | H8: 0 | I8: 0 | J8: 0 | K8: 0 | L8: 0 | M8: 0 | N8: 0.93 | O8: 0 | P8: 0 | Q8: 0 | R8: 0 | S8: 0 | T8: 0 | U8: 0 | V8: 0 | W8: 0 | X8: 0 | Y8: 0 | Z8: 0 | AA8: 0 | AB8: 0 | AC8: 0
A9: JAKARTA雅加达 | B9: AGISTA PRIYANTONO | C9: JKT41W | D9: CP_PLUIT_PERMAI | E9: 13107 | F9: 12140 | G9: 967 | H9: 7644 | I9: 7305 | J9: 339 | K9: 10540 | L9: 9681 | M9: 859 | N9: 0.93 | O9: 280665 | P9: 263052 | Q9: 17613 | R9: 0.93724547 | S9: 0.92622263 | T9: 0.95565149 | U9: 0.91850095 | V9: -0.029428862 | W9: 77577 | X9: 73695 | Y9: 68773 | Z9: 65207 | AA9: 0.9499594 | AB9: 0.94814826 | AC9: 0.0018111393 | AH9: =S3 -> 46294
A10: JAKARTA雅加达 | B10: AGISTA PRIYANTONO | C10: JKT30A | D10: CP_PADEMANGAN_4 | E10: 0 | F10: 0 | G10: 0 | H10: 0 | I10: 0 | J10: 0 | K10: 0 | L10: 0 | M10: 0 | N10: 0.93 | O10: 31 | P10: 30 | Q10: 1 | R10: 0.96774194 | S10: 0 | T10: 0 | U10: 0 | V10: 0 | W10: 0 | X10: 0 | Y10: 1 | Z10: 1 | AA10: 0 | AB10: 1 | AC10: -1 | AH10: =AH9-6 -> 46288
A11: JAKARTA雅加达 | B11: AGISTA PRIYANTONO | C11: JKT08I | D11: TELUK_GONG | E11: 10615 | F11: 10204 | G11: 411 | H11: 8139 | I11: 7647 | J11: 492 | K11: 11730 | L11: 11225 | M11: 505 | N11: 0.93 | O11: 372719 | P11: 364649 | Q11: 8070 | R11: 0.9783483 | S11: 0.96128121 | T11: 0.93955031 | U11: 0.956948 | V11: 0.021730893 | W11: 81522 | X11: 79213 | Y11: 84667 | Z11: 82909 | AA11: 0.97167636 | AB11: 0.9792363 | AC11: -0.0075599449 | AH11: =AH10-1 -> 46287
A12: JAKARTA雅加达 | B12: AGISTA PRIYANTONO | C12: JKT43D | D12: CP_DANAUSUNTER_UTARA | E12: 14116 | F12: 13280 | G12: 836 | H12: 8724 | I12: 8327 | J12: 397 | K12: 12063 | L12: 11556 | M12: 507 | N12: 0.93 | O12: 352691 | P12: 341748 | Q12: 10943 | R12: 0.96897284 | S12: 0.94077642 | T12: 0.95449335 | U12: 0.95797065 | V12: -0.013716928 | W12: 85602 | X12: 82726 | Y12: 81195 | Z12: 79449 | AA12: 0.96640265 | AB12: 0.97849621 | AC12: -0.012093559 | AH12: =AH11-6 -> 46281
A13: JAKARTA雅加达 | B13: AGISTA PRIYANTONO | C13: JKT08C | D13: KEPULAUAN_SERIBU | E13: 2695 | F13: 2662 | G13: 33 | H13: 2497 | I13: 2489 | J13: 8 | K13: 2841 | L13: 2832 | M13: 9 | N13: 0.93 | O13: 87313 | P13: 86856 | Q13: 457 | R13: 0.99476596 | S13: 0.9877551 | T13: 0.99679616 | U13: 0.9968321 | V13: -0.0090410533 | W13: 18839 | X13: 18763 | Y13: 21147 | Z13: 21089 | AA13: 0.99596582 | AB13: 0.99725729 | AC13: -0.0012914786 | AH13: 46266
A14: JAKARTA雅加达 | B14: AGISTA PRIYANTONO | C14: JKT43Q | D14: CP_ANCOL_SELATAN_1 | E14: 19881 | F14: 19062 | G14: 819 | H14: 11157 | I14: 10874 | J14: 283 | K14: 16401 | L14: 15859 | M14: 542 | N14: 0.93 | O14: 439432 | P14: 429405 | Q14: 10027 | R14: 0.97718191 | S14: 0.95880489 | T14: 0.97463476 | U14: 0.96695323 | V14: -0.015829869 | W14: 113379 | X14: 110428 | Y14: 103329 | Z14: 101232 | AA14: 0.97397225 | AB14: 0.9797056 | AC14: -0.0057333482
A15: JAKARTA雅加达 | B15: AGISTA PRIYANTONO | C15: JKT08L | D15: KAMAL_MUARA | E15: 2891 | F15: 2725 | G15: 166 | H15: 1745 | I15: 1667 | J15: 78 | K15: 2201 | L15: 2109 | M15: 92 | N15: 0.93 | O15: 64888 | P15: 62468 | Q15: 2420 | R15: 0.96270497 | S15: 0.94258042 | T15: 0.95530086 | U15: 0.95820082 | V15: -0.012720438 | W15: 16741 | X15: 16069 | Y15: 17184 | Z15: 16630 | AA15: 0.95985903 | AB15: 0.96776071 | AC15: -0.0079016789
A16: JAKARTA雅加达 | B16: AGISTA PRIYANTONO | C16: JKT41T | D16: CP_TELUK_GONG_RAYA | E16: 9587 | F16: 9380 | G16: 207 | H16: 6258 | I16: 6203 | J16: 55 | K16: 6143 | L16: 6000 | M16: 143 | N16: 0.93 | O16: 206067 | P16: 200812 | Q16: 5255 | R16: 0.97449859 | S16: 0.97840826 | T16: 0.99121125 | U16: 0.97672147 | V16: -0.012802988 | W16: 54230 | X16: 53148 | Y16: 51098 | Z16: 49884 | AA16: 0.98004794 | AB16: 0.97624173 | AC16: 0.0038062124
A17: JAKARTA雅加达 | B17: ANDI PRASETIYO | C17: JKT05L | D17: KOTA_TUA | E17: 0 | F17: 0 | G17: 0 | H17: 0 | I17: 0 | J17: 0 | K17: 0 | L17: 0 | M17: 0 | N17: 0.93 | O17: 0 | P17: 0 | Q17: 0 | R17: 0 | S17: 0 | T17: 0 | U17: 0 | V17: 0 | W17: 0 | X17: 0 | Y17: 0 | Z17: 0 | AA17: 0 | AB17: 0 | AC17: 0
A18: JAKARTA雅加达 | B18: ANDI PRASETIYO | C18: JKT11 | D18: TANAH_ABANG | E18: 12088 | F18: 10611 | G18: 1477 | H18: 5268 | I18: 4833 | J18: 435 | K18: 9591 | L18: 6703 | M18: 2888 | N18: 0.93 | O18: 281042 | P18: 252641 | Q18: 28401 | R18: 0.89894393 | S18: 0.87781271 | T18: 0.91742597 | U18: 0.69888437 | V18: -0.039613261 | W18: 66728 | X18: 58903 | Y18: 62264 | Z18: 55990 | AA18: 0.88273289 | AB18: 0.89923551 | AC18: -0.016502628
A19: JAKARTA雅加达 | B19: ANDI PRASETIYO | C19: JKT12 | D19: SENEN | E19: 15624 | F19: 14752 | G19: 872 | H19: 6970 | I19: 6583 | J19: 387 | K19: 12119 | L19: 10639 | M19: 1480 | N19: 0.93 | O19: 364874 | P19: 347692 | Q19: 17182 | R19: 0.95290977 | S19: 0.94418843 | T19: 0.94447633 | U19: 0.87787771 | V19: -0.00028789906 | W19: 84274 | X19: 79679 | Y19: 80214 | Z19: 76495 | AA19: 0.94547547 | AB19: 0.95363652 | AC19: -0.0081610494
A20: JAKARTA雅加达 | B20: ANDI PRASETIYO | C20: JKT45B | D20: CP_MANGGA_BESAR_2 | E20: 11307 | F20: 10888 | G20: 419 | H20: 6302 | I20: 6199 | J20: 103 | K20: 7823 | L20: 7688 | M20: 135 | N20: 0.93 | O20: 207016 | P20: 201969 | Q20: 5047 | R20: 0.97562024 | S20: 0.96294331 | T20: 0.98365598 | U20: 0.98274319 | V20: -0.020712673 | W20: 57205 | X20: 55832 | Y20: 49015 | Z20: 47960 | AA20: 0.9759986 | AB20: 0.97847598 | AC20: -0.0024773752
A21: JAKARTA雅加达 | B21: ANDI PRASETIYO | C21: JKT45I | D21: CP_PINANGSIA_RAYA | E21: 3391 | F21: 3129 | G21: 262 | H21: 1736 | I21: 1637 | J21: 99 | K21: 2925 | L21: 1695 | M21: 1230 | N21: 0.93 | O21: 82548 | P21: 70747 | Q21: 11801 | R21: 0.85704075 | S21: 0.92273666 | T21: 0.94297235 | U21: 0.57948718 | V21: -0.020235694 | W21: 20178 | X21: 17501 | Y21: 19068 | Z21: 16738 | AA21: 0.86733076 | AB21: 0.87780575 | AC21: -0.010474992
A22: JAKARTA雅加达 | B22: ANDI PRASETIYO | C22: JKT45L | D22: CP_ZAINUL_ARIFIN | E22: 3308 | F22: 3101 | G22: 207 | H22: 2033 | I22: 1969 | J22: 64 | K22: 2878 | L22: 2686 | M22: 192 | N22: 0.93 | O22: 69927 | P22: 66555 | Q22: 3372 | R22: 0.95177828 | S22: 0.93742443 | T22: 0.96851943 | U22: 0.933287 | V22: -0.031095004 | W22: 19213 | X22: 18466 | Y22: 18255 | Z22: 17696 | AA22: 0.96112007 | AB22: 0.96937825 | AC22: -0.0082581776
A23: JAKARTA雅加达 | B23: ANDI PRASETIYO | C23: JKT13K | D23: JOHAR_BARU_01 | E23: 10961 | F23: 10256 | G23: 705 | H23: 5693 | I23: 5434 | J23: 259 | K23: 9284 | L23: 8696 | M23: 588 | N23: 0.93 | O23: 260940 | P23: 251132 | Q23: 9808 | R23: 0.96241282 | S23: 0.93568105 | T23: 0.95450553 | U23: 0.93666523 | V23: -0.018824482 | W23: 63059 | X23: 60245 | Y23: 58562 | Z23: 56355 | AA23: 0.95537512 | AB23: 0.96231345 | AC23: -0.0069383207
A24: JAKARTA雅加达 | B24: ARIS YULIANTO | C24: JKT19J | D24: DC_CIPAYUNG | E24: 0 | F24: 0 | G24: 0 | H24: 0 | I24: 0 | J24: 0 | K24: 0 | L24: 0 | M24: 0 | N24: 0.93 | O24: 0 | P24: 0 | Q24: 0 | R24: 0 | S24: 0 | T24: 0 | U24: 0 | V24: 0 | W24: 0 | X24: 0 | Y24: 0 | Z24: 0 | AA24: 0 | AB24: 0 | AC24: 0
A25: JAKARTA雅加达 | B25: ARIS YULIANTO | C25: JKT19L | D25: KELAPA_DUA_01 | E25: 0 | F25: 0 | G25: 0 | H25: 0 | I25: 0 | J25: 0 | K25: 0 | L25: 0 | M25: 0 | N25: 0.93 | O25: 0 | P25: 0 | Q25: 0 | R25: 0 | S25: 0 | T25: 0 | U25: 0 | V25: 0 | W25: 0 | X25: 0 | Y25: 0 | Z25: 0 | AA25: 0 | AB25: 0 | AC25: 0
... A46: JAKARTA雅加达 | B46: DIFA HERDIANSAH MUNABARI | C46: JKT56 | D46: CP_UJUNG_MENTENG | E46: 0 | F46: 0 | G46: 0 | H46: 0 | I46: 0 | J46: 0 | K46: 0 | L46: 0 | M46: 0 | N46: 0.93 | O46: 0 | P46: 0 | Q46: 0 | R46: 0 | S46: 0 | T46: 0 | U46: 0 | V46: 0 | W46: 0 | X46: 0 | Y46: 0 | Z46: 0 | AA46: 0 | AB46: 0 | AC46: 0
A47: JAKARTA雅加达 | B47: DIFA HERDIANSAH MUNABARI | C47: #N/A | D47: CP_PISANGAN_TIMUR_2 | E47: 0 | F47: 0 | G47: 0 | H47: 0 | I47: 0 | J47: 0 | K47: 0 | L47: 0 | M47: 0 | N47: 0.93 | O47: 0 | P47: 0 | Q47: 0 | R47: 0 | S47: 0 | T47: 0 | U47: 0 | V47: 0 | W47: 0 | X47: 0 | Y47: 0 | Z47: 0 | AA47: 0 | AB47: 0 | AC47: 0
A48: JAKARTA雅加达 | B48: DIFA HERDIANSAH MUNABARI | C48: JKT56F | D48: CP_KAYU_TINGGI_1 | E48: 0 | F48: 0 | G48: 0 | H48: 0 | I48: 0 | J48: 0 | K48: 0 | L48: 0 | M48: 0 | N48: 0.93 | O48: 0 | P48: 0 | Q48: 0 | R48: 0 | S48: 0 | T48: 0 | U48: 0 | V48: 0 | W48: 0 | X48: 0 | Y48: 0 | Z48: 0 | AA48: 0 | AB48: 0 | AC48: 0
A49: JAKARTA雅加达 | B49: DIFA HERDIANSAH MUNABARI | C49: JKT56D | D49: CP_PENGGILINGAN_2 | E49: 0 | F49: 0 | G49: 0 | H49: 0 | I49: 0 | J49: 0 | K49: 0 | L49: 0 | M49: 0 | N49: 0.93 | O49: 0 | P49: 0 | Q49: 0 | R49: 0 | S49: 0 | T49: 0 | U49: 0 | V49: 0 | W49: 0 | X49: 0 | Y49: 0 | Z49: 0 | AA49: 0 | AB49: 0 | AC49: 0
A50: JAKARTA雅加达 | B50: DIFA HERDIANSAH MUNABARI | C50: JKT30E | D50: CP_ANCOL_BARAT_2 | E50: 0 | F50: 0 | G50: 0 | H50: 0 | I50: 0 | J50: 0 | K50: 0 | L50: 0 | M50: 0 | N50: 0.93 | O50: 0 | P50: 0 | Q50: 0 | R50: 0 | S50: 0 | T50: 0 | U50: 0 | V50: 0 | W50: 0 | X50: 0 | Y50: 0 | Z50: 0 | AA50: 0 | AB50: 0 | AC50: 0
A51: JAKARTA雅加达 | B51: DIFA HERDIANSAH MUNABARI | C51: JKT16O | D51: DC_PULO_GADUNG | E51: 0 | F51: 0 | G51: 0 | H51: 0 | I51: 0 | J51: 0 | K51: 0 | L51: 0 | M51: 0 | N51: 0.93 | O51: 0 | P51: 0 | Q51: 0 | R51: 0 | S51: 0 | T51: 0 | U51: 0 | V51: 0 | W51: 0 | X51: 0 | Y51: 0 | Z51: 0 | AA51: 0 | AB51: 0 | AC51: 0
A52: JAKARTA雅加达 | B52: DIFA HERDIANSAH MUNABARI | C52: JKT16Q | D52: PULOGEBANG_01 | E52: 16947 | F52: 15933 | G52: 1014 | H52: 7965 | I52: 7547 | J52: 418 | K52: 14020 | L52: 13099 | M52: 921 | N52: 0.93 | O52: 404673 | P52: 387355 | Q52: 17318 | R52: 0.95720495 | S52: 0.9401664 | T52: 0.9475204 | U52: 0.93430813 | V52: -0.0073540006 | W52: 94512 | X52: 90173 | Y52: 89695 | Z52: 86318 | AA52: 0.95409049 | AB52: 0.96235019 | AC52: -0.0082597009
A53: JAKARTA雅加达 | B53: DIFA HERDIANSAH MUNABARI | C53: JKT57G | D53: CP_PULO_GADUNG | E53: 16474 | F53: 15560 | G53: 914 | H53: 8416 | I53: 7983 | J53: 433 | K53: 13085 | L53: 12022 | M53: 1063 | N53: 0.93 | O53: 363486 | P53: 345464 | Q53: 18022 | R53: 0.950419 | S53: 0.94451864 | T53: 0.94855038 | U53: 0.91876194 | V53: -0.0040317448 | W53: 88564 | X53: 84170 | Y53: 81521 | Z53: 77793 | AA53: 0.95038616 | AB53: 0.95426945 | AC53: -0.0038832906
A54: JAKARTA雅加达 | B54: DIFA HERDIANSAH MUNABARI | C54: JKT10B | D54: ROROTAN | E54: 8821 | F54: 8195 | G54: 626 | H54: 4313 | I54: 4083 | J54: 230 | K54: 7209 | L54: 6798 | M54: 411 | N54: 0.93 | O54: 203984 | P54: 194950 | Q54: 9034 | R54: 0.95571221 | S54: 0.92903299 | T54: 0.94667285 | U54: 0.94298793 | V54: -0.01763986 | W54: 49398 | X54: 47131 | Y54: 46423 | Z54: 44390 | AA54: 0.95410745 | AB54: 0.95620705 | AC54: -0.0020995988
A55: JAKARTA雅加达 | B55: DIFA HERDIANSAH MUNABARI | C55: JKT51G | D55: CP_UTAN_KAYU | E55: 9 | F55: 9 | G55: 0 | H55: 8 | I55: 8 | J55: 0 | K55: 11 | L55: 11 | M55: 0 | N55: 0.93 | O55: 427 | P55: 419 | Q55: 8 | R55: 0.98126464 | S55: 1 | T55: 1 | U55: 1 | V55: 0 | W55: 94 | X55: 93 | Y55: 104 | Z55: 101 | AA55: 0.9893617 | AB55: 0.97115385 | AC55: 0.018207856
A56: JAKARTA雅加达 | B56: DIFA HERDIANSAH MUNABARI | C56: JKT16P | D56: DC_CAKUNG | E56: 13512 | F56: 12804 | G56: 708 | H56: 6403 | I56: 6135 | J56: 268 | K56: 11364 | L56: 10841 | M56: 523 | N56: 0.93 | O56: 327182 | P56: 317623 | Q56: 9559 | R56: 0.97078385 | S56: 0.94760213 | T56: 0.95814462 | U56: 0.95397747 | V56: -0.010542488 | W56: 75892 | X56: 73245 | Y56: 71666 | Z56: 69590 | AA56: 0.96512149 | AB56: 0.97103229 | AC56: -0.0059108002
A57: JAKARTA雅加达 | B57: DIFA HERDIANSAH MUNABARI | C57: JKT16R | D57: DC_UJUNG_MENTENG | E57: 5799 | F57: 5539 | G57: 260 | H57: 2699 | I57: 2636 | J57: 63 | K57: 4939 | L57: 4739 | M57: 200 | N57: 0.93 | O57: 139755 | P57: 135779 | Q57: 3976 | R57: 0.97155021 | S57: 0.95516468 | T57: 0.97665802 | U57: 0.95950597 | V57: -0.021493338 | W57: 32136 | X57: 31161 | Y57: 31665 | Z57: 30790 | AA57: 0.96966019 | AB57: 0.97236697 | AC57: -0.0027067725
A58: JAKARTA雅加达 | B58: DIFA HERDIANSAH MUNABARI | C58: JKT10H | D58: KALIBARU_01 | E58: 11571 | F58: 11083 | G58: 488 | H58: 5392 | I58: 5201 | J58: 191 | K58: 9821 | L58: 9484 | M58: 337 | N58: 0.93 | O58: 277126 | P58: 269780 | Q58: 7346 | R58: 0.9734922 | S58: 0.9578256 | T58: 0.96457715 | U58: 0.96568578 | V58: -0.0067515529 | W58: 65876 | X58: 63858 | Y58: 63785 | Z58: 62030 | AA58: 0.96936669 | AB58: 0.97248569 | AC58: -0.0031190052
A59: JAKARTA雅加达 | B59: I MADE DWI PU DJAWARDANA | C59: JKT02R | D59: DC_SRENGSENG | E59: 0 | F59: 0 | G59: 0 | H59: 0 | I59: 0 | J59: 0 | K59: 0 | L59: 0 | M59: 0 | N59: 0.93 | O59: 0 | P59: 0 | Q59: 0 | R59: 0 | S59: 0 | T59: 0 | U59: 0 | V59: 0 | W59: 0 | X59: 0 | Y59: 0 | Z59: 0 | AA59: 0 | AB59: 0 | AC59: 0
... A706: SEMARANG三宝垄 | B706: RENDI | C706: TNU11 | D706: PRINGSURAT_TIMUR | E706: 773 | F706: 740 | G706: 33 | H706: 1108 | I706: 1071 | J706: 37 | K706: 1393 | L706: 1361 | M706: 32 | N706: 0.93 | O706: 40033 | P706: 39012 | Q706: 1021 | R706: 0.97449604 | S706: 0.95730918 | T706: 0.9666065 | U706: 0.977028 | V706: -0.0092973132 | W706: 9045 | X706: 8854 | Y706: 9404 | Z706: 9156 | AA706: 0.97888336 | AB706: 0.97362824 | AC706: 0.0052551177
A707: SEMARANG三宝垄 | B707: - | C707: #N/A | D707: BLORA | E707: 0 | F707: 0 | G707: 0 | H707: 0 | I707: 0 | J707: 0 | K707: 0 | L707: 0 | M707: 0 | N707: 0.93 | O707: 0 | P707: 0 | Q707: 0 | R707: 0 | S707: 0 | T707: 0 | U707: 0 | V707: 0 | W707: 0 | X707: 0 | Y707: 0 | Z707: 0 | AA707: 0 | AB707: 0 | AC707: 0
A708: SEMARANG三宝垄 | B708: QOMAR | C708: BOL02 | D708: NGAWEN | E708: 1326 | F708: 1286 | G708: 40 | H708: 2642 | I708: 2588 | J708: 54 | K708: 2718 | L708: 2659 | M708: 59 | N708: 0.93 | O708: 76136 | P708: 74580 | Q708: 1556 | R708: 0.97956289 | S708: 0.96983409 | T708: 0.97956094 | U708: 0.97829286 | V708: -0.0097268512 | W708: 18158 | X708: 17774 | Y708: 18046 | Z708: 17691 | AA708: 0.9788523 | AB708: 0.98032805 | AC708: -0.001475754
A709: SEMARANG三宝垄 | B709: QOMAR | C709: BOL04 | D709: JEPON | E709: 1210 | F709: 1141 | G709: 69 | H709: 2561 | I709: 2472 | J709: 89 | K709: 2723 | L709: 2616 | M709: 107 | N709: 0.93 | O709: 77723 | P709: 75198 | Q709: 2525 | R709: 0.96751283 | S709: 0.94297521 | T709: 0.96524795 | U709: 0.9607051 | V709: -0.022272743 | W709: 18186 | X709: 17580 | Y709: 17820 | Z709: 17219 | AA709: 0.96667766 | AB709: 0.96627385 | AC709: 0.00040381453
A710: SEMARANG三宝垄 | B710: QOMAR | C710: BOL05 | D710: KUNDURAN | E710: 2191 | F710: 2082 | G710: 109 | H710: 4419 | I710: 4207 | J710: 212 | K710: 4699 | L710: 4468 | M710: 231 | N710: 0.93 | O710: 132593 | P710: 128051 | Q710: 4542 | R710: 0.9657448 | S710: 0.95025103 | T710: 0.95202535 | U710: 0.9508406 | V710: -0.0017743182 | W710: 31613 | X710: 30433 | Y710: 31631 | Z710: 30595 | AA710: 0.96267358 | AB710: 0.96724732 | AC710: -0.004573737
A711: SEMARANG三宝垄 | B711: QOMAR | C711: CEU01 | D711: CEPU | E711: 1495 | F711: 1412 | G711: 83 | H711: 2842 | I711: 2735 | J711: 107 | K711: 2971 | L711: 2796 | M711: 175 | N711: 0.93 | O711: 85641 | P711: 81881 | Q711: 3760 | R711: 0.9560958 | S711: 0.94448161 | T711: 0.96235046 | U711: 0.94109727 | V711: -0.017868852 | W711: 20195 | X711: 19382 | Y711: 19925 | Z711: 19136 | AA711: 0.95974251 | AB711: 0.96040151 | AC711: -0.00065899512
A712: SEMARANG三宝垄 | B712: QOMAR | C712: CEU02 | D712: RANDUBLATUNG | E712: 1005 | F712: 963 | G712: 42 | H712: 2066 | I712: 1993 | J712: 73 | K712: 2141 | L712: 2069 | M712: 72 | N712: 0.93 | O712: 63058 | P712: 61200 | Q712: 1858 | R712: 0.97053506 | S712: 0.95820896 | T712: 0.96466602 | U712: 0.96637085 | V712: -0.0064570661 | W712: 14325 | X712: 13875 | Y712: 14773 | Z712: 14358 | AA712: 0.96858639 | AB712: 0.97190821 | AC712: -0.0033218235
A713: SEMARANG三宝垄 | B713: QOMAR | C713: BOL06 | D713: KEDUNGTUBAN | E713: 1195 | F713: 1171 | G713: 24 | H713: 2394 | I713: 2377 | J713: 17 | K713: 2533 | L713: 2503 | M713: 30 | N713: 0.93 | O713: 72330 | P713: 71503 | Q713: 827 | R713: 0.98856629 | S713: 0.97991632 | T713: 0.99289891 | U713: 0.98815634 | V713: -0.012982596 | W713: 16967 | X713: 16777 | Y713: 17075 | Z713: 16894 | AA713: 0.98880179 | AB713: 0.98939971 | AC713: -0.00059791546
A714: SEMARANG三宝垄 | B714: QOMAR | C714: BOL07 | D714: TUNJUNGAN | E714: 3136 | F714: 2929 | G714: 207 | H714: 6451 | I714: 6122 | J714: 329 | K714: 6653 | L714: 6248 | M714: 405 | N714: 0.93 | O714: 193987 | P714: 185880 | Q714: 8107 | R714: 0.95820854 | S714: 0.93399235 | T714: 0.94900016 | U714: 0.93912521 | V714: -0.015007808 | W714: 45853 | X714: 43764 | Y714: 45063 | Z714: 43190 | AA714: 0.95444137 | AB714: 0.95843597 | AC714: -0.0039946004
A715: SEMARANG三宝垄 | B715: QOMAR | C715: BOL08 | D715: JATI_BLORA | E715: 749 | F715: 691 | G715: 58 | H715: 1483 | I715: 1431 | J715: 52 | K715: 1454 | L715: 1387 | M715: 67 | N715: 0.93 | O715: 42383 | P715: 40649 | Q715: 1734 | R715: 0.95908737 | S715: 0.92256342 | T715: 0.96493594 | U715: 0.95392022 | V715: -0.042372523 | W715: 10116 | X715: 9742 | Y715: 10052 | Z715: 9674 | AA715: 0.96302887 | AB715: 0.96239554 | AC715: 0.00063332199
A716: SEMARANG三宝垄 | B716: QOMAR | C716: BOL09 | D716: SAMBONG | E716: 923 | F716: 832 | G716: 91 | H716: 1916 | I716: 1806 | J716: 110 | K716: 1986 | L716: 1875 | M716: 111 | N716: 0.93 | O716: 57268 | P716: 54278 | Q716: 2990 | R716: 0.94778934 | S716: 0.90140845 | T716: 0.94258873 | U716: 0.94410876 | V716: -0.041180276 | W716: 12949 | X716: 12195 | Y716: 13263 | Z716: 12590 | AA716: 0.94177157 | AB716: 0.94925733 | AC716: -0.0074857671
A717: SEMARANG三宝垄 | B717: EDDIE | C717: UNG07 | D717: SUMOWONO | E717: 1604 | F717: 1484 | G717: 120 | H717: 2187 | I717: 2058 | J717: 129 | K717: 2515 | L717: 2362 | M717: 153 | N717: 0.93 | O717: 75545 | P717: 72269 | Q717: 3276 | R717: 0.95663512 | S717: 0.92518703 | T717: 0.94101509 | U717: 0.93916501 | V717: -0.015828057 | W717: 17310 | X717: 16455 | Y717: 17581 | Z717: 16812 | AA717: 0.95060659 | AB717: 0.9562596 | AC717: -0.0056530126
A718: SEMARANG三宝垄 | B718: EDDIE | C718: AMB01 | D718: AMBARAWA | E718: 1070 | F718: 974 | G718: 96 | H718: 1366 | I718: 1297 | J718: 69 | K718: 1530 | L718: 1451 | M718: 79 | N718: 0.93 | O718: 48163 | P718: 46493 | Q718: 1670 | R718: 0.96532608 | S718: 0.91028037 | T718: 0.94948755 | U718: 0.94836601 | V718: -0.039207181 | W718: 10584 | X718: 10136 | Y718: 11005 | Z718: 10652 | AA718: 0.95767196 | AB718: 0.96792367 | AC718: -0.010251713
A719: SEMARANG三宝垄 | B719: EDDIE | C719: UNG01 | D719: UNGARAN | E719: 2051 | F719: 1900 | G719: 151 | H719: 3016 | I719: 2863 | J719: 153 | K719: 3598 | L719: 3338 | M719: 260 | N719: 0.93 | O719: 101473 | P719: 97470 | Q719: 4003 | R719: 0.96055108 | S719: 0.92637738 | T719: 0.94927056 | U719: 0.92773763 | V719: -0.02289318 | W719: 23906 | X719: 22844 | Y719: 23064 | Z719: 22180 | AA719: 0.95557601 | AB719: 0.96167187 | AC719: -0.0060958636
... A931: SEMARANG三宝垄 | B931: EDDIE | C931: SRG37 | D931: PANGGUNG_LOR | E931: 9 | F931: 9 | G931: 0 | H931: 20 | I931: 20 | J931: 0 | K931: 10 | L931: 10 | M931: 0 | N931: 0.93 | O931: 151 | P931: 151 | Q931: 0 | R931: 1 | S931: 1 | T931: 1 | U931: 1 | V931: 0 | W931: 80 | X931: 80 | Y931: 37 | Z931: 37 | AA931: 1 | AB931: 1 | AC931: 0
A932: SEMARANG三宝垄 | B932: - | C932: #N/A | D932: PUDAKPAYUNG | E932: 0 | F932: 0 | G932: 0 | H932: 0 | I932: 0 | J932: 0 | K932: 0 | L932: 0 | M932: 0 | N932: 0.93 | O932: 0 | P932: 0 | Q932: 0 | R932: 0 | S932: 0 | T932: 0 | U932: 0 | V932: 0 | W932: 0 | X932: 0 | Y932: 0 | Z932: 0 | AA932: 0 | AB932: 0 | AC932: 0
A933: SEMARANG三宝垄 | B933: - | C933: #N/A | D933: TEMBALANG | E933: 0 | F933: 0 | G933: 0 | H933: 0 | I933: 0 | J933: 0 | K933: 0 | L933: 0 | M933: 0 | N933: 0.93 | O933: 0 | P933: 0 | Q933: 0 | R933: 0 | S933: 0 | T933: 0 | U933: 0 | V933: 0 | W933: 0 | X933: 0 | Y933: 0 | Z933: 0 | AA933: 0 | AB933: 0 | AC933: 0
A934: SEMARANG三宝垄 | B934: - | C934: #N/A | D934: BUGANGAN | E934: 0 | F934: 0 | G934: 0 | H934: 0 | I934: 0 | J934: 0 | K934: 0 | L934: 0 | M934: 0 | N934: 0.93 | O934: 0 | P934: 0 | Q934: 0 | R934: 0 | S934: 0 | T934: 0 | U934: 0 | V934: 0 | W934: 0 | X934: 0 | Y934: 0 | Z934: 0 | AA934: 0 | AB934: 0 | AC934: 0
A935: SEMARANG三宝垄 | B935: KUKUH BARAT | C935: TGL03 | D935: DEBONG | E935: 0 | F935: 0 | G935: 0 | H935: 0 | I935: 0 | J935: 0 | K935: 0 | L935: 0 | M935: 0 | N935: 0.93 | O935: 0 | P935: 0 | Q935: 0 | R935: 0 | S935: 0 | T935: 0 | U935: 0 | V935: 0 | W935: 0 | X935: 0 | Y935: 0 | Z935: 0 | AA935: 0 | AB935: 0 | AC935: 0
A936: YOGYAKARTA日惹 | B936: AGUS SULAEMAN | C936: BTL01 | D936: BANTUL | E936: 934 | F936: 870 | G936: 64 | H936: 1468 | I936: 1422 | J936: 46 | K936: 1383 | L936: 1331 | M936: 52 | N936: 0.93 | O936: 38543 | P936: 37389 | Q936: 1154 | R936: 0.97005941 | S936: 0.93147752 | T936: 0.96866485 | U936: 0.96240058 | V936: -0.037187334 | W936: 9815 | X936: 9486 | Y936: 9230 | Z936: 8966 | AA936: 0.96647988 | AB936: 0.97139762 | AC936: -0.0049177387
A937: YOGYAKARTA日惹 | B937: AGUS SULAEMAN | C937: BTL03 | D937: KASIHAN | E937: 3166 | F937: 2870 | G937: 296 | H937: 5080 | I937: 4485 | J937: 595 | K937: 4363 | L937: 3805 | M937: 558 | N937: 0.93 | O937: 142961 | P937: 133108 | Q937: 9853 | R937: 0.93107911 | S937: 0.90650663 | T937: 0.88287402 | U937: 0.87210635 | V937: 0.023632617 | W937: 34463 | X937: 31651 | Y937: 33673 | Z937: 31572 | AA937: 0.91840525 | AB937: 0.9376058 | AC937: -0.019200551
A938: YOGYAKARTA日惹 | B938: AGUS SULAEMAN | C938: BTL04 | D938: SEWON | E938: 2188 | F938: 2084 | G938: 104 | H938: 3637 | I938: 3439 | J938: 198 | K938: 3168 | L938: 2820 | M938: 348 | N938: 0.93 | O938: 99002 | P938: 93586 | Q938: 5416 | R938: 0.94529403 | S938: 0.95246801 | T938: 0.94555953 | U938: 0.89015152 | V938: 0.0069084802 | W938: 23979 | X938: 22713 | Y938: 22915 | Z938: 21691 | AA938: 0.9472038 | AB938: 0.94658521 | AC938: 0.00061859713
A939: YOGYAKARTA日惹 | B939: AGUS SULAEMAN | C939: BTL06 | D939: DIRO | E939: 2536 | F939: 2430 | G939: 106 | H939: 4121 | I939: 3965 | J939: 156 | K939: 3743 | L939: 3644 | M939: 99 | N939: 0.93 | O939: 96229 | P939: 93281 | Q939: 2948 | R939: 0.96936474 | S939: 0.95820189 | T939: 0.96214511 | U939: 0.97355063 | V939: -0.0039432177 | W939: 27663 | X939: 26870 | Y939: 22575 | Z939: 21874 | AA939: 0.97133355 | AB939: 0.96894795 | AC939: 0.002385599
A940: YOGYAKARTA日惹 | B940: AGUS SULAEMAN | C940: BTL08 | D940: GOSE | E940: 1843 | F940: 1746 | G940: 97 | H940: 2928 | I940: 2845 | J940: 83 | K940: 2941 | L940: 2811 | M940: 130 | N940: 0.93 | O940: 90294 | P940: 87658 | Q940: 2636 | R940: 0.97080648 | S940: 0.94736842 | T940: 0.97165301 | U940: 0.95579735 | V940: -0.024284584 | W940: 21747 | X940: 20896 | Y940: 20753 | Z940: 20230 | AA940: 0.96086817 | AB940: 0.97479882 | AC940: -0.013930659
A941: YOGYAKARTA日惹 | B941: AGUS SULAEMAN | C941: BTL10 | D941: PERWITA | E941: 0 | F941: 0 | G941: 0 | H941: 1 | I941: 1 | J941: 0 | K941: 0 | L941: 0 | M941: 0 | N941: 0.93 | O941: 11 | P941: 11 | Q941: 0 | R941: 1 | S941: 0 | T941: 1 | U941: 0 | V941: -1 | W941: 3 | X941: 3 | Y941: 0 | Z941: 0 | AA941: 1 | AB941: 0 | AC941: 1
A942: YOGYAKARTA日惹 | B942: AGUS SULAEMAN | C942: BTL11A | D942: TAMANAN | E942: 2732 | F942: 2424 | G942: 308 | H942: 4411 | I942: 4032 | J942: 379 | K942: 4088 | L942: 3410 | M942: 678 | N942: 0.93 | O942: 120674 | P942: 109457 | Q942: 11217 | R942: 0.90704709 | S942: 0.88726208 | T942: 0.91407844 | U942: 0.83414873 | V942: -0.026816361 | W942: 29294 | X942: 26495 | Y942: 27324 | Z942: 24767 | AA942: 0.90445142 | AB942: 0.90641927 | AC942: -0.0019678416
A943: YOGYAKARTA日惹 | B943: AGUS SULAEMAN | C943: BTL11B | D943: WONOCATUR | E943: 0 | F943: 0 | G943: 0 | H943: 0 | I943: 0 | J943: 0 | K943: 0 | L943: 0 | M943: 0 | N943: 0.93 | O943: 1 | P943: 1 | Q943: 0 | R943: 1 | S943: 0 | T943: 0 | U943: 0 | V943: 0 | W943: 0 | X943: 0 | Y943: 0 | Z943: 0 | AA943: 0 | AB943: 0 | AC943: 0
A944: YOGYAKARTA日惹 | B944: AGUS SULAEMAN | C944: BTL12A | D944: SITIMULYO | E944: 1614 | F944: 1536 | G944: 78 | H944: 2253 | I944: 2143 | J944: 110 | K944: 2135 | L944: 1963 | M944: 172 | N944: 0.93 | O944: 62461 | P944: 59189 | Q944: 3272 | R944: 0.94761531 | S944: 0.95167286 | T944: 0.95117621 | U944: 0.91943794 | V944: 0.00049665296 | W944: 15377 | X944: 14646 | Y944: 14649 | Z944: 13957 | AA944: 0.95246147 | AB944: 0.95276128 | AC944: -0.00029981221
A945: YOGYAKARTA日惹 | B945: IMAM ARIEF BUDI SANTOSO | C945: BYL01 | D945: BOYOLALI | E945: 0 | F945: 0 | G945: 0 | H945: 0 | I945: 0 | J945: 0 | K945: 0 | L945: 0 | M945: 0 | N945: 0.93 | O945: 1 | P945: 0 | Q945: 1 | R945: 0 | S945: 0 | T945: 0 | U945: 0 | V945: 0 | W945: 0 | X945: 0 | Y945: 0 | Z945: 0 | AA945: 0 | AB945: 0 | AC945: 0
A946: YOGYAKARTA日惹 | B946: IMAM ARIEF BUDI SANTOSO | C946: BYL02 | D946: TERAS | E946: 1397 | F946: 1312 | G946: 85 | H946: 2524 | I946: 2407 | J946: 117 | K946: 3992 | L946: 3562 | M946: 430 | N946: 0.93 | O946: 75472 | P946: 69572 | Q946: 5900 | R946: 0.92182531 | S946: 0.93915533 | T946: 0.95364501 | U946: 0.89228457 | V946: -0.014489675 | W946: 17428 | X946: 16405 | Y946: 16047 | Z946: 14862 | AA946: 0.94130135 | AB946: 0.92615442 | AC946: 0.015146933
... A1586: BALI巴厘 | B1586: I Nyoman Andika Indrananta,S.E.,M.M | C1586: SGA15 | D1586: SUKASADA | E1586: 2376 | F1586: 2272 | G1586: 104 | H1586: 2941 | I1586: 2745 | J1586: 196 | K1586: 3439 | L1586: 3273 | M1586: 166 | N1586: 0.93 | O1586: 95557 | P1586: 92493 | Q1586: 3064 | R1586: 0.96793537 | S1586: 0.95622896 | T1586: 0.933356 | U1586: 0.95173015 | V1586: 0.022872955 | W1586: 21523 | X1586: 20652 | Y1586: 22854 | Z1586: 22188 | AA1586: 0.95953166 | AB1586: 0.97085849 | AC1586: -0.011326829
A1587: BALI巴厘 | B1587: I Nyoman Andika Indrananta,S.E.,M.M | C1587: #N/A | D1587: CP_SANGSIT | E1587: 0 | F1587: 0 | G1587: 0 | H1587: 0 | I1587: 0 | J1587: 0 | K1587: 0 | L1587: 0 | M1587: 0 | N1587: 0.93 | O1587: 0 | P1587: 0 | Q1587: 0 | R1587: 0 | S1587: 0 | T1587: 0 | U1587: 0 | V1587: 0 | W1587: 0 | X1587: 0 | Y1587: 0 | Z1587: 0 | AA1587: 0 | AB1587: 0 | AC1587: 0
A1588: BALI巴厘 | B1588: Blue | C1588: PYW06 | D1588: PENGADANG | E1588: 878 | F1588: 772 | G1588: 106 | H1588: 1459 | I1588: 1307 | J1588: 152 | K1588: 1619 | L1588: 1452 | M1588: 167 | N1588: 0.93 | O1588: 46494 | P1588: 42129 | Q1588: 4365 | R1588: 0.90611692 | S1588: 0.87927107 | T1588: 0.89581905 | U1588: 0.89684991 | V1588: -0.016547984 | W1588: 10271 | X1588: 9179 | Y1588: 11796 | Z1588: 10843 | AA1588: 0.89368124 | AB1588: 0.9192099 | AC1588: -0.025528663
A1589: BALI巴厘 | B1589: Hujjatul Islam | C1589: DPU03 | D1589: WOJA | E1589: 2470 | F1589: 2064 | G1589: 406 | H1589: 619 | I1589: 574 | J1589: 45 | K1589: 1410 | L1589: 1206 | M1589: 204 | N1589: 0.93 | O1589: 34467 | P1589: 31150 | Q1589: 3317 | R1589: 0.90376302 | S1589: 0.83562753 | T1589: 0.9273021 | U1589: 0.85531915 | V1589: -0.09167457 | W1589: 9286 | X1589: 8026 | Y1589: 7817 | Z1589: 7036 | AA1589: 0.86431187 | AB1589: 0.90008955 | AC1589: -0.035777681
A1590: BALI巴厘 | B1590: Blue | C1590: SLO06 | D1590: PRINGGABAYA | E1590: 3310 | F1590: 3112 | G1590: 198 | H1590: 3231 | I1590: 3088 | J1590: 143 | K1590: 4026 | L1590: 3838 | M1590: 188 | N1590: 0.93 | O1590: 100002 | P1590: 96127 | Q1590: 3875 | R1590: 0.96125077 | S1590: 0.94018127 | T1590: 0.95574126 | U1590: 0.95330353 | V1590: -0.015559988 | W1590: 23371 | X1590: 22427 | Y1590: 24035 | Z1590: 23157 | AA1590: 0.95960806 | AB1590: 0.96346994 | AC1590: -0.0038618784
A1591: BALI巴厘 | B1591: Blue | C1591: SLO09 | D1591: KERUAK | E1591: 2094 | F1591: 1990 | G1591: 104 | H1591: 2355 | I1591: 2299 | J1591: 56 | K1591: 2545 | L1591: 2456 | M1591: 89 | N1591: 0.93 | O1591: 63142 | P1591: 61103 | Q1591: 2039 | R1591: 0.96770771 | S1591: 0.95033429 | T1591: 0.97622081 | U1591: 0.96502947 | V1591: -0.025886518 | W1591: 15642 | X1591: 15196 | Y1591: 15676 | Z1591: 15067 | AA1591: 0.97148702 | AB1591: 0.9611508 | AC1591: 0.010336218
A1592: BALI巴厘 | B1592: I Nyoman Andika Indrananta,S.E.,M.M | C1592: BNL04 | D1592: TEMBUKU | E1592: 1186 | F1592: 1021 | G1592: 165 | H1592: 1134 | I1592: 960 | J1592: 174 | K1592: 1360 | L1592: 1196 | M1592: 164 | N1592: 0.93 | O1592: 41803 | P1592: 37193 | Q1592: 4610 | R1592: 0.88972083 | S1592: 0.8608769 | T1592: 0.84656085 | U1592: 0.87941176 | V1592: 0.014316051 | W1592: 9623 | X1592: 8490 | Y1592: 9864 | Z1592: 8819 | AA1592: 0.88226125 | AB1592: 0.89405921 | AC1592: -0.011797956
A1593: BALI巴厘 | B1593: Hujjatul Islam | C1593: SWW09 | D1593: MOYO | E1593: 800 | F1593: 610 | G1593: 190 | H1593: 1011 | I1593: 726 | J1593: 285 | K1593: 907 | L1593: 700 | M1593: 207 | N1593: 0.93 | O1593: 25530 | P1593: 15935 | Q1593: 9595 | R1593: 0.62416765 | S1593: 0.7625 | T1593: 0.71810089 | U1593: 0.77177508 | V1593: 0.04439911 | W1593: 6071 | X1593: 4641 | Y1593: 6180 | Z1593: 4013 | AA1593: 0.76445396 | AB1593: 0.64935275 | AC1593: 0.11510121
A1594: BALI巴厘 | B1594: Hujjatul Islam | C1594: WHO05 | D1594: MONTA | E1594: 3419 | F1594: 2737 | G1594: 682 | H1594: 191 | I1594: 153 | J1594: 38 | K1594: 1896 | L1594: 1495 | M1594: 401 | N1594: 0.93 | O1594: 43736 | P1594: 35511 | Q1594: 8225 | R1594: 0.81193982 | S1594: 0.80052647 | T1594: 0.80104712 | U1594: 0.78850211 | V1594: -0.00052065069 | W1594: 11718 | X1594: 9337 | Y1594: 10581 | Z1594: 8647 | AA1594: 0.79680833 | AB1594: 0.81721954 | AC1594: -0.020411215
A1595: BALI巴厘 | B1595: Hujjatul Islam | C1595: SWW08 | D1595: LUNYUK | E1595: 728 | F1595: 636 | G1595: 92 | H1595: 982 | I1595: 874 | J1595: 108 | K1595: 93 | L1595: 80 | M1595: 13 | N1595: 0.93 | O1595: 23153 | P1595: 18828 | Q1595: 4325 | R1595: 0.81319915 | S1595: 0.87362637 | T1595: 0.89002037 | U1595: 0.86021505 | V1595: -0.016393993 | W1595: 4985 | X1595: 3698 | Y1595: 5630 | Z1595: 3897 | AA1595: 0.74182548 | AB1595: 0.69218472 | AC1595: 0.049640752
A1596: BALI巴厘 | B1596: Hujjatul Islam | C1596: TAW04 | D1596: BRANG_REA | E1596: 770 | F1596: 763 | G1596: 7 | H1596: 1591 | I1596: 1583 | J1596: 8 | K1596: 9 | L1596: 8 | M1596: 1 | N1596: 0.93 | O1596: 23817 | P1596: 23410 | Q1596: 407 | R1596: 0.98291137 | S1596: 0.99090909 | T1596: 0.99497172 | U1596: 0.88888889 | V1596: -0.004062625 | W1596: 5826 | X1596: 5526 | Y1596: 5700 | Z1596: 5648 | AA1596: 0.94850669 | AB1596: 0.99087719 | AC1596: -0.042370499
A1597: BALI巴厘 | B1597: Hujjatul Islam | C1597: BMU03 | D1597: MPUNDA | E1597: 1143 | F1597: 870 | G1597: 273 | H1597: 1527 | I1597: 1083 | J1597: 444 | K1597: 1291 | L1597: 816 | M1597: 475 | N1597: 0.93 | O1597: 34747 | P1597: 25058 | Q1597: 9689 | R1597: 0.72115578 | S1597: 0.76115486 | T1597: 0.70923379 | U1597: 0.63206816 | V1597: 0.051921064 | W1597: 8577 | X1597: 6090 | Y1597: 8373 | Z1597: 5605 | AA1597: 0.71003847 | AB1597: 0.66941359 | AC1597: 0.040624884
A1598: BALI巴厘 | B1598: Blue | C1598: SLO05 | D1598: REMPUNG | E1598: 1802 | F1598: 1740 | G1598: 62 | H1598: 1986 | I1598: 1953 | J1598: 33 | K1598: 2199 | L1598: 2169 | M1598: 30 | N1598: 0.93 | O1598: 58820 | P1598: 58003 | Q1598: 817 | R1598: 0.98611017 | S1598: 0.96559378 | T1598: 0.98338369 | U1598: 0.98635744 | V1598: -0.017789901 | W1598: 13440 | X1598: 13235 | Y1598: 14455 | Z1598: 14301 | AA1598: 0.98474702 | AB1598: 0.98934625 | AC1598: -0.0045992232
A1599: BALI巴厘 | B1599: I Nyoman Andika Indrananta,S.E.,M.M | C1599: KKL04 | D1599: BANJARANGKAN | E1599: 1193 | F1599: 1167 | G1599: 26 | H1599: 1430 | I1599: 1418 | J1599: 12 | K1599: 1287 | L1599: 1262 | M1599: 25 | N1599: 0.93 | O1599: 40395 | P1599: 39755 | Q1599: 640 | R1599: 0.98415646 | S1599: 0.9782062 | T1599: 0.99160839 | U1599: 0.98057498 | V1599: -0.013402189 | W1599: 9466 | X1599: 9367 | Y1599: 9419 | Z1599: 9197 | AA1599: 0.98954152 | AB1599: 0.97643062 | AC1599: 0.013110898
... A1687: BALI巴厘 | B1687: Ika Elfiera Sinaga | C1687: DPS84 | D1687: PADANG_UDAYANA | E1687: 2196 | F1687: 2048 | G1687: 148 | H1687: 2815 | I1687: 2739 | J1687: 76 | K1687: 2950 | L1687: 2780 | M1687: 170 | N1687: 0.93 | O1687: 89717 | P1687: 86409 | Q1687: 3308 | R1687: 0.9631285 | S1687: 0.93260474 | T1687: 0.97300178 | U1687: 0.94237288 | V1687: -0.04039704 | W1687: 19569 | X1687: 18788 | Y1687: 22032 | Z1687: 21362 | AA1687: 0.96008994 | AB1687: 0.96958969 | AC1687: -0.0094997496
A1688: BALI巴厘 | B1688: Ika Elfiera Sinaga | C1688: #N/A | D1688: CP_PEMECUTAN_KAJA | E1688: 0 | F1688: 0 | G1688: 0 | H1688: 0 | I1688: 0 | J1688: 0 | K1688: 0 | L1688: 0 | M1688: 0 | N1688: 0.93 | O1688: 0 | P1688: 0 | Q1688: 0 | R1688: 0 | S1688: 0 | T1688: 0 | U1688: 0 | V1688: 0 | W1688: 0 | X1688: 0 | Y1688: 0 | Z1688: 0 | AA1688: 0 | AB1688: 0 | AC1688: 0
A1689: BALI巴厘 | B1689: Ika Elfiera Sinaga | C1689: #N/A | D1689: KALIMUTU | E1689: 0 | F1689: 0 | G1689: 0 | H1689: 0 | I1689: 0 | J1689: 0 | K1689: 0 | L1689: 0 | M1689: 0 | N1689: 0.93 | O1689: 0 | P1689: 0 | Q1689: 0 | R1689: 0 | S1689: 0 | T1689: 0 | U1689: 0 | V1689: 0 | W1689: 0 | X1689: 0 | Y1689: 0 | Z1689: 0 | AA1689: 0 | AB1689: 0 | AC1689: 0
A1690: BALI巴厘 | B1690: Ida I Dewa Agung Santawya | C1690: MGW25 | D1690: CP_SEMER | E1690: 0 | F1690: 0 | G1690: 0 | H1690: 0 | I1690: 0 | J1690: 0 | K1690: 0 | L1690: 0 | M1690: 0 | N1690: 0.93 | O1690: 0 | P1690: 0 | Q1690: 0 | R1690: 0 | S1690: 0 | T1690: 0 | U1690: 0 | V1690: 0 | W1690: 0 | X1690: 0 | Y1690: 0 | Z1690: 0 | AA1690: 0 | AB1690: 0 | AC1690: 0
A1691: BALI巴厘 | B1691: Ika Elfiera Sinaga | C1691: DPS31 | D1691: KARTINI | E1691: 2527 | F1691: 2349 | G1691: 178 | H1691: 1918 | I1691: 1760 | J1691: 158 | K1691: 1383 | L1691: 1257 | M1691: 126 | N1691: 0.93 | O1691: 79469 | P1691: 74915 | Q1691: 4554 | R1691: 0.94269464 | S1691: 0.92956074 | T1691: 0.91762252 | U1691: 0.90889371 | V1691: 0.011938221 | W1691: 15774 | X1691: 14827 | Y1691: 18780 | Z1691: 17732 | AA1691: 0.9399645 | AB1691: 0.94419595 | AC1691: -0.0042314546
A1692: BALI巴厘 | B1692: Ika Elfiera Sinaga | C1692: DPS41 | D1692: DENPASAR_BARAT2 | E1692: 0 | F1692: 0 | G1692: 0 | H1692: 0 | I1692: 0 | J1692: 0 | K1692: 0 | L1692: 0 | M1692: 0 | N1692: 0.93 | O1692: 0 | P1692: 0 | Q1692: 0 | R1692: 0 | S1692: 0 | T1692: 0 | U1692: 0 | V1692: 0 | W1692: 0 | X1692: 0 | Y1692: 0 | Z1692: 0 | AA1692: 0 | AB1692: 0 | AC1692: 0
A1693: BALI巴厘 | B1693: Komang Astra Putra Gunawan | C1693: MGW23 | D1693: ULUWATU1 | E1693: 2686 | F1693: 2360 | G1693: 326 | H1693: 3519 | I1693: 3150 | J1693: 369 | K1693: 3883 | L1693: 3379 | M1693: 504 | N1693: 0.93 | O1693: 116258 | P1693: 105104 | Q1693: 11154 | R1693: 0.90405822 | S1693: 0.87862993 | T1693: 0.89514066 | U1693: 0.87020345 | V1693: -0.016510732 | W1693: 24727 | X1693: 22253 | Y1693: 27965 | Z1693: 25456 | AA1693: 0.89994743 | AB1693: 0.91028071 | AC1693: -0.010333282
A1694: BALI巴厘 | B1694: Ika Elfiera Sinaga | C1694: DPS42 | D1694: DC_DENPASAR_BARAT | E1694: 1712 | F1694: 1630 | G1694: 82 | H1694: 2236 | I1694: 2133 | J1694: 103 | K1694: 2478 | L1694: 2315 | M1694: 163 | N1694: 0.93 | O1694: 73672 | P1694: 71332 | Q1694: 2340 | R1694: 0.96823759 | S1694: 0.9521028 | T1694: 0.9539356 | U1694: 0.93422115 | V1694: -0.0018327955 | W1694: 15754 | X1694: 15061 | Y1694: 17868 | Z1694: 17325 | AA1694: 0.95601117 | AB1694: 0.96961048 | AC1694: -0.013599305
A1695: BALI巴厘 | B1695: Ika Elfiera Sinaga | C1695: DPS37 | D1695: SOPUTAN | E1695: 0 | F1695: 0 | G1695: 0 | H1695: 0 | I1695: 0 | J1695: 0 | K1695: 0 | L1695: 0 | M1695: 0 | N1695: 0.93 | O1695: 0 | P1695: 0 | Q1695: 0 | R1695: 0 | S1695: 0 | T1695: 0 | U1695: 0 | V1695: 0 | W1695: 0 | X1695: 0 | Y1695: 0 | Z1695: 0 | AA1695: 0 | AB1695: 0 | AC1695: 0
A1696: BALI巴厘 | B1696: Ika Elfiera Sinaga | C1696: DPS01 | D1696: DENPASAR | E1696: 1 | F1696: 0 | G1696: 1 | H1696: 0 | I1696: 0 | J1696: 0 | K1696: 0 | L1696: 0 | M1696: 0 | N1696: 0.93 | O1696: 7 | P1696: 6 | Q1696: 1 | R1696: 0.85714286 | S1696: 0 | T1696: 0 | U1696: 0 | V1696: 0 | W1696: 7 | X1696: 6 | Y1696: 0 | Z1696: 0 | AA1696: 0.85714286 | AB1696: 0 | AC1696: 0.85714286
A1697: BALI巴厘 | B1697: Komang Astra Putra Gunawan | C1697: MGW17 | D1697: KUTA_SELATAN | E1697: 2975 | F1697: 2495 | G1697: 480 | H1697: 3556 | I1697: 3044 | J1697: 512 | K1697: 4267 | L1697: 3671 | M1697: 596 | N1697: 0.93 | O1697: 112492 | P1697: 101482 | Q1697: 11010 | R1697: 0.90212637 | S1697: 0.83865546 | T1697: 0.856018 | U1697: 0.86032341 | V1697: -0.017362536 | W1697: 25165 | X1697: 22485 | Y1697: 27361 | Z1697: 24832 | AA1697: 0.89350288 | AB1697: 0.90756917 | AC1697: -0.014066287
A1698: BALI巴厘 | B1698: Ika Elfiera Sinaga | C1698: DPS07 | D1698: SIULAN | E1698: 0 | F1698: 0 | G1698: 0 | H1698: 0 | I1698: 0 | J1698: 0 | K1698: 1 | L1698: 1 | M1698: 0 | N1698: 0.93 | O1698: 10 | P1698: 10 | Q1698: 0 | R1698: 1 | S1698: 0 | T1698: 0 | U1698: 1 | V1698: 0 | W1698: 6 | X1698: 6 | Y1698: 3 | Z1698: 3 | AA1698: 1 | AB1698: 1 | AC1698: 0
A1699: BALI巴厘 | B1699: Ika Elfiera Sinaga | C1699: DPS11 | D1699: SANUR_KAJA | E1699: 1 | F1699: 1 | G1699: 0 | H1699: 0 | I1699: 0 | J1699: 0 | K1699: 0 | L1699: 0 | M1699: 0 | N1699: 0.93 | O1699: 4 | P1699: 4 | Q1699: 0 | R1699: 1 | S1699: 1 | T1699: 0 | U1699: 0 | V1699: 1 | W1699: 1 | X1699: 1 | Y1699: 3 | Z1699: 3 | AA1699: 1 | AB1699: 1 | AC1699: 0
A1700: BALI巴厘 | B1700: Ika Elfiera Sinaga | C1700: DPS19 | D1700: NUSA_KAMBANGAN | E1700: 0 | F1700: 0 | G1700: 0 | H1700: 0 | I1700: 0 | J1700: 0 | K1700: 0 | L1700: 0 | M1700: 0 | N1700: 0.93 | O1700: 9 | P1700: 8 | Q1700: 1 | R1700: 0.88888889 | S1700: 0 | T1700: 0 | U1700: 0 | V1700: 0 | W1700: 2 | X1700: 2 | Y1700: 5 | Z1700: 4 | AA1700: 1 | AB1700: 0.8 | AC1700: 0.2
A1701: BALI巴厘 | B1701: Hujjatul Islam | C1701: SWW20 | D1701: MOYO_HULU | E1701: 583 | F1701: 334 | G1701: 249 | H1701: 857 | I1701: 382 | J1701: 475 | K1701: 919 | L1701: 356 | M1701: 563 | N1701: 0.93 | O1701: 18724 | P1701: 6149 | Q1701: 12575 | R1701: 0.32840205 | S1701: 0.5728988 | T1701: 0.44574096 | U1701: 0.38737758 | V1701: 0.12715784 | W1701: 4776 | X1701: 2121 | Y1701: 4493 | Z1701: 1288 | AA1701: 0.44409548 | AB1701: 0.28666815 | AC1701: 0.15742733
... A1717: BALI巴厘 | B1717: Prisilia Nansiana Akong | C1717: KOE17 | D1717: KUPANG_TIMUR | E1717: 1215 | F1717: 784 | G1717: 431 | H1717: 1187 | I1717: 864 | J1717: 323 | K1717: 1098 | L1717: 878 | M1717: 220 | N1717: 0.93 | O1717: 13971 | P1717: 11622 | Q1717: 2349 | R1717: 0.83186601 | S1717: 0.64526749 | T1717: 0.72788543 | U1717: 0.7996357 | V1717: -0.082617936 | W1717: 5210 | X1717: 3906 | Y1717: 2655 | Z1717: 2320 | AA1717: 0.74971209 | AB1717: 0.87382298 | AC1717: -0.12411088

Sheet Display Retur
A1: 网管-雅加达退件率09月28日 NM-Monitoring Retur Agent Jawa-Bali 28 Sep 2026
A2: Cara Penarikan: • %Retur: JMS - Operasi - Monitor - Laporan Total Retur (Refine) - Sisi Deliver & Retur Logic: Retur = Total Regis Retur - Total Void Retur Persentase Retur = Total Retur/Total Delivery Retur Abnormal JMS - Penilaian - Paket Abnormal - Persen Retur Logic: Paket Retur Abnormal : Scan paket bermasalah atau scan simpan gudang dengan alasan yang abnormal pada saat proses retur %Retur Abnormal : Total Retur Abnormal / Retur · Fake Retur JMS - Operasi - Monitor - Monitor Call Bot - Detail - Respon Panggilan: "bersedia terima paket" Logic: Total Fake Retur = Total Retur (Respon Panggilan: "bersedia terima paket") Persentase Fake Retur = Total Fake Retur/Total Retur | H2: 取值路径: ·退件率: JMS-操作平台-数据监控-退件量报表(新) 逻辑: 退件量=退件登记票数-退件作废票数 退件率=退件量/派件量 异常退件 JMS-经营指标-异常件-退件率监控 逻辑: 异常退件:退件流程中扫问题件或留仓件扫描(异常原因) 异常退件率:异常退件量/退件总票数 ·虚假退件 JMS-操作平台-数据监控-机器人呼叫监控-机器人呼呼叫响。应:"愿意接受快件" 逻辑: 虚假退件量=退件量(机器人呼叫响应:"愿意接受快件") 虚假退件率=虚假退件量/退件量
A3: 代理区 Agent | B3: RM | C3: 网点代码 Kode DP | D3: 网点名称 Nama DP | E3: Total Delivery 28 Sep 2026 | F3: 退件量-退件 登记票数 Jumlah Regist Retur 28 Sep 2026 | G3: 退件量-退件 确认票数 Jumlah Konfirmasi Retur 28 Sep 2026 | H3: 退件量-退件签 收票数 Jumlah TTD Retur 28 Sep 2026 | I3: 退件量-退件作 废票数 Jumlah Void Retur 28 Sep 2026 | J3: Total Delivery 27 Sep 2026 | K3: 退件量-退件 登记票数 Jumlah Regist Retur 27 Sep 2026 | L3: 退件量-退件 确认票数 Jumlah Konfirmasi Retur 27 Sep 2026 | M3: 退件量-退件签 收票数 Jumlah TTD Retur 27 Sep 2026 | N3: 退件量-退件作 废票数 Jumlah Void Retur 27 Sep 2026 | O3: Total Delivery 26 Sep 2026 | P3: 退件量-退件 登记票数 Jumlah Regist Retur 26 Sep 2026 | Q3: 退件量-退件 确认票数 Jumlah Konfirmasi Retur 26 Sep 2026 | R3: 退件量-退件签 收票数 Jumlah TTD Retur 26 Sep 2026 | S3: 退件量-退件作 废票数 Jumlah Void Retur 26 Sep 2026 | T3: 目标值 Target | U3: Total Delivery Bulanan | V3: 退件量-退件登记票数 Jumlah Regist Retur Bulanan | W3: 退件量-退件确认票数 Jumlah Konfirmasi Retur Bulanan | X3: 退件量-退件作废票数 Jumlah Void Retur Bulanan | Y3: 退件量-退件签收票数 Jumlah TTD Retur Bulanan | Z3: 月累计 退件率 %Retur Bulanan | AA3: 退件率 %Retur | AD3: 对比昨天 Perbandingan H-1 | AE3: Total Delivery Mingguan 22 Sep - 28 Sep | AF3: 退件量-退件登记票数 Jumlah Regist Retur Mingguan 22 Sep - 28 Sep | AG3: 退件量-退件作废票数 Jumlah Void Retur Mingguan 22 Sep - 28 Sep | AH3: Total Delivery Mingguan 15 Sep - 21 Sep | AI3: 退件量-退件登记票数 Jumlah Regist Retur Mingguan 15 Sep - 21 Sep | AJ3: 退件量-退件作废票数 Jumlah Void Retur Mingguan 15 Sep - 21 Sep | AK3: 周度率 Persentase Mingguan | AM3: 对比上周 Perbandingan Mingguan
AA4: ='Display ALL DP'!L8 -> 46294 | AB4: =AA4-1 -> 46293 | AC4: =AA4-2 -> 46292 | AK4: =TEXT(AR12,"DD MMM")&" - "&TEXT(AR11,"DD MMM") -> 23 Sep - 29 Sep | AL4: =TEXT(AR14,"DD MMM")&" - "&TEXT(AR13,"DD MMM") -> 16 Sep - 22 Sep
D5: AGENT40 | E5: 6219759 | F5: 145355 | G5: 95575 | H5: 2685 | I5: 10 | J5: 5750515 | K5: 157579 | L5: 156963 | M5: 15456 | N5: 39 | O5: 7015840 | P5: 155349 | Q5: 155142 | R5: 58373 | S5: 56 | T5: 0.015 | U5: 208965128 | V5: 4691233 | W5: 4636657 | X5: 4638 | Y5: 4099055 | Z5: 0.022427642 | AA5: 0.023368269 | AB5: 0.027395807 | AC5: 0.022134627 | AD5: -0.0040275384 | AE5: 48145489 | AF5: 1103128 | AG5: 493 | AH5: 48185661 | AI5: 1117198 | AJ5: 1059 | AK5: 0.022902146 | AL5: 0.023163302 | AM5: -0.00026115601 | AN5: 5
A7: BALI巴厘 | B7: Blue | C7: SLO02 | D7: LABUAN_LOMBOK | E7: 1958 | F7: 238 | G7: 171 | H7: 0 | I7: 0 | J7: 3248 | K7: 164 | L7: 164 | M7: 0 | N7: 0 | O7: 3311 | P7: 169 | Q7: 168 | R7: 0 | S7: 0 | T7: 0.015 | U7: 98228 | V7: 5667 | W7: 5597 | X7: 3 | Y7: 4600 | Z7: 0.057661767 | AA7: 0.1215526 | AB7: 0.050492611 | AC7: 0.051041981 | AD7: 0.071059994 | AE7: 21522 | AF7: 1380 | AG7: 0 | AH7: 23755 | AI7: 1392 | AJ7: 1 | AK7: 0.064120435 | AL7: 0.058556093 | AM7: 0.0055643414
A8: BALI巴厘 | B8: Blue | C8: SLO09 | D8: KERUAK | E8: 1662 | F8: 192 | G8: 151 | H8: 0 | I8: 0 | J8: 2759 | K8: 181 | L8: 177 | M8: 0 | N8: 0 | O8: 2528 | P8: 283 | Q8: 283 | R8: 0 | S8: 0 | T8: 0.015 | U8: 78994 | V8: 7076 | W8: 7031 | X8: 1 | Y8: 5757 | Z8: 0.089563764 | AA8: 0.11552347 | AB8: 0.06560348 | AC8: 0.1119462 | AD8: 0.049919986 | AE8: 18637 | AF8: 1702 | AG8: 0 | AH8: 19680 | AI8: 1822 | AJ8: 1 | AK8: 0.091323711 | AL8: 0.092530488 | AM8: -0.0012067769
A9: BALI巴厘 | B9: Blue | C9: SLO05 | D9: REMPUNG | E9: 1190 | F9: 53 | G9: 39 | H9: 0 | I9: 0 | J9: 2059 | K9: 118 | L9: 118 | M9: 0 | N9: 0 | O9: 2240 | P9: 88 | Q9: 88 | R9: 1 | S9: 0 | T9: 0.015 | U9: 68111 | V9: 2659 | W9: 2644 | X9: 0 | Y9: 2212 | Z9: 0.039039215 | AA9: 0.044537815 | AB9: 0.057309373 | AC9: 0.039285714 | AD9: -0.012771558 | AE9: 14221 | AF9: 569 | AG9: 0 | AH9: 16819 | AI9: 693 | AJ9: 0 | AK9: 0.040011251 | AL9: 0.041203401 | AM9: -0.0011921499
A10: BALI巴厘 | B10: Blue | C10: SLO02B | D10: MASBAGIK_1 | E10: 1686 | F10: 53 | G10: 39 | H10: 0 | I10: 0 | J10: 3256 | K10: 120 | L10: 120 | M10: 2 | N10: 0 | O10: 3343 | P10: 121 | Q10: 121 | R10: 1 | S10: 0 | T10: 0.015 | U10: 96246 | V10: 2570 | W10: 2556 | X10: 1 | Y10: 2112 | Z10: 0.026692018 | AA10: 0.03143535 | AB10: 0.036855037 | AC10: 0.036195034 | AD10: -0.0054196869 | AE10: 21229 | AF10: 646 | AG10: 0 | AH10: 24081 | AI10: 624 | AJ10: 1 | AK10: 0.030430072 | AL10: 0.025871019 | AM10: 0.0045590534
A11: BALI巴厘 | B11: Blue | C11: SLO08A | D11: LABUAN_HAJI | E11: 974 | F11: 74 | G11: 49 | H11: 0 | I11: 0 | J11: 1655 | K11: 63 | L11: 63 | M11: 0 | N11: 0 | O11: 1848 | P11: 45 | Q11: 45 | R11: 0 | S11: 0 | T11: 0.015 | U11: 50950 | V11: 1740 | W11: 1715 | X11: 0 | Y11: 1422 | Z11: 0.034151129 | AA11: 0.075975359 | AB11: 0.038066465 | AC11: 0.024350649 | AD11: 0.037908894 | AE11: 11223 | AF11: 402 | AG11: 0 | AH11: 12509 | AI11: 466 | AJ11: 0 | AK11: 0.0358193 | AL11: 0.037253178 | AM11: -0.0014338781 | AQ11: =AA4 -> 46294 | AR11: =AA4 -> 46294
A12: BALI巴厘 | B12: Blue | C12: SLO01 | D12: SELONG | E12: 1955 | F12: 106 | G12: 78 | H12: 0 | I12: 0 | J12: 3718 | K12: 200 | L12: 200 | M12: 0 | N12: 0 | O12: 3745 | P12: 189 | Q12: 189 | R12: 4 | S12: 0 | T12: 0.015 | U12: 108272 | V12: 4710 | W12: 4677 | X12: 3 | Y12: 3838 | Z12: 0.043473844 | AA12: 0.054219949 | AB12: 0.053792361 | AC12: 0.05046729 | AD12: 0.00042758736 | AE12: 23291 | AF12: 1121 | AG12: 0 | AH12: 26693 | AI12: 1212 | AJ12: 0 | AK12: 0.048130179 | AL12: 0.045405162 | AM12: 0.0027250166 | AR12: =AR11-6 -> 46288
A13: BALI巴厘 | B13: Blue | C13: SLO03 | D13: SIKUR | E13: 1988 | F13: 104 | G13: 65 | H13: 0 | I13: 0 | J13: 3745 | K13: 167 | L13: 167 | M13: 0 | N13: 0 | O13: 3784 | P13: 132 | Q13: 132 | R13: 4 | S13: 0 | T13: 0.015 | U13: 113572 | V13: 3912 | W13: 3872 | X13: 0 | Y13: 3215 | Z13: 0.03444511 | AA13: 0.052313883 | AB13: 0.04459279 | AC13: 0.034883721 | AD13: 0.0077210929 | AE13: 24993 | AF13: 913 | AG13: 0 | AH13: 28779 | AI13: 946 | AJ13: 0 | AK13: 0.036530228 | AL13: 0.032871191 | AM13: 0.0036590377 | AR13: =AR12-1 -> 46287
A14: BALI巴厘 | B14: Blue | C14: SLO04 | D14: SAKRA_BARAT | E14: 2629 | F14: 157 | G14: 108 | H14: 0 | I14: 0 | J14: 3845 | K14: 107 | L14: 106 | M14: 0 | N14: 0 | O14: 3686 | P14: 189 | Q14: 189 | R14: 2 | S14: 0 | T14: 0.015 | U14: 107104 | V14: 4139 | W14: 4087 | X14: 1 | Y14: 3401 | Z14: 0.038635345 | AA14: 0.059718524 | AB14: 0.027828349 | AC14: 0.051275095 | AD14: 0.031890176 | AE14: 25094 | AF14: 1033 | AG14: 0 | AH14: 26778 | AI14: 1053 | AJ14: 1 | AK14: 0.041165219 | AL14: 0.039285981 | AM14: 0.0018792377 | AR14: =AR13-6 -> 46281
A15: BALI巴厘 | B15: Blue | C15: SLO06 | D15: PRINGGABAYA | E15: 2317 | F15: 270 | G15: 195 | H15: 0 | I15: 0 | J15: 4005 | K15: 314 | L15: 312 | M15: 0 | N15: 0 | O15: 4337 | P15: 318 | Q15: 318 | R15: 2 | S15: 0 | T15: 0.015 | U15: 128545 | V15: 7788 | W15: 7710 | X15: 2 | Y15: 6320 | Z15: 0.060570228 | AA15: 0.11653 | AB15: 0.078401998 | AC15: 0.073322573 | AD15: 0.038127998 | AE15: 27475 | AF15: 1943 | AG15: 1 | AH15: 32217 | AI15: 1915 | AJ15: 0 | AK15: 0.070682439 | AL15: 0.059440668 | AM15: 0.011241771 | AR15: 46266
A16: BALI巴厘 | B16: Blue | C16: AMI09 | D16: DASAN_CERMEN | E16: 2045 | F16: 200 | G16: 131 | H16: 0 | I16: 0 | J16: 2794 | K16: 120 | L16: 119 | M16: 0 | N16: 0 | O16: 2504 | P16: 180 | Q16: 180 | R16: 5 | S16: 0 | T16: 0.015 | U16: 75901 | V16: 4993 | W16: 4918 | X16: 3 | Y16: 4174 | Z16: 0.065743534 | AA16: 0.097799511 | AB16: 0.042949177 | AC16: 0.071884984 | AD16: 0.054850334 | AE16: 17494 | AF16: 1190 | AG16: 0 | AH16: 18136 | AI16: 1340 | AJ16: 0 | AK16: 0.068023322 | AL16: 0.073886193 | AM16: -0.0058628709
A17: BALI巴厘 | B17: Blue | C17: AMI01 | D17: MATARAM | E17: 1901 | F17: 99 | G17: 75 | H17: 0 | I17: 0 | J17: 2702 | K17: 127 | L17: 126 | M17: 0 | N17: 0 | O17: 2413 | P17: 129 | Q17: 129 | R17: 6 | S17: 1 | T17: 0.015 | U17: 75932 | V17: 3548 | W17: 3523 | X17: 3 | Y17: 2937 | Z17: 0.046686509 | AA17: 0.052077854 | AB17: 0.047002221 | AC17: 0.053046001 | AD17: 0.0050756332 | AE17: 17310 | AF17: 846 | AG17: 2 | AH17: 17649 | AI17: 866 | AJ17: 0 | AK17: 0.048757943 | AL17: 0.049067936 | AM17: -0.00030999248
A18: BALI巴厘 | B18: Blue | C18: AMI04A | D18: MONJOK_1 | E18: 1926 | F18: 120 | G18: 83 | H18: 0 | I18: 0 | J18: 2800 | K18: 132 | L18: 131 | M18: 0 | N18: 0 | O18: 2516 | P18: 137 | Q18: 137 | R18: 0 | S18: 0 | T18: 0.015 | U18: 77197 | V18: 4163 | W18: 4125 | X18: 2 | Y18: 3484 | Z18: 0.053901058 | AA18: 0.062305296 | AB18: 0.047142857 | AC18: 0.05445151 | AD18: 0.015162439 | AE18: 17639 | AF18: 878 | AG18: 1 | AH18: 18072 | AI18: 1039 | AJ18: 0 | AK18: 0.049719372 | AL18: 0.057492253 | AM18: -0.0077728814
A19: BALI巴厘 | B19: Blue | C19: AMI02 | D19: KESRA | E19: 3969 | F19: 285 | G19: 216 | H19: 0 | I19: 0 | J19: 5231 | K19: 355 | L19: 355 | M19: 0 | N19: 0 | O19: 5066 | P19: 317 | Q19: 317 | R19: 5 | S19: 0 | T19: 0.015 | U19: 158156 | V19: 9310 | W19: 9241 | X19: 0 | Y19: 7805 | Z19: 0.05886593 | AA19: 0.0718065 | AB19: 0.067864653 | AC19: 0.062574023 | AD19: 0.0039418473 | AE19: 35629 | AF19: 2244 | AG19: 0 | AH19: 38256 | AI19: 2354 | AJ19: 0 | AK19: 0.062982402 | AL19: 0.061532831 | AM19: 0.0014495705
A20: BALI巴厘 | B20: Blue | C20: AMI04 | D20: TAMAN_SARI | E20: 1818 | F20: 89 | G20: 43 | H20: 0 | I20: 0 | J20: 2456 | K20: 144 | L20: 144 | M20: 0 | N20: 0 | O20: 2135 | P20: 117 | Q20: 117 | R20: 5 | S20: 0 | T20: 0.015 | U20: 70769 | V20: 3462 | W20: 3415 | X20: 0 | Y20: 2834 | Z20: 0.048919725 | AA20: 0.048954895 | AB20: 0.058631922 | AC20: 0.054800937 | AD20: -0.0096770263 | AE20: 15844 | AF20: 839 | AG20: 0 | AH20: 16617 | AI20: 849 | AJ20: 0 | AK20: 0.0529538 | AL20: 0.051092255 | AM20: 0.0018615446
A21: BALI巴厘 | B21: Blue | C21: AMI15 | D21: AMPENAN | E21: 1774 | F21: 93 | G21: 61 | H21: 0 | I21: 0 | J21: 2524 | K21: 154 | L21: 154 | M21: 0 | N21: 0 | O21: 2368 | P21: 149 | Q21: 149 | R21: 6 | S21: 0 | T21: 0.015 | U21: 74922 | V21: 4662 | W21: 4629 | X21: 1 | Y21: 3988 | Z21: 0.062211366 | AA21: 0.052423901 | AB21: 0.061014263 | AC21: 0.062922297 | AD21: -0.0085903623 | AE21: 16597 | AF21: 983 | AG21: 0 | AH21: 17763 | AI21: 1158 | AJ21: 0 | AK21: 0.059227571 | AL21: 0.065191691 | AM21: -0.0059641193
A22: BALI巴厘 | B22: Blue | C22: AMI06 | D22: SERUNI | E22: 1881 | F22: 73 | G22: 58 | H22: 0 | I22: 0 | J22: 2451 | K22: 113 | L22: 111 | M22: 0 | N22: 0 | O22: 2246 | P22: 123 | Q22: 123 | R22: 2 | S22: 0 | T22: 0.015 | U22: 73375 | V22: 3814 | W22: 3794 | X22: 6 | Y22: 3080 | Z22: 0.051897785 | AA22: 0.038809144 | AB22: 0.046103631 | AC22: 0.054764025 | AD22: -0.0072944871 | AE22: 16701 | AF22: 990 | AG22: 0 | AH22: 17200 | AI22: 836 | AJ22: 1 | AK22: 0.059277888 | AL22: 0.048546512 | AM22: 0.010731376
A23: BALI巴厘 | B23: Blue | C23: AMI13 | D23: SEGANTENG | E23: 1835 | F23: 70 | G23: 40 | H23: 0 | I23: 0 | J23: 2599 | K23: 172 | L23: 171 | M23: 0 | N23: 0 | O23: 2293 | P23: 108 | Q23: 108 | R23: 3 | S23: 0 | T23: 0.015 | U23: 72719 | V23: 4365 | W23: 4334 | X23: 0 | Y23: 3732 | Z23: 0.060025578 | AA23: 0.038147139 | AB23: 0.0661793 | AC23: 0.047099869 | AD23: -0.028032161 | AE23: 16311 | AF23: 937 | AG23: 0 | AH23: 17309 | AI23: 1063 | AJ23: 0 | AK23: 0.057445895 | AL23: 0.061413138 | AM23: -0.0039672423
A24: BALI巴厘 | B24: Blue | C24: AMI12 | D24: KARANG_GENTENG | E24: 1899 | F24: 107 | G24: 81 | H24: 0 | I24: 0 | J24: 2390 | K24: 124 | L24: 124 | M24: 0 | N24: 0 | O24: 2261 | P24: 112 | Q24: 112 | R24: 3 | S24: 0 | T24: 0.015 | U24: 72165 | V24: 3712 | W24: 3686 | X24: 2 | Y24: 3140 | Z24: 0.051409963 | AA24: 0.056345445 | AB24: 0.051882845 | AC24: 0.049535604 | AD24: 0.0044625998 | AE24: 16523 | AF24: 883 | AG24: 0 | AH24: 17008 | AI24: 866 | AJ24: 0 | AK24: 0.053440658 | AL24: 0.050917215 | AM24: 0.002523443
A25: BALI巴厘 | B25: Blue | C25: TAN05 | D25: BAYAN_1 | E25: 1360 | F25: 23 | G25: 14 | H25: 0 | I25: 0 | J25: 863 | K25: 22 | L25: 21 | M25: 0 | N25: 0 | O25: 1317 | P25: 54 | Q25: 54 | R25: 3 | S25: 0 | T25: 0.015 | U25: 42070 | V25: 1472 | W25: 1462 | X25: 2 | Y25: 1277 | Z25: 0.034941764 | AA25: 0.016911765 | AB25: 0.025492468 | AC25: 0.041002278 | AD25: -0.0085807034 | AE25: 9224 | AF25: 259 | AG25: 0 | AH25: 10391 | AI25: 357 | AJ25: 0 | AK25: 0.028078925 | AL25: 0.034356655 | AM25: -0.0062777303
A26: BALI巴厘 | B26: Blue | C26: TAN03 | D26: PEMENANG | E26: 839 | F26: 91 | G26: 67 | H26: 0 | I26: 0 | J26: 1463 | K26: 113 | L26: 113 | M26: 0 | N26: 0 | O26: 1535 | P26: 73 | Q26: 73 | R26: 2 | S26: 0 | T26: 0.015 | U26: 43662 | V26: 2915 | W26: 2887 | X26: 6 | Y26: 2451 | Z26: 0.066625441 | AA26: 0.10846246 | AB26: 0.077238551 | AC26: 0.047557003 | AD26: 0.031223904 | AE26: 9700 | AF26: 622 | AG26: 0 | AH26: 10433 | AI26: 676 | AJ26: 5 | AK26: 0.064123711 | AL26: 0.064315154 | AM26: -0.0001914425
A27: BALI巴厘 | B27: Blue | C27: GER03 | D27: NARMADA | E27: 1926 | F27: 130 | G27: 86 | H27: 0 | I27: 0 | J27: 3465 | K27: 176 | L27: 176 | M27: 0 | N27: 0 | O27: 3780 | P27: 203 | Q27: 203 | R27: 6 | S27: 0 | T27: 0.015 | U27: 104553 | V27: 5054 | W27: 5007 | X27: 3 | Y27: 4264 | Z27: 0.048310426 | AA27: 0.067497404 | AB27: 0.050793651 | AC27: 0.053703704 | AD27: 0.016703753 | AE27: 23202 | AF27: 1111 | AG27: 0 | AH27: 26273 | AI27: 1301 | AJ27: 1 | AK27: 0.047883803 | AL27: 0.049480455 | AM27: -0.0015966521
... A222: JAKARTA雅加达 | B222: DIFA HERDIANSAH MUNABARI | C222: JKT56 | D222: CP_UJUNG_MENTENG | E222: 0 | F222: 0 | G222: 0 | H222: 0 | I222: 0 | J222: 0 | K222: 0 | L222: 0 | M222: 0 | N222: 0 | O222: 0 | P222: 0 | Q222: 0 | R222: 0 | S222: 0 | T222: 0.015 | U222: 0 | V222: 0 | W222: 0 | X222: 0 | Y222: 0 | Z222: 0 | AA222: 0 | AB222: 0 | AC222: 0 | AD222: 0 | AE222: 0 | AF222: 0 | AG222: 0 | AH222: 0 | AI222: 0 | AJ222: 0 | AK222: 0 | AL222: 0 | AM222: 0
A223: JAKARTA雅加达 | B223: DIFA HERDIANSAH MUNABARI | C223: #N/A | D223: CP_PISANGAN_TIMUR_2 | E223: 0 | F223: 0 | G223: 0 | H223: 0 | I223: 0 | J223: 0 | K223: 0 | L223: 0 | M223: 0 | N223: 0 | O223: 0 | P223: 0 | Q223: 0 | R223: 0 | S223: 0 | T223: 0.015 | U223: 0 | V223: 0 | W223: 0 | X223: 0 | Y223: 0 | Z223: 0 | AA223: 0 | AB223: 0 | AC223: 0 | AD223: 0 | AE223: 0 | AF223: 0 | AG223: 0 | AH223: 0 | AI223: 0 | AJ223: 0 | AK223: 0 | AL223: 0 | AM223: 0
A224: JAKARTA雅加达 | B224: DIFA HERDIANSAH MUNABARI | C224: JKT56F | D224: CP_KAYU_TINGGI_1 | E224: 0 | F224: 0 | G224: 0 | H224: 0 | I224: 0 | J224: 0 | K224: 0 | L224: 0 | M224: 0 | N224: 0 | O224: 0 | P224: 0 | Q224: 0 | R224: 0 | S224: 0 | T224: 0.015 | U224: 0 | V224: 0 | W224: 0 | X224: 0 | Y224: 0 | Z224: 0 | AA224: 0 | AB224: 0 | AC224: 0 | AD224: 0 | AE224: 0 | AF224: 0 | AG224: 0 | AH224: 0 | AI224: 0 | AJ224: 0 | AK224: 0 | AL224: 0 | AM224: 0
A225: JAKARTA雅加达 | B225: DIFA HERDIANSAH MUNABARI | C225: JKT56D | D225: CP_PENGGILINGAN_2 | E225: 0 | F225: 0 | G225: 0 | H225: 0 | I225: 0 | J225: 0 | K225: 0 | L225: 0 | M225: 0 | N225: 0 | O225: 0 | P225: 0 | Q225: 0 | R225: 0 | S225: 0 | T225: 0.015 | U225: 0 | V225: 0 | W225: 0 | X225: 0 | Y225: 0 | Z225: 0 | AA225: 0 | AB225: 0 | AC225: 0 | AD225: 0 | AE225: 0 | AF225: 0 | AG225: 0 | AH225: 0 | AI225: 0 | AJ225: 0 | AK225: 0 | AL225: 0 | AM225: 0
A226: JAKARTA雅加达 | B226: DIFA HERDIANSAH MUNABARI | C226: JKT30E | D226: CP_ANCOL_BARAT_2 | E226: 0 | F226: 0 | G226: 0 | H226: 0 | I226: 0 | J226: 0 | K226: 0 | L226: 0 | M226: 0 | N226: 0 | O226: 0 | P226: 0 | Q226: 0 | R226: 0 | S226: 0 | T226: 0.015 | U226: 0 | V226: 0 | W226: 0 | X226: 0 | Y226: 0 | Z226: 0 | AA226: 0 | AB226: 0 | AC226: 0 | AD226: 0 | AE226: 0 | AF226: 0 | AG226: 0 | AH226: 0 | AI226: 0 | AJ226: 0 | AK226: 0 | AL226: 0 | AM226: 0
A227: JAKARTA雅加达 | B227: DIFA HERDIANSAH MUNABARI | C227: JKT16O | D227: DC_PULO_GADUNG | E227: 0 | F227: 0 | G227: 0 | H227: 0 | I227: 0 | J227: 0 | K227: 0 | L227: 0 | M227: 0 | N227: 0 | O227: 0 | P227: 0 | Q227: 0 | R227: 0 | S227: 0 | T227: 0.015 | U227: 0 | V227: 0 | W227: 0 | X227: 0 | Y227: 0 | Z227: 0 | AA227: 0 | AB227: 0 | AC227: 0 | AD227: 0 | AE227: 0 | AF227: 0 | AG227: 0 | AH227: 0 | AI227: 0 | AJ227: 0 | AK227: 0 | AL227: 0 | AM227: 0
A228: JAKARTA雅加达 | B228: DIFA HERDIANSAH MUNABARI | C228: JKT16Q | D228: PULOGEBANG_01 | E228: 20132 | F228: 265 | G228: 192 | H228: 0 | I228: 0 | J228: 10495 | K228: 332 | L228: 332 | M228: 94 | N228: 0 | O228: 14973 | P228: 471 | Q228: 471 | R228: 242 | S228: 1 | T228: 0.015 | U228: 467600 | V228: 11002 | W228: 10927 | X228: 8 | Y228: 10074 | Z228: 0.023511548 | AA228: 0.013163123 | AB228: 0.031634111 | AC228: 0.031389835 | AD228: -0.018470988 | AE228: 107534 | AF228: 2619 | AG228: 1 | AH228: 104080 | AI228: 2497 | AJ228: 0 | AK228: 0.024345788 | AL228: 0.023991161 | AM228: 0.00035462766
A229: JAKARTA雅加达 | B229: DIFA HERDIANSAH MUNABARI | C229: JKT57G | D229: CP_PULO_GADUNG | E229: 18320 | F229: 305 | G229: 158 | H229: 0 | I229: 0 | J229: 10491 | K229: 178 | L229: 178 | M229: 28 | N229: 0 | O229: 15729 | P229: 250 | Q229: 250 | R229: 126 | S229: 0 | T229: 0.015 | U229: 455225 | V229: 8098 | W229: 7951 | X229: 2 | Y229: 7358 | Z229: 0.017784612 | AA229: 0.016648472 | AB229: 0.016966924 | AC229: 0.015894208 | AD229: -0.00031845241 | AE229: 103576 | AF229: 1769 | AG229: 0 | AH229: 101463 | AI229: 1878 | AJ229: 0 | AK229: 0.017079246 | AL229: 0.01850921 | AM229: -0.0014299641
A230: JAKARTA雅加达 | B230: DIFA HERDIANSAH MUNABARI | C230: JKT10B | D230: ROROTAN | E230: 8994 | F230: 134 | G230: 75 | H230: 0 | I230: 0 | J230: 5034 | K230: 207 | L230: 207 | M230: 3 | N230: 0 | O230: 7894 | P230: 143 | Q230: 143 | R230: 68 | S230: 0 | T230: 0.015 | U230: 234521 | V230: 5065 | W230: 5006 | X230: 6 | Y230: 4536 | Z230: 0.021571629 | AA230: 0.014898821 | AB230: 0.041120381 | AC230: 0.018115024 | AD230: -0.02622156 | AE230: 54119 | AF230: 1164 | AG230: 1 | AH230: 52474 | AI230: 1236 | AJ230: 0 | AK230: 0.02148968 | AL230: 0.023554522 | AM230: -0.0020648421
A231: JAKARTA雅加达 | B231: DIFA HERDIANSAH MUNABARI | C231: JKT51G | D231: CP_UTAN_KAYU | E231: 0 | F231: 0 | G231: 0 | H231: 0 | I231: 0 | J231: 0 | K231: 0 | L231: 0 | M231: 0 | N231: 0 | O231: 0 | P231: 0 | Q231: 0 | R231: 0 | S231: 0 | T231: 0.015 | U231: 156 | V231: 721 | W231: 721 | X231: 1 | Y231: 717 | Z231: 4.6153846 | AA231: 0 | AB231: 0 | AC231: 0 | AD231: 0 | AE231: 0 | AF231: 0 | AG231: 0 | AH231: 4 | AI231: 5 | AJ231: 0 | AK231: 0 | AL231: 1.25 | AM231: -1.25
A232: JAKARTA雅加达 | B232: DIFA HERDIANSAH MUNABARI | C232: JKT16P | D232: DC_CAKUNG | E232: 14136 | F232: 357 | G232: 252 | H232: 1 | I232: 0 | J232: 7348 | K232: 283 | L232: 283 | M232: 74 | N232: 0 | O232: 12326 | P232: 187 | Q232: 187 | R232: 128 | S232: 0 | T232: 0.015 | U232: 385379 | V232: 7459 | W232: 7353 | X232: 1 | Y232: 6727 | Z232: 0.019352378 | AA232: 0.025254669 | AB232: 0.038513881 | AC232: 0.015171183 | AD232: -0.013259212 | AE232: 82112 | AF232: 1893 | AG232: 0 | AH232: 78739 | AI232: 1742 | AJ232: 0 | AK232: 0.023053878 | AL232: 0.022123725 | AM232: 0.00093015241
A233: JAKARTA雅加达 | B233: DIFA HERDIANSAH MUNABARI | C233: JKT16R | D233: DC_UJUNG_MENTENG | E233: 5935 | F233: 109 | G233: 79 | H233: 0 | I233: 0 | J233: 3046 | K233: 105 | L233: 105 | M233: 17 | N233: 0 | O233: 5287 | P233: 15 | Q233: 15 | R233: 5 | S233: 0 | T233: 0.015 | U233: 151307 | V233: 2920 | W233: 2888 | X233: 6 | Y233: 2655 | Z233: 0.019258858 | AA233: 0.018365628 | AB233: 0.034471438 | AC233: 0.0028371477 | AD233: -0.01610581 | AE233: 34286 | AF233: 605 | AG233: 1 | AH233: 34469 | AI233: 717 | AJ233: 0 | AK233: 0.01761652 | AL233: 0.0208013 | AM233: -0.0031847799
A234: JAKARTA雅加达 | B234: DIFA HERDIANSAH MUNABARI | C234: JKT10H | D234: KALIBARU_01 | E234: 12095 | F234: 305 | G234: 193 | H234: 0 | I234: 0 | J234: 6205 | K234: 278 | L234: 278 | M234: 46 | N234: 0 | O234: 10679 | P234: 285 | Q234: 285 | R234: 172 | S234: 0 | T234: 0.015 | U234: 303935 | V234: 8304 | W234: 8192 | X234: 2 | Y234: 7522 | Z234: 0.027315051 | AA234: 0.025217032 | AB234: 0.044802579 | AC234: 0.026687892 | AD234: -0.019585547 | AE234: 71738 | AF234: 2068 | AG234: 1 | AH234: 70045 | AI234: 1940 | AJ234: 0 | AK234: 0.028813181 | AL234: 0.027696481 | AM234: 0.0011167005
A235: JAKARTA雅加达 | B235: I MADE DWI PU DJAWARDANA | C235: JKT02R | D235: DC_SRENGSENG | E235: 0 | F235: 0 | G235: 0 | H235: 0 | I235: 0 | J235: 0 | K235: 0 | L235: 0 | M235: 0 | N235: 0 | O235: 0 | P235: 0 | Q235: 0 | R235: 0 | S235: 0 | T235: 0.015 | U235: 0 | V235: 0 | W235: 0 | X235: 0 | Y235: 0 | Z235: 0 | AA235: 0 | AB235: 0 | AC235: 0 | AD235: 0 | AE235: 0 | AF235: 0 | AG235: 0 | AH235: 0 | AI235: 0 | AJ235: 0 | AK235: 0 | AL235: 0 | AM235: 0
... A882: SEMARANG三宝垄 | B882: RENDI | C882: TNU11 | D882: PRINGSURAT_TIMUR | E882: 827 | F882: 18 | G882: 13 | H882: 0 | I882: 0 | J882: 1174 | K882: 11 | L882: 11 | M882: 1 | N882: 0 | O882: 1460 | P882: 14 | Q882: 14 | R882: 6 | S882: 0 | T882: 0.015 | U882: 42738 | V882: 483 | W882: 477 | X882: 0 | Y882: 441 | Z882: 0.011301418 | AA882: 0.021765417 | AB882: 0.0093696763 | AC882: 0.0095890411 | AD882: 0.012395741 | AE882: 9596 | AF882: 119 | AG882: 0 | AH882: 10052 | AI882: 102 | AJ882: 0 | AK882: 0.012401 | AL882: 0.010147234 | AM882: 0.002253766
A883: SEMARANG三宝垄 | B883: - | C883: #N/A | D883: BLORA | E883: 0 | F883: 0 | G883: 0 | H883: 0 | I883: 0 | J883: 0 | K883: 0 | L883: 0 | M883: 0 | N883: 0 | O883: 0 | P883: 0 | Q883: 0 | R883: 0 | S883: 0 | T883: 0.015 | U883: 0 | V883: 0 | W883: 0 | X883: 0 | Y883: 0 | Z883: 0 | AA883: 0 | AB883: 0 | AC883: 0 | AD883: 0 | AE883: 0 | AF883: 0 | AG883: 0 | AH883: 0 | AI883: 0 | AJ883: 0 | AK883: 0 | AL883: 0 | AM883: 0
A884: SEMARANG三宝垄 | B884: QOMAR | C884: BOL02 | D884: NGAWEN | E884: 1689 | F884: 15 | G884: 13 | H884: 0 | I884: 0 | J884: 2962 | K884: 36 | L884: 35 | M884: 1 | N884: 0 | O884: 2961 | P884: 32 | Q884: 32 | R884: 16 | S884: 0 | T884: 0.015 | U884: 82321 | V884: 828 | W884: 825 | X884: 0 | Y884: 751 | Z884: 0.010058187 | AA884: 0.0088809947 | AB884: 0.01215395 | AC884: 0.01080716 | AD884: -0.0032729554 | AE884: 19864 | AF884: 211 | AG884: 0 | AH884: 19380 | AI884: 222 | AJ884: 0 | AK884: 0.010622231 | AL884: 0.011455108 | AM884: -0.00083287719
A885: SEMARANG三宝垄 | B885: QOMAR | C885: BOL04 | D885: JEPON | E885: 1375 | F885: 30 | G885: 19 | H885: 1 | I885: 0 | J885: 2754 | K885: 43 | L885: 43 | M885: 2 | N885: 0 | O885: 2868 | P885: 25 | Q885: 24 | R885: 12 | S885: 0 | T885: 0.015 | U885: 83536 | V885: 1183 | W885: 1171 | X885: 1 | Y885: 1079 | Z885: 0.014149588 | AA885: 0.021818182 | AB885: 0.015613653 | AC885: 0.0087168759 | AD885: 0.0062045289 | AE885: 19418 | AF885: 296 | AG885: 0 | AH885: 19186 | AI885: 300 | AJ885: 0 | AK885: 0.015243588 | AL885: 0.015636402 | AM885: -0.00039281312
A886: SEMARANG三宝垄 | B886: QOMAR | C886: BOL05 | D886: KUNDURAN | E886: 2713 | F886: 51 | G886: 36 | H886: 1 | I886: 0 | J886: 4465 | K886: 60 | L886: 60 | M886: 0 | N886: 0 | O886: 4866 | P886: 70 | Q886: 70 | R886: 21 | S886: 0 | T886: 0.015 | U886: 141037 | V886: 1391 | W886: 1376 | X886: 0 | Y886: 1204 | Z886: 0.0098626602 | AA886: 0.018798378 | AB886: 0.01343785 | AC886: 0.014385532 | AD886: 0.0053605282 | AE886: 33255 | AF886: 341 | AG886: 0 | AH886: 33428 | AI886: 330 | AJ886: 0 | AK886: 0.010254097 | AL886: 0.0098719636 | AM886: 0.0003821335
A887: SEMARANG三宝垄 | B887: QOMAR | C887: CEU01 | D887: CEPU | E887: 1638 | F887: 37 | G887: 22 | H887: 0 | I887: 0 | J887: 3087 | K887: 43 | L887: 43 | M887: 0 | N887: 0 | O887: 3101 | P887: 95 | Q887: 95 | R887: 10 | S887: 0 | T887: 0.015 | U887: 91253 | V887: 1793 | W887: 1776 | X887: 7 | Y887: 1571 | Z887: 0.019571959 | AA887: 0.022588523 | AB887: 0.013929381 | AC887: 0.030635279 | AD887: 0.0086591413 | AE887: 21548 | AF887: 433 | AG887: 0 | AH887: 21369 | AI887: 519 | AJ887: 7 | AK887: 0.020094672 | AL887: 0.023959942 | AM887: -0.0038652696
A888: SEMARANG三宝垄 | B888: QOMAR | C888: CEU02 | D888: RANDUBLATUNG | E888: 1218 | F888: 21 | G888: 14 | H888: 0 | I888: 0 | J888: 2194 | K888: 24 | L888: 24 | M888: 6 | N888: 0 | O888: 2307 | P888: 19 | Q888: 19 | R888: 9 | S888: 0 | T888: 0.015 | U888: 68297 | V888: 783 | W888: 774 | X888: 0 | Y888: 719 | Z888: 0.011464632 | AA888: 0.017241379 | AB888: 0.010938924 | AC888: 0.0082358041 | AD888: 0.006302455 | AE888: 15539 | AF888: 183 | AG888: 0 | AH888: 15993 | AI888: 182 | AJ888: 0 | AK888: 0.01177682 | AL888: 0.011379979 | AM888: 0.00039684087
A889: SEMARANG三宝垄 | B889: QOMAR | C889: BOL06 | D889: KEDUNGTUBAN | E889: 1320 | F889: 10 | G889: 6 | H889: 0 | I889: 0 | J889: 2468 | K889: 27 | L889: 27 | M889: 0 | N889: 0 | O889: 2641 | P889: 28 | Q889: 28 | R889: 9 | S889: 0 | T889: 0.015 | U889: 75572 | V889: 636 | W889: 632 | X889: 2 | Y889: 572 | Z889: 0.0083893506 | AA889: 0.0075757576 | AB889: 0.010940032 | AC889: 0.010602045 | AD889: -0.0033642748 | AE889: 17662 | AF889: 173 | AG889: 0 | AH889: 17804 | AI889: 132 | AJ889: 0 | AK889: 0.0097950402 | AL889: 0.0074140643 | AM889: 0.0023809759
A890: SEMARANG三宝垄 | B890: QOMAR | C890: BOL07 | D890: TUNJUNGAN | E890: 3751 | F890: 95 | G890: 57 | H890: 0 | I890: 0 | J890: 6971 | K890: 129 | L890: 129 | M890: 9 | N890: 0 | O890: 7095 | P890: 123 | Q890: 123 | R890: 43 | S890: 1 | T890: 0.015 | U890: 208909 | V890: 3233 | W890: 3194 | X890: 3 | Y890: 2804 | Z890: 0.015461277 | AA890: 0.02532658 | AB890: 0.018505236 | AC890: 0.017195208 | AD890: 0.0068213436 | AE890: 49615 | AF890: 903 | AG890: 1 | AH890: 48683 | AI890: 767 | AJ890: 1 | AK890: 0.018179986 | AL890: 0.015734445 | AM890: 0.0024455406
A891: SEMARANG三宝垄 | B891: QOMAR | C891: BOL08 | D891: JATI_BLORA | E891: 905 | F891: 11 | G891: 5 | H891: 0 | I891: 0 | J891: 1591 | K891: 33 | L891: 32 | M891: 0 | N891: 0 | O891: 1555 | P891: 30 | Q891: 30 | R891: 4 | S891: 0 | T891: 0.015 | U891: 45643 | V891: 430 | W891: 423 | X891: 2 | Y891: 335 | Z891: 0.0093771225 | AA891: 0.012154696 | AB891: 0.020741672 | AC891: 0.019292605 | AD891: -0.0085869758 | AE891: 11008 | AF891: 151 | AG891: 0 | AH891: 10812 | AI891: 90 | AJ891: 0 | AK891: 0.013717297 | AL891: 0.0083240844 | AM891: 0.0053932122
A892: SEMARANG三宝垄 | B892: QOMAR | C892: BOL09 | D892: SAMBONG | E892: 1133 | F892: 22 | G892: 3 | H892: 0 | I892: 0 | J892: 2073 | K892: 59 | L892: 59 | M892: 3 | N892: 0 | O892: 2248 | P892: 13 | Q892: 13 | R892: 3 | S892: 0 | T892: 0.015 | U892: 63564 | V892: 739 | W892: 720 | X892: 2 | Y892: 622 | Z892: 0.011594613 | AA892: 0.019417476 | AB892: 0.028461167 | AC892: 0.0057829181 | AD892: -0.0090436917 | AE892: 14363 | AF892: 208 | AG892: 0 | AH892: 14722 | AI892: 179 | AJ892: 0 | AK892: 0.014481654 | AL892: 0.012158674 | AM892: 0.0023229802
A893: SEMARANG三宝垄 | B893: EDDIE | C893: UNG07 | D893: SUMOWONO | E893: 1808 | F893: 48 | G893: 30 | H893: 0 | I893: 0 | J893: 2426 | K893: 34 | L893: 33 | M893: 7 | N893: 0 | O893: 2721 | P893: 52 | Q893: 52 | R893: 32 | S893: 0 | T893: 0.015 | U893: 81951 | V893: 1344 | W893: 1324 | X893: 0 | Y893: 1228 | Z893: 0.016400044 | AA893: 0.026548673 | AB893: 0.014014839 | AC893: 0.019110621 | AD893: 0.012533833 | AE893: 18911 | AF893: 341 | AG893: 0 | AH893: 19190 | AI893: 309 | AJ893: 0 | AK893: 0.018031833 | AL893: 0.016102137 | AM893: 0.0019296968
A894: SEMARANG三宝垄 | B894: EDDIE | C894: AMB01 | D894: AMBARAWA | E894: 1286 | F894: 31 | G894: 28 | H894: 0 | I894: 0 | J894: 1451 | K894: 24 | L894: 24 | M894: 7 | N894: 0 | O894: 1633 | P894: 47 | Q894: 47 | R894: 27 | S894: 0 | T894: 0.015 | U894: 51976 | V894: 894 | W894: 891 | X894: 0 | Y894: 815 | Z894: 0.017200246 | AA894: 0.024105754 | AB894: 0.016540317 | AC894: 0.028781384 | AD894: 0.0075654373 | AE894: 11416 | AF894: 210 | AG894: 0 | AH894: 12004 | AI894: 243 | AJ894: 0 | AK894: 0.018395235 | AL894: 0.020243252 | AM894: -0.0018480175
A895: SEMARANG三宝垄 | B895: EDDIE | C895: UNG01 | D895: UNGARAN | E895: 2341 | F895: 89 | G895: 71 | H895: 0 | I895: 0 | J895: 3419 | K895: 71 | L895: 71 | M895: 10 | N895: 0 | O895: 3791 | P895: 69 | Q895: 69 | R895: 39 | S895: 0 | T895: 0.015 | U895: 109596 | V895: 2213 | W895: 2194 | X895: 0 | Y895: 2006 | Z895: 0.020192343 | AA895: 0.038017941 | AB895: 0.020766306 | AC895: 0.018201002 | AD895: 0.017251635 | AE895: 26056 | AF895: 549 | AG895: 0 | AH895: 25462 | AI895: 524 | AJ895: 0 | AK895: 0.021070003 | AL895: 0.020579687 | AM895: 0.00049031569
... A1107: SEMARANG三宝垄 | B1107: EDDIE | C1107: SRG37 | D1107: PANGGUNG_LOR | E1107: 0 | F1107: 0 | G1107: 0 | H1107: 0 | I1107: 0 | J1107: 0 | K1107: 0 | L1107: 0 | M1107: 0 | N1107: 0 | O1107: 0 | P1107: 0 | Q1107: 0 | R1107: 0 | S1107: 0 | T1107: 0.015 | U1107: 0 | V1107: 2 | W1107: 2 | X1107: 0 | Y1107: 2 | Z1107: 0 | AA1107: 0 | AB1107: 0 | AC1107: 0 | AD1107: 0 | AE1107: 0 | AF1107: 0 | AG1107: 0 | AH1107: 0 | AI1107: 1 | AJ1107: 0 | AK1107: 0 | AL1107: 0 | AM1107: 0
A1108: SEMARANG三宝垄 | B1108: - | C1108: #N/A | D1108: PUDAKPAYUNG | E1108: 0 | F1108: 0 | G1108: 0 | H1108: 0 | I1108: 0 | J1108: 0 | K1108: 0 | L1108: 0 | M1108: 0 | N1108: 0 | O1108: 0 | P1108: 0 | Q1108: 0 | R1108: 0 | S1108: 0 | T1108: 0.015 | U1108: 0 | V1108: 0 | W1108: 0 | X1108: 0 | Y1108: 0 | Z1108: 0 | AA1108: 0 | AB1108: 0 | AC1108: 0 | AD1108: 0 | AE1108: 0 | AF1108: 0 | AG1108: 0 | AH1108: 0 | AI1108: 0 | AJ1108: 0 | AK1108: 0 | AL1108: 0 | AM1108: 0
A1109: SEMARANG三宝垄 | B1109: - | C1109: #N/A | D1109: TEMBALANG | E1109: 0 | F1109: 0 | G1109: 0 | H1109: 0 | I1109: 0 | J1109: 0 | K1109: 0 | L1109: 0 | M1109: 0 | N1109: 0 | O1109: 0 | P1109: 0 | Q1109: 0 | R1109: 0 | S1109: 0 | T1109: 0.015 | U1109: 0 | V1109: 0 | W1109: 0 | X1109: 0 | Y1109: 0 | Z1109: 0 | AA1109: 0 | AB1109: 0 | AC1109: 0 | AD1109: 0 | AE1109: 0 | AF1109: 0 | AG1109: 0 | AH1109: 0 | AI1109: 0 | AJ1109: 0 | AK1109: 0 | AL1109: 0 | AM1109: 0
A1110: SEMARANG三宝垄 | B1110: - | C1110: #N/A | D1110: BUGANGAN | E1110: 0 | F1110: 0 | G1110: 0 | H1110: 0 | I1110: 0 | J1110: 0 | K1110: 0 | L1110: 0 | M1110: 0 | N1110: 0 | O1110: 0 | P1110: 0 | Q1110: 0 | R1110: 0 | S1110: 0 | T1110: 0.015 | U1110: 0 | V1110: 0 | W1110: 0 | X1110: 0 | Y1110: 0 | Z1110: 0 | AA1110: 0 | AB1110: 0 | AC1110: 0 | AD1110: 0 | AE1110: 0 | AF1110: 0 | AG1110: 0 | AH1110: 0 | AI1110: 0 | AJ1110: 0 | AK1110: 0 | AL1110: 0 | AM1110: 0
A1111: SEMARANG三宝垄 | B1111: KUKUH BARAT | C1111: TGL03 | D1111: DEBONG | E1111: 0 | F1111: 0 | G1111: 0 | H1111: 0 | I1111: 0 | J1111: 0 | K1111: 0 | L1111: 0 | M1111: 0 | N1111: 0 | O1111: 0 | P1111: 0 | Q1111: 0 | R1111: 0 | S1111: 0 | T1111: 0.015 | U1111: 0 | V1111: 0 | W1111: 0 | X1111: 0 | Y1111: 0 | Z1111: 0 | AA1111: 0 | AB1111: 0 | AC1111: 0 | AD1111: 0 | AE1111: 0 | AF1111: 0 | AG1111: 0 | AH1111: 0 | AI1111: 0 | AJ1111: 0 | AK1111: 0 | AL1111: 0 | AM1111: 0
A1112: YOGYAKARTA日惹 | B1112: AGUS SULAEMAN | C1112: BTL01 | D1112: BANTUL | E1112: 1234 | F1112: 34 | G1112: 20 | H1112: 1 | I1112: 0 | J1112: 1648 | K1112: 46 | L1112: 46 | M1112: 0 | N1112: 0 | O1112: 1543 | P1112: 31 | Q1112: 31 | R1112: 5 | S1112: 0 | T1112: 0.015 | U1112: 47654 | V1112: 1134 | W1112: 1120 | X1112: 4 | Y1112: 997 | Z1112: 0.023712595 | AA1112: 0.027552674 | AB1112: 0.027912621 | AC1112: 0.020090732 | AD1112: -0.00035994713 | AE1112: 11437 | AF1112: 275 | AG1112: 0 | AH1112: 11186 | AI1112: 280 | AJ1112: 2 | AK1112: 0.024044767 | AL1112: 0.024852494 | AM1112: -0.0008077272
A1113: YOGYAKARTA日惹 | B1113: AGUS SULAEMAN | C1113: BTL03 | D1113: KASIHAN | E1113: 4388 | F1113: 196 | G1113: 140 | H1113: 2 | I1113: 0 | J1113: 6105 | K1113: 175 | L1113: 173 | M1113: 7 | N1113: 0 | O1113: 5192 | P1113: 187 | Q1113: 187 | R1113: 16 | S1113: 0 | T1113: 0.015 | U1113: 174313 | V1113: 4730 | W1113: 4665 | X1113: 6 | Y1113: 3943 | Z1113: 0.027100675 | AA1113: 0.044667274 | AB1113: 0.028665029 | AC1113: 0.036016949 | AD1113: 0.016002246 | AE1113: 41084 | AF1113: 1212 | AG1113: 0 | AH1113: 41336 | AI1113: 1242 | AJ1113: 4 | AK1113: 0.029500535 | AL1113: 0.029949681 | AM1113: -0.00044914518
A1114: YOGYAKARTA日惹 | B1114: AGUS SULAEMAN | C1114: BTL04 | D1114: SEWON | E1114: 2811 | F1114: 63 | G1114: 45 | H1114: 0 | I1114: 0 | J1114: 4211 | K1114: 71 | L1114: 71 | M1114: 1 | N1114: 0 | O1114: 3321 | P1114: 62 | Q1114: 62 | R1114: 7 | S1114: 0 | T1114: 0.015 | U1114: 113632 | V1114: 2062 | W1114: 2042 | X1114: 0 | Y1114: 1831 | Z1114: 0.018146297 | AA1114: 0.022411953 | AB1114: 0.016860603 | AC1114: 0.018669076 | AD1114: 0.0055513499 | AE1114: 27015 | AF1114: 486 | AG1114: 0 | AH1114: 26586 | AI1114: 561 | AJ1114: 0 | AK1114: 0.017990006 | AL1114: 0.021101332 | AM1114: -0.003111326
A1115: YOGYAKARTA日惹 | B1115: AGUS SULAEMAN | C1115: BTL06 | D1115: DIRO | E1115: 3646 | F1115: 65 | G1115: 46 | H1115: 4 | I1115: 0 | J1115: 4384 | K1115: 101 | L1115: 101 | M1115: 5 | N1115: 0 | O1115: 4163 | P1115: 69 | Q1115: 68 | R1115: 35 | S1115: 0 | T1115: 0.015 | U1115: 110523 | V1115: 2212 | W1115: 2183 | X1115: 2 | Y1115: 1973 | Z1115: 0.019995838 | AA1115: 0.017827756 | AB1115: 0.023038321 | AC1115: 0.016574586 | AD1115: -0.0052105647 | AE1115: 31173 | AF1115: 542 | AG1115: 1 | AH1115: 25556 | AI1115: 517 | AJ1115: 1 | AK1115: 0.017354762 | AL1115: 0.020190953 | AM1115: -0.0028361911
A1116: YOGYAKARTA日惹 | B1116: AGUS SULAEMAN | C1116: BTL08 | D1116: GOSE | E1116: 2539 | F1116: 81 | G1116: 59 | H1116: 1 | I1116: 0 | J1116: 3217 | K1116: 61 | L1116: 58 | M1116: 3 | N1116: 1 | O1116: 3310 | P1116: 66 | Q1116: 66 | R1116: 16 | S1116: 0 | T1116: 0.015 | U1116: 104007 | V1116: 2031 | W1116: 2005 | X1116: 6 | Y1116: 1780 | Z1116: 0.019469843 | AA1116: 0.031902324 | AB1116: 0.018650917 | AC1116: 0.019939577 | AD1116: 0.013251407 | AE1116: 24819 | AF1116: 490 | AG1116: 2 | AH1116: 23741 | AI1116: 468 | AJ1116: 0 | AK1116: 0.019662355 | AL1116: 0.019712733 | AM1116: -5.0377793e-05
A1117: YOGYAKARTA日惹 | B1117: AGUS SULAEMAN | C1117: BTL10 | D1117: PERWITA | E1117: 0 | F1117: 1 | G1117: 1 | H1117: 1 | I1117: 0 | J1117: 0 | K1117: 0 | L1117: 0 | M1117: 0 | N1117: 0 | O1117: 0 | P1117: 0 | Q1117: 0 | R1117: 0 | S1117: 0 | T1117: 0.015 | U1117: 0 | V1117: 19 | W1117: 19 | X1117: 0 | Y1117: 19 | Z1117: 0 | AA1117: 0 | AB1117: 0 | AC1117: 0 | AD1117: 0 | AE1117: 0 | AF1117: 1 | AG1117: 0 | AH1117: 0 | AI1117: 3 | AJ1117: 0 | AK1117: 0 | AL1117: 0 | AM1117: 0
A1118: YOGYAKARTA日惹 | B1118: AGUS SULAEMAN | C1118: BTL11A | D1118: TAMANAN | E1118: 3755 | F1118: 162 | G1118: 117 | H1118: 2 | I1118: 0 | J1118: 5857 | K1118: 124 | L1118: 124 | M1118: 11 | N1118: 0 | O1118: 5291 | P1118: 72 | Q1118: 72 | R1118: 13 | S1118: 0 | T1118: 0.015 | U1118: 160304 | V1118: 3819 | W1118: 3748 | X1118: 0 | Y1118: 3349 | Z1118: 0.023823485 | AA1118: 0.043142477 | AB1118: 0.021171248 | AC1118: 0.013608014 | AD1118: 0.021971229 | AE1118: 37746 | AF1118: 896 | AG1118: 0 | AH1118: 37875 | AI1118: 926 | AJ1118: 0 | AK1118: 0.023737615 | AL1118: 0.024448845 | AM1118: -0.0007112303
A1119: YOGYAKARTA日惹 | B1119: AGUS SULAEMAN | C1119: BTL11B | D1119: WONOCATUR | E1119: 0 | F1119: 0 | G1119: 0 | H1119: 0 | I1119: 0 | J1119: 0 | K1119: 2 | L1119: 2 | M1119: 0 | N1119: 0 | O1119: 0 | P1119: 1 | Q1119: 1 | R1119: 1 | S1119: 0 | T1119: 0.015 | U1119: 0 | V1119: 8 | W1119: 8 | X1119: 0 | Y1119: 6 | Z1119: 0 | AA1119: 0 | AB1119: 0 | AC1119: 0 | AD1119: 0 | AE1119: 0 | AF1119: 3 | AG1119: 0 | AH1119: 0 | AI1119: 1 | AJ1119: 0 | AK1119: 0 | AL1119: 0 | AM1119: 0
A1120: YOGYAKARTA日惹 | B1120: AGUS SULAEMAN | C1120: BTL12A | D1120: SITIMULYO | E1120: 1641 | F1120: 53 | G1120: 36 | H1120: 2 | I1120: 0 | J1120: 2651 | K1120: 74 | L1120: 74 | M1120: 5 | N1120: 0 | O1120: 2568 | P1120: 50 | Q1120: 50 | R1120: 16 | S1120: 0 | T1120: 0.015 | U1120: 74505 | V1120: 1498 | W1120: 1480 | X1120: 1 | Y1120: 1305 | Z1120: 0.020092611 | AA1120: 0.03229738 | AB1120: 0.027913995 | AC1120: 0.019470405 | AD1120: 0.0043833849 | AE1120: 18103 | AF1120: 355 | AG1120: 0 | AH1120: 17952 | AI1120: 355 | AJ1120: 0 | AK1120: 0.019610009 | AL1120: 0.019774955 | AM1120: -0.00016494605
A1121: YOGYAKARTA日惹 | B1121: IMAM ARIEF BUDI SANTOSO | C1121: BYL01 | D1121: BOYOLALI | E1121: 0 | F1121: 0 | G1121: 0 | H1121: 0 | I1121: 0 | J1121: 0 | K1121: 0 | L1121: 0 | M1121: 0 | N1121: 0 | O1121: 0 | P1121: 0 | Q1121: 0 | R1121: 0 | S1121: 0 | T1121: 0.015 | U1121: 0 | V1121: 1 | W1121: 1 | X1121: 0 | Y1121: 1 | Z1121: 0 | AA1121: 0 | AB1121: 0 | AC1121: 0 | AD1121: 0 | AE1121: 0 | AF1121: 1 | AG1121: 0 | AH1121: 0 | AI1121: 0 | AJ1121: 0 | AK1121: 0 | AL1121: 0 | AM1121: 0
A1122: YOGYAKARTA日惹 | B1122: IMAM ARIEF BUDI SANTOSO | C1122: BYL02 | D1122: TERAS | E1122: 1918 | F1122: 47 | G1122: 31 | H1122: 0 | I1122: 0 | J1122: 2924 | K1122: 71 | L1122: 70 | M1122: 20 | N1122: 0 | O1122: 3579 | P1122: 46 | Q1122: 46 | R1122: 20 | S1122: 0 | T1122: 0.015 | U1122: 85454 | V1122: 1507 | W1122: 1486 | X1122: 1 | Y1122: 1341 | Z1122: 0.017623517 | AA1122: 0.024504692 | AB1122: 0.024281806 | AC1122: 0.012852752 | AD1122: 0.00022288664 | AE1122: 18817 | AF1122: 369 | AG1122: 1 | AH1122: 18408 | AI1122: 365 | AJ1122: 0 | AK1122: 0.019556784 | AL1122: 0.019828336 | AM1122: -0.00027155175
... A1634: SURABAYA泗水 | B1634: - | C1634: TCSPG101 | D1634: TCSPG101 | E1634: 0 | F1634: 0 | G1634: 0 | H1634: 0 | I1634: 0 | J1634: 0 | K1634: 0 | L1634: 0 | M1634: 0 | N1634: 0 | O1634: 0 | P1634: 0 | Q1634: 0 | R1634: 0 | S1634: 0 | T1634: 0.015 | U1634: 0 | V1634: 0 | W1634: 0 | X1634: 0 | Y1634: 0 | Z1634: 0 | AA1634: 0 | AB1634: 0 | AC1634: 0 | AD1634: 0 | AE1634: 0 | AF1634: 0 | AG1634: 0 | AH1634: 0 | AI1634: 0 | AJ1634: 0 | AK1634: 0 | AL1634: 0 | AM1634: 0

Sheet 06.30
B1: ="网管-雅加达网点质量达成 "&TEXT(R2,"YYYY-MM-DD")&" "&"NM - Pencapaian Ketepatan Waktu Kehadiran Sprinter "&TEXT(R2,"YYYY-MM-DD") -> 网管-雅加达网点质量达成 2026-09-29 NM - Pencapaian Ketepatan Waktu Kehadiran Sprinter 2026-09-29 | R1: Date
R2: ='06.30, 07.30, & 12.00'!F4 -> 46294 | S2: =EOMONTH(R2,-1)+1 -> 46266 | T2: report kualitas agent | W2: =COUNTIFS(#REF!,I:I,#REF!,1,#REF!,"<="&#REF!) -> #REF! | X2: =COUNTIFS(#REF!,I:I,#REF!,1) -> #REF! | Y2: =W2/X2 -> #REF!
R3: =R2-2 -> 46292 | S3: =EOMONTH(R3,-1)+1 -> 46266 | T3: report ramadan
C4: 定义: 一派质量考核项 1. 快递员出勤准点率 = 当天当地时间06:30前打卡且当日有签收的快递员人数/ 当天已打卡且有签收的快递员人数 2. 0730出仓率 = 0730前出仓量/ 一班应签收量 3. 1200签收率 = 1200前签收量/ 一班应签收量 4. 一班：散货数量,按照散货班次第一班 目标：90% 质量达成 1. 交件准点率: 准点交件票数 / 应交件票数*100% 目标: 93% 2. 全天签收率 = 按规划时效网点当天签收票数/应签收票数 目标：A92%，B90%，C90% 非平台质量 1. 非平台揽收及时率 = (实际揽收及时量 + 揽收失败及时量)/ 订单量 目标：98% 2. 非平台COD退件率 = (退件登记票数 - 退件作废票数) / 派件量
C6: 代理区 Agent | D6: Fungsi DP | E6: 代理区编码 Kode Agent | F6: 网点 Nama Drop point | G6: Nama agent | I6: 代理区编码 Kode Agent | J6: 快递员出勤准点率 Tingkat Ketepatan Waktu Kehadiran Spirnter
R7: =R2-1 -> 46293
J8: Target | K8: =$R$2 -> 46294 | L8: =R7 -> 46293 | M8: =R3 -> 46292 | N8: 月度达成 Pencapaian Bulanan
C9: JAKARTA雅加达 | D9: Pickup Delivery | E9: AGENT40 | F9: CP_PLUIT_PERMAI | G9: CP_PLUIT_PERMAI | H9: CP_PLUIT_PERMAI | I9: CP_PLUIT_PERMAI | J9: 0.9 | K9: =IFERROR(SUMIFS(#REF!,#REF!,$I9,#REF!,$R$2)/SUMIFS(#REF!,#REF!,$I9,#REF!,$R$2),"-") -> - | L9: =IFERROR(SUMIFS(#REF!,#REF!,$I9,#REF!,$R$7)/SUMIFS(#REF!,#REF!,$I9,#REF!,$R$7),"-") -> - | M9: =IFERROR(SUMIFS(#REF!,#REF!,$I9,#REF!,$R$3)/SUMIFS(#REF!,#REF!,$I9,#REF!,$R$3),"-") -> - | N9: =IFERROR(SUMIFS(#REF!,#REF!,$I9,#REF!,"<="&$R$2,#REF!,">="&$S$2)/SUMIFS(#REF!,#REF!,$I9,#REF!,"<="&$R$2,#REF!,">="&$S$2),"-") -> -
C10: JAKARTA雅加达 | D10: Pickup Delivery | E10: AGENT40 | F10: CP_DANAUSUNTER_UTARA | G10: CP_DANAUSUNTER_UTARA | H10: CP_DANAUSUNTER_UTARA | I10: CP_DANAUSUNTER_UTARA | J10: 0.9 | K10: =IFERROR(SUMIFS(#REF!,#REF!,$I10,#REF!,$R$2)/SUMIFS(#REF!,#REF!,$I10,#REF!,$R$2),"-") -> - | L10: =IFERROR(SUMIFS(#REF!,#REF!,$I10,#REF!,$R$7)/SUMIFS(#REF!,#REF!,$I10,#REF!,$R$7),"-") -> - | M10: =IFERROR(SUMIFS(#REF!,#REF!,$I10,#REF!,$R$3)/SUMIFS(#REF!,#REF!,$I10,#REF!,$R$3),"-") -> - | N10: =IFERROR(SUMIFS(#REF!,#REF!,$I10,#REF!,"<="&$R$2,#REF!,">="&$S$2)/SUMIFS(#REF!,#REF!,$I10,#REF!,"<="&$R$2,#REF!,">="&$S$2),"-") -> -
C11: JAKARTA雅加达 | D11: Pickup Delivery | E11: AGENT40 | F11: KAMAL_MUARA | G11: KAMAL_MUARA | H11: KAMAL_MUARA | I11: KAMAL_MUARA | J11: 0.9 | K11: =IFERROR(SUMIFS(#REF!,#REF!,$I11,#REF!,$R$2)/SUMIFS(#REF!,#REF!,$I11,#REF!,$R$2),"-") -> - | L11: =IFERROR(SUMIFS(#REF!,#REF!,$I11,#REF!,$R$7)/SUMIFS(#REF!,#REF!,$I11,#REF!,$R$7),"-") -> - | M11: =IFERROR(SUMIFS(#REF!,#REF!,$I11,#REF!,$R$3)/SUMIFS(#REF!,#REF!,$I11,#REF!,$R$3),"-") -> - | N11: =IFERROR(SUMIFS(#REF!,#REF!,$I11,#REF!,"<="&$R$2,#REF!,">="&$S$2)/SUMIFS(#REF!,#REF!,$I11,#REF!,"<="&$R$2,#REF!,">="&$S$2),"-") -> -
C12: JAKARTA雅加达 | D12: Pickup Delivery | E12: AGENT40 | F12: TELUK_GONG | G12: TELUK_GONG | H12: TELUK_GONG | I12: TELUK_GONG | J12: 0.9 | K12: =IFERROR(SUMIFS(#REF!,#REF!,$I12,#REF!,$R$2)/SUMIFS(#REF!,#REF!,$I12,#REF!,$R$2),"-") -> - | L12: =IFERROR(SUMIFS(#REF!,#REF!,$I12,#REF!,$R$7)/SUMIFS(#REF!,#REF!,$I12,#REF!,$R$7),"-") -> - | M12: =IFERROR(SUMIFS(#REF!,#REF!,$I12,#REF!,$R$3)/SUMIFS(#REF!,#REF!,$I12,#REF!,$R$3),"-") -> - | N12: =IFERROR(SUMIFS(#REF!,#REF!,$I12,#REF!,"<="&$R$2,#REF!,">="&$S$2)/SUMIFS(#REF!,#REF!,$I12,#REF!,"<="&$R$2,#REF!,">="&$S$2),"-") -> -
C13: JAKARTA雅加达 | D13: Pickup Delivery | E13: AGENT40 | F13: CP_TELUK_GONG_RAYA | G13: CP_TELUK_GONG_RAYA | H13: CP_TELUK_GONG_RAYA | I13: CP_TELUK_GONG_RAYA | J13: 0.9 | K13: =IFERROR(SUMIFS(#REF!,#REF!,$I13,#REF!,$R$2)/SUMIFS(#REF!,#REF!,$I13,#REF!,$R$2),"-") -> - | L13: =IFERROR(SUMIFS(#REF!,#REF!,$I13,#REF!,$R$7)/SUMIFS(#REF!,#REF!,$I13,#REF!,$R$7),"-") -> - | M13: =IFERROR(SUMIFS(#REF!,#REF!,$I13,#REF!,$R$3)/SUMIFS(#REF!,#REF!,$I13,#REF!,$R$3),"-") -> - | N13: =IFERROR(SUMIFS(#REF!,#REF!,$I13,#REF!,"<="&$R$2,#REF!,">="&$S$2)/SUMIFS(#REF!,#REF!,$I13,#REF!,"<="&$R$2,#REF!,">="&$S$2),"-") -> -
C14: JAKARTA雅加达 | D14: Pickup Delivery | E14: AGENT40 | F14: CP_PADEMANGAN_4 | G14: CP_PADEMANGAN_4 | H14: CP_PADEMANGAN_4 | I14: CP_PADEMANGAN_4 | J14: 0.9 | K14: =IFERROR(SUMIFS(#REF!,#REF!,$I14,#REF!,$R$2)/SUMIFS(#REF!,#REF!,$I14,#REF!,$R$2),"-") -> - | L14: =IFERROR(SUMIFS(#REF!,#REF!,$I14,#REF!,$R$7)/SUMIFS(#REF!,#REF!,$I14,#REF!,$R$7),"-") -> - | M14: =IFERROR(SUMIFS(#REF!,#REF!,$I14,#REF!,$R$3)/SUMIFS(#REF!,#REF!,$I14,#REF!,$R$3),"-") -> - | N14: =IFERROR(SUMIFS(#REF!,#REF!,$I14,#REF!,"<="&$R$2,#REF!,">="&$S$2)/SUMIFS(#REF!,#REF!,$I14,#REF!,"<="&$R$2,#REF!,">="&$S$2),"-") -> -
C15: JAKARTA雅加达 | D15: Pickup Delivery | E15: AGENT40 | F15: CP_ANCOL_SELATAN_1 | G15: CP_ANCOL_SELATAN_1 | H15: CP_ANCOL_SELATAN_1 | I15: CP_ANCOL_SELATAN_1 | J15: 0.9 | K15: =IFERROR(SUMIFS(#REF!,#REF!,$I15,#REF!,$R$2)/SUMIFS(#REF!,#REF!,$I15,#REF!,$R$2),"-") -> - | L15: =IFERROR(SUMIFS(#REF!,#REF!,$I15,#REF!,$R$7)/SUMIFS(#REF!,#REF!,$I15,#REF!,$R$7),"-") -> - | M15: =IFERROR(SUMIFS(#REF!,#REF!,$I15,#REF!,$R$3)/SUMIFS(#REF!,#REF!,$I15,#REF!,$R$3),"-") -> - | N15: =IFERROR(SUMIFS(#REF!,#REF!,$I15,#REF!,"<="&$R$2,#REF!,">="&$S$2)/SUMIFS(#REF!,#REF!,$I15,#REF!,"<="&$R$2,#REF!,">="&$S$2),"-") -> -
C16: JAKARTA雅加达 | D16: Pickup Delivery | E16: AGENT40 | F16: KEPULAUAN_SERIBU | G16: KEPULAUAN_SERIBU | H16: KEPULAUAN_SERIBU | I16: KEPULAUAN_SERIBU | J16: 0.9 | K16: =IFERROR(SUMIFS(#REF!,#REF!,$I16,#REF!,$R$2)/SUMIFS(#REF!,#REF!,$I16,#REF!,$R$2),"-") -> - | L16: =IFERROR(SUMIFS(#REF!,#REF!,$I16,#REF!,$R$7)/SUMIFS(#REF!,#REF!,$I16,#REF!,$R$7),"-") -> - | M16: =IFERROR(SUMIFS(#REF!,#REF!,$I16,#REF!,$R$3)/SUMIFS(#REF!,#REF!,$I16,#REF!,$R$3),"-") -> - | N16: =IFERROR(SUMIFS(#REF!,#REF!,$I16,#REF!,"<="&$R$2,#REF!,">="&$S$2)/SUMIFS(#REF!,#REF!,$I16,#REF!,"<="&$R$2,#REF!,">="&$S$2),"-") -> -
C17: JAKARTA雅加达 | D17: Pickup Delivery | E17: AGENT40 | F17: TANAH_ABANG | G17: TANAH_ABANG | H17: TANAH_ABANG | I17: TANAH_ABANG | J17: 0.9 | K17: =IFERROR(SUMIFS(#REF!,#REF!,$I17,#REF!,$R$2)/SUMIFS(#REF!,#REF!,$I17,#REF!,$R$2),"-") -> - | L17: =IFERROR(SUMIFS(#REF!,#REF!,$I17,#REF!,$R$7)/SUMIFS(#REF!,#REF!,$I17,#REF!,$R$7),"-") -> - | M17: =IFERROR(SUMIFS(#REF!,#REF!,$I17,#REF!,$R$3)/SUMIFS(#REF!,#REF!,$I17,#REF!,$R$3),"-") -> - | N17: =IFERROR(SUMIFS(#REF!,#REF!,$I17,#REF!,"<="&$R$2,#REF!,">="&$S$2)/SUMIFS(#REF!,#REF!,$I17,#REF!,"<="&$R$2,#REF!,">="&$S$2),"-") -> -
C18: JAKARTA雅加达 | D18: Pickup Delivery | E18: AGENT40 | F18: SENEN | G18: SENEN | H18: SENEN | I18: SENEN | J18: 0.9 | K18: =IFERROR(SUMIFS(#REF!,#REF!,$I18,#REF!,$R$2)/SUMIFS(#REF!,#REF!,$I18,#REF!,$R$2),"-") -> - | L18: =IFERROR(SUMIFS(#REF!,#REF!,$I18,#REF!,$R$7)/SUMIFS(#REF!,#REF!,$I18,#REF!,$R$7),"-") -> - | M18: =IFERROR(SUMIFS(#REF!,#REF!,$I18,#REF!,$R$3)/SUMIFS(#REF!,#REF!,$I18,#REF!,$R$3),"-") -> - | N18: =IFERROR(SUMIFS(#REF!,#REF!,$I18,#REF!,"<="&$R$2,#REF!,">="&$S$2)/SUMIFS(#REF!,#REF!,$I18,#REF!,"<="&$R$2,#REF!,">="&$S$2),"-") -> -
C19: JAKARTA雅加达 | D19: Pickup Delivery | E19: AGENT40 | F19: CP_PINANGSIA_RAYA | G19: CP_PINANGSIA_RAYA | H19: CP_PINANGSIA_RAYA | I19: CP_PINANGSIA_RAYA | J19: 0.9 | K19: =IFERROR(SUMIFS(#REF!,#REF!,$I19,#REF!,$R$2)/SUMIFS(#REF!,#REF!,$I19,#REF!,$R$2),"-") -> - | L19: =IFERROR(SUMIFS(#REF!,#REF!,$I19,#REF!,$R$7)/SUMIFS(#REF!,#REF!,$I19,#REF!,$R$7),"-") -> - | M19: =IFERROR(SUMIFS(#REF!,#REF!,$I19,#REF!,$R$3)/SUMIFS(#REF!,#REF!,$I19,#REF!,$R$3),"-") -> - | N19: =IFERROR(SUMIFS(#REF!,#REF!,$I19,#REF!,"<="&$R$2,#REF!,">="&$S$2)/SUMIFS(#REF!,#REF!,$I19,#REF!,"<="&$R$2,#REF!,">="&$S$2),"-") -> -
C20: JAKARTA雅加达 | D20: Pickup Delivery | E20: AGENT40 | F20: JOHAR_BARU_01 | G20: JOHAR_BARU_01 | H20: JOHAR_BARU_01 | I20: JOHAR_BARU_01 | J20: 0.9 | K20: =IFERROR(SUMIFS(#REF!,#REF!,$I20,#REF!,$R$2)/SUMIFS(#REF!,#REF!,$I20,#REF!,$R$2),"-") -> - | L20: =IFERROR(SUMIFS(#REF!,#REF!,$I20,#REF!,$R$7)/SUMIFS(#REF!,#REF!,$I20,#REF!,$R$7),"-") -> - | M20: =IFERROR(SUMIFS(#REF!,#REF!,$I20,#REF!,$R$3)/SUMIFS(#REF!,#REF!,$I20,#REF!,$R$3),"-") -> - | N20: =IFERROR(SUMIFS(#REF!,#REF!,$I20,#REF!,"<="&$R$2,#REF!,">="&$S$2)/SUMIFS(#REF!,#REF!,$I20,#REF!,"<="&$R$2,#REF!,">="&$S$2),"-") -> -
... C1674: BALI巴厘 | D1674: Pickup Delivery | E1674: AGENT21 | F1674: KUPANG_TIMUR | G1674: KUPANG_TIMUR | H1674: KUPANG_TIMUR | I1674: KUPANG_TIMUR | J1674: 0.9 | K1674: =IFERROR(SUMIFS(#REF!,#REF!,$I1674,#REF!,$R$2)/SUMIFS(#REF!,#REF!,$I1674,#REF!,$R$2),"-") -> - | L1674: =IFERROR(SUMIFS(#REF!,#REF!,$I1674,#REF!,$R$7)/SUMIFS(#REF!,#REF!,$I1674,#REF!,$R$7),"-") -> - | M1674: =IFERROR(SUMIFS(#REF!,#REF!,$I1674,#REF!,$R$3)/SUMIFS(#REF!,#REF!,$I1674,#REF!,$R$3),"-") -> - | N1674: =IFERROR(SUMIFS(#REF!,#REF!,$I1674,#REF!,"<="&$R$2,#REF!,">="&$S$2)/SUMIFS(#REF!,#REF!,$I1674,#REF!,"<="&$R$2,#REF!,">="&$S$2),"-") -> -
C1675: 合计 Total | J1675: - | K1675: =SUMIFS(#REF!,#REF!,$R$2,#REF!,1)/SUMIFS(#REF!,#REF!,$R$2,#REF!,1) -> #REF! | L1675: =SUMIFS(#REF!,#REF!,$R$7,#REF!,1)/SUMIFS(#REF!,#REF!,$R$7,#REF!,1) -> #REF! | M1675: =SUMIFS(#REF!,#REF!,$R$3,#REF!,1)/SUMIFS(#REF!,#REF!,$R$3,#REF!,1) -> #REF! | N1675: =SUMIFS(#REF!,#REF!,"<="&$R$2,#REF!,">="&$S$2,#REF!,1)/SUMIFS(#REF!,#REF!,"<="&$R$2,#REF!,">="&$S$2,#REF!,1) -> #REF!
A1677: a
C1678: 定义: 一派质量考核项 快递员出勤准点率 = 当天当地时间06:30前打卡且当日有签收的快递员人数/ 当天已打卡且有签收的快递员人数 0730出仓率 = 0730前出仓量/ 一班应签收量 1200签收率 = 1200前签收量/ 一班应签收量 一班：散货数量,按照散货班次第一班 目标：90% 非平台揽收及时率 JMS - 经营指标 - 时效 - 订单收派件时效监控-DB-订单录入时间 未算订单来源 : SHOPEE, SHOPEECB, MAGELLAN, TOKOPEDIA, KURIRREKOMENDASI, LAZADA, BUKALAPAK, BUKASEND, BUKAEXPRESS, TTREVERSE, TOKOREVERSE 揽收操作及时率 = (实际揽收及时量 + 揽收失败及时量)/ 订单量*100% 目标：97% 交件准点率 JMS - 经营指标 - 时效 - 交件准点率(新) 取值时间: 按规划到件日期统计 天-1 交件准点率: 准点交件票数 / 应交件票数*100% 目标: 93% 全天签收率 JMS-经营指标-末端-实际签收(半截路由) 取值时间：T-1 如果退件 = Y，预测签收时间 + 7 天 全天签收率 = 按规划时效网点当天签收票数/应签收票数 目标：A92%，B90%，C90% 非平台COD退件率 JMS -操作平台-数据监控-退件量报表(新) COD: Y 未算订单来源 : SHOPEE, SHOPEECB, MAGELLAN, TOKOPEDIA, KURIRREKOMENDASI, LAZADA, BUKALAPAK, BUKASEND, BUKAEXPRESS, TTREVERSE, TOKOREVERSE 退件量=退件登记票数-退件作废票数 退件率=退件量/派件量 | V1678: Penjelasan: PU Rate Non-ecomm JMS - Penilaian - SLA - SLA Order PU - Deliv (Refine)-Waktu Upload Sumber Order yang Tidak Masuk : SHOPEE, SHOPEECB, MAGELLAN, TOKOPEDIA, KURIRREKOMENDASI, LAZADA, BUKALAPAK, BUKASEND, BUKAEXPRESS, TTREVERSE, TOKOREVERSE % On Time Pickup + Gagal Pick up = (On Time Pick Up + On Time Gagal Pick Up) / Total Order * 100% Target : 97% TPTW JMS - Penilaian - Laporan SLA - TPTW (New) Waktu Penarikan: Berdasarkan Waktu Perencanaan Sampai H-1 Tingkat Pengiriman Tepat Waktu: Total kirim tepat waktu / Total seharusnya kirim Target: 96% TTD Aktual JMS-Penilaian-Incoming-TTD Aktual(Rute Statis) Waktu Penarikan: T-1 Jika Retur = Y, maka waktu prediksi + 7 hari Persentase Keseluruhan Hari TTD = Jumlah TTD Hari H/Jumlah Seharusnya TTD Target: A92%, B90%, C90% Persentase TTD EZ 3 Hari 3 kali Delivery JMS-Penilaian-Incoming-TTD Aktual(Rute Statis) Waktu Penarikan: T-3, Jenis Layanan: EZ, Status Retur: N Persentase TTD EZ 3 Hari 3 kali Delivery = jumlah pesanan EZ yang ditandatangani dalam 3 hari / jumlah pesanan EZ yang seharusnya ditandatangani Retur COD Non-ecomm JMS - Operasi - Monitor - Laporan Total Retur (Refine) - Sisi Delivery & Retur COD: Y; Sumber Order yang Tidak Masuk : SHOPEE, SHOPEECB, MAGELLAN, TOKOPEDIA, KURIRREKOMENDASI, LAZADA, BUKALAPAK, BUKASEND, BUKAEXPRESS, TTREVERSE, TOKOREVERSE Total Retur = Total Regis Retur - Total Void Retur

Sheet RM Pencapaian Harian
A1: =CONCATENATE("网管-RM达成率 (日) ",TEXT($D$3,"DD MMM YYYY")," NM-Pencapaian RM Harian berdasarkan DP/CP yang di-handle") -> 网管-RM达成率 (日) 29 Sep 2026 NM-Pencapaian RM Harian berdasarkan DP/CP yang di-handle
A2: 代理区 Regional | B2: RM | C2: Jumlah DP/CP | D2: RM打卡准点率 Absensi 6.30 Tepat Waktu | H2: 0730出仓率 Keluar Gudang 0730 | L2: 1200前签收率 TTD Sebelum 1200 | P2: 全天签收率 TTD All Ritase | T2: 退件率 %Retur
D3: ='Display ALL DP'!L8 -> 46294 | E3: =D3-1 -> 46293 | F3: =D3-2 -> 46292 | G3: 对比昨天 vs H-1 | H3: =D3 -> 46294 | I3: =E3 -> 46293 | J3: =F3 -> 46292 | K3: 对比昨天 vs H-1 | L3: =D3 -> 46294 | M3: =E3 -> 46293 | N3: =F3 -> 46292 | O3: 对比昨天 vs H-1 | P3: =D3 -> 46294 | Q3: =E3 -> 46293 | R3: =F3 -> 46292 | S3: 对比昨天 vs H-1 | T3: =D3 -> 46294 | U3: =E3 -> 46293 | V3: =F3 -> 46292 | W3: 对比昨天 vs H-1
A4: 目标值 Target | D4: 0.9 | E4: 0.9 | F4: 0.9 | H4: 0.9 | I4: 0.9 | J4: 0.9 | L4: 0.9 | M4: 0.9 | N4: 0.9 | P4: 0.93 | Q4: 0.93 | R4: 0.93 | T4: 0.015 | U4: 0.015 | V4: 0.015
A5: TOTAL JAWA-BALI | C5: 1712 | D5: 0.93219763 | E5: 0.93388683 | F5: 0.92744662 | G5: -0.0016892024 | H5: 0.96267531 | I5: 0.95846304 | J5: 0.9508042 | K5: 0.004212268 | L5: 0.9007813 | M5: 0.89507081 | N5: 0.88402311 | O5: 0.0057104908 | P5: 0.94183615 | Q5: 0.95266081 | R5: 0.94081701 | S5: -0.010824655 | T5: 0.023368269 | U5: 0.027395807 | V5: 0.022134627 | W5: -0.0040275384
A6: JAKARTA雅加达 | B6: Total Regional | C6: 111 | D6: 0.937749 | E6: 0.92235966 | F6: 0.91631478 | G6: 0.015389347 | H6: 0.97732128 | I6: 0.96551724 | J6: 0.97306935 | K6: 0.011804042 | L6: 0.88132004 | M6: 0.88226019 | N6: 0.83485821 | O6: -0.00094014291 | P6: 0.9440602 | Q6: 0.9588291 | R6: 0.92250839 | S6: -0.014768897 | T6: 0.017542124 | U6: 0.027894868 | V6: 0.019005432 | W6: -0.010352744
A7: JAKARTA雅加达 | B7: AGISTA PRIYANTONO | C7: 11 | D7: 0.92962357 | E7: 0.9 | F7: 0.92477064 | G7: 0.029623568 | H7: 0.98599503 | I7: 0.94327351 | J7: 0.99325858 | K7: 0.042721518 | L7: 0.89658501 | M7: 0.90476319 | N7: 0.88090161 | O7: -0.0081781846 | P7: 0.95510889 | Q7: 0.96206591 | R7: 0.95532297 | S7: -0.0069570188 | T7: 0.014383901 | U7: 0.030632059 | V7: 0.019446942 | W7: -0.016248159
A8: JAKARTA雅加达 | B8: ANDI PRASETIYO | C8: 7 | D8: 0.93719807 | E8: 0.92346939 | F8: 0.88918919 | G8: 0.01372868 | H8: 1.0222304 | I8: 1.0072614 | J8: 1.0711542 | K8: 0.014969032 | L8: 0.89039483 | M8: 0.89167941 | N8: 0.8153237 | O8: -0.0012845718 | P8: 0.93045043 | Q8: 0.95189629 | R8: 0.85403407 | S8: -0.021445862 | T8: 0.021748473 | U8: 0.038175781 | V8: 0.025542285 | W8: -0.016427308
A9: JAKARTA雅加达 | B9: ARIS YULIANTO | C9: 11 | D9: 0.91292876 | E9: 0.89705882 | F9: 0.88012618 | G9: 0.015869936 | H9: 0.92010069 | I9: 0.93726351 | J9: 0.94956291 | K9: -0.017162826 | L9: 0.81346701 | M9: 0.81679054 | N9: 0.79601709 | O9: -0.0033235354 | P9: 0.93539024 | Q9: 0.95523058 | R9: 0.94799528 | S9: -0.019840343 | T9: 0.020247064 | U9: 0.029622488 | V9: 0.015549692 | W9: -0.0093754238
A10: JAKARTA雅加达 | B10: JHOSVANDO ANANG WINARTO | C10: 10 | D10: 0.94186047 | E10: 0.92517007 | F10: 0.91075515 | G10: 0.016690397 | H10: 0.96379225 | I10: 0.95817428 | J10: 0.96761527 | K10: 0.0056179677 | L10: 0.87894477 | M10: 0.87670411 | N10: 0.82845821 | O10: 0.0022406534 | P10: 0.94304396 | Q10: 0.95615874 | R10: 0.91121718 | S10: -0.013114778 | T10: 0.016519626 | U10: 0.024784901 | V10: 0.017925883 | W10: -0.0082652752
A11: JAKARTA雅加达 | B11: DIFA HERDIANSAH MUNABARI | C11: 14 | D11: 0.95816993 | E11: 0.95982143 | F11: 0.95196507 | G11: -0.0016514939 | H11: 1.0116027 | I11: 1.0391807 | J11: 1.0339488 | K11: -0.027577997 | L11: 0.91291817 | M11: 0.92334549 | N11: 0.89967045 | O11: -0.010427323 | P11: 0.94704712 | Q11: 0.95516972 | R11: 0.9426344 | S11: -0.008122605 | T11: 0.019272621 | U11: 0.032214032 | V11: 0.021503651 | W11: -0.012941411
A12: JAKARTA雅加达 | B12: I MADE DWI PU DJAWARDANA | C12: 13 | D12: 0.91389432 | E12: 0.90848214 | F12: 0.9 | G12: 0.005412182 | H12: 0.96038981 | I12: 0.94079817 | J12: 0.93344798 | K12: 0.01959164 | L12: 0.9160698 | M12: 0.91718791 | N12: 0.87534701 | O12: -0.0011181122 | P12: 0.93823293 | Q12: 0.96584521 | R12: 0.91018116 | S12: -0.027612277 | T12: 0.015876355 | U12: 0.020797913 | V12: 0.017374866 | W12: -0.004921558
A13: JAKARTA雅加达 | B13: MUHAMMAD BANDI BANDANUJI | C13: 14 | D13: 0.96257485 | E13: 0.91651543 | F13: 0.92393321 | G13: 0.046059424 | H13: 0.9835021 | I13: 0.98146063 | J13: 0.968 | K13: 0.0020414759 | L13: 0.91641825 | M13: 0.89773184 | N13: 0.8551254 | O13: 0.018686407 | P13: 0.95340373 | Q13: 0.95813928 | R13: 0.9232705 | S13: -0.0047355496 | T13: 0.014007666 | U13: 0.023331737 | V13: 0.015720141 | W13: -0.0093240716
A14: JAKARTA雅加达 | B14: BIMO WIRA ANGGORO | C14: 10 | D14: 0.93968872 | E14: 0.95104895 | F14: 0.94883721 | G14: -0.011360235 | H14: 0.9777027 | I14: 0.9681239 | J14: 0.8866909 | K14: 0.0095788038 | L14: 0.84597097 | M14: 0.84877289 | N14: 0.77249435 | O14: -0.0028019221 | P14: 0.94647539 | Q14: 0.9581603 | R14: 0.92064917 | S14: -0.011684907 | T14: 0.013922724 | U14: 0.026289785 | V14: 0.015537402 | W14: -0.012367061
A15: JAKARTA雅加达 | B15: SAMSUL MAARIF | C15: 12 | D15: 0.94640123 | E15: 0.92832765 | F15: 0.93485915 | G15: 0.01807358 | H15: 0.98443873 | I15: 0.97731176 | J15: 0.98187101 | K15: 0.0071269651 | L15: 0.87735102 | M15: 0.86634126 | N15: 0.79258571 | O15: 0.011009762 | P15: 0.94920225 | Q15: 0.96262295 | R15: 0.90588723 | S15: -0.013420702 | T15: 0.019435991 | U15: 0.031754901 | V15: 0.021263743 | W15: -0.01231891
A16: JAKARTA雅加达 | B16: SIDIQ HASPARI | C16: 9 | D16: 0.92996743 | E16: 0.91289199 | F16: 0.88947368 | G16: 0.017075441 | H16: 0.97804777 | I16: 0.93974878 | J16: 0.96987667 | K16: 0.038298988 | L16: 0.86688297 | M16: 0.8748019 | N16: 0.81811387 | O16: -0.0079189343 | P16: 0.93720939 | Q16: 0.95703692 | R16: 0.92634315 | S16: -0.019827535 | T16: 0.020035709 | U16: 0.023751691 | V16: 0.020399693 | W16: -0.0037159816
A17: TANGERANG唐格朗 | B17: Total Regional | C17: 108 | D17: 0.95928795 | E17: 0.95488722 | F17: 0.94751147 | G17: 0.0044007332 | H17: 0.95504485 | I17: 0.95455051 | J17: 0.93939231 | K17: 0.00049433922 | L17: 0.92060843 | M17: 0.92141179 | N17: 0.90443826 | O17: -0.00080336675 | P17: 0.95237562 | Q17: 0.9672704 | R17: 0.95720067 | S17: -0.014894783 | T17: 0.017473272 | U17: 0.023611249 | V17: 0.01885087 | W17: -0.0061379766
... A25: TANGERANG唐格朗 | B25: RAHMAN | C25: 9 | D25: 0.9535865 | E25: 0.9537037 | F25: 0.97716895 | G25: -0.00011720581 | H25: 0.95813911 | I25: 0.94795912 | J25: 0.94043643 | K25: 0.010179986 | L25: 0.93695482 | M25: 0.93566995 | N25: 0.92579715 | O25: 0.0012848681 | P25: 0.94784892 | Q25: 0.95887744 | R25: 0.94887159 | S25: -0.011028518 | T25: 0.011903027 | U25: 0.027996278 | V25: 0.016261328 | W25: -0.016093252
A26: TANGERANG唐格朗 | B26: - | C26: 3 | D26: 0.94736842 | E26: 0.90322581 | F26: 0.92134831 | G26: 0.044142615 | H26: - | I26: - | J26: 0 | K26: - | L26: - | M26: - | N26: 0 | O26: - | P26: 0.90314198 | Q26: 0.9512689 | R26: 0.9498002 | S26: -0.048126919 | T26: 0.035296713 | U26: 0.01961034 | V26: 0.01615431 | W26: 0.015686373
A27: BEKASI勿加西 | B27: Total Regional | C27: 48 | D27: 0.94228665 | E27: 0.94929847 | F27: 0.93951972 | G27: -0.0070118173 | H27: 0.95785068 | I27: 0.95379849 | J27: 0.94798174 | K27: 0.0040521978 | L27: 0.91620236 | M27: 0.90858089 | N27: 0.90474766 | O27: 0.0076214689 | P27: 0.94509268 | Q27: 0.95520661 | R27: 0.95026053 | S27: -0.010113926 | T27: 0.013183201 | U27: 0.024905871 | V27: 0.017789801 | W27: -0.01172267
A28: BEKASI勿加西 | B28: ANDREW | C28: 6 | D28: 0.9259962 | E28: 0.93818985 | F28: 0.90625 | G28: -0.012193641 | H28: 0.97252727 | I28: 0.97527405 | J28: 0.96409369 | K28: -0.0027467834 | L28: 0.92170458 | M28: 0.91294303 | N28: 0.89717905 | O28: 0.0087615567 | P28: 0.95261991 | Q28: 0.95936478 | R28: 0.94719832 | S28: -0.0067448757 | T28: 0.015251462 | U28: 0.030667487 | V28: 0.020380978 | W28: -0.015416025
A29: BEKASI勿加西 | B29: SUTRISNA | C29: 8 | D29: 0.96100279 | E29: 0.95341615 | F29: 0.96706587 | G29: 0.0075866364 | H29: 0.95157775 | I29: 0.94705385 | J29: 0.94343702 | K29: 0.0045238938 | L29: 0.90855304 | M29: 0.90853659 | N29: 0.90967615 | O29: 1.6455946e-05 | P29: 0.94180499 | Q29: 0.95726109 | R29: 0.95367606 | S29: -0.015456097 | T29: 0.012782032 | U29: 0.02637187 | V29: 0.020303827 | W29: -0.013589838
A30: BEKASI勿加西 | B30: FIRMAN ARIANTO | C30: 5 | D30: 0.91561181 | E30: 0.92462312 | F30: 0.93867925 | G30: -0.0090113012 | H30: 0.96262938 | I30: 0.96254958 | J30: 0.91307157 | K30: 7.9794752e-05 | L30: 0.91459272 | M30: 0.91080159 | N30: 0.89814084 | O30: 0.0037911289 | P30: 0.9297973 | Q30: 0.94838352 | R30: 0.93506652 | S30: -0.018586219 | T30: 0.01606115 | U30: 0.029222174 | V30: 0.017987614 | W30: -0.013161025
A31: BEKASI勿加西 | B31: ADIT | C31: 7 | D31: 0.94906166 | E31: 0.94977169 | F31: 0.94211288 | G31: -0.0007100273 | H31: 0.96072225 | I31: 0.96203181 | J31: 0.95119153 | K31: -0.001309563 | L31: 0.93253695 | M31: 0.92567128 | N31: 0.92451895 | O31: 0.0068656675 | P31: 0.95840843 | Q31: 0.96213673 | R31: 0.95710298 | S31: -0.0037283019 | T31: 0.012397016 | U31: 0.0207106 | V31: 0.01623486 | W31: -0.0083135838
A32: BEKASI勿加西 | B32: DENDEN | C32: 8 | D32: 0.94548872 | E32: 0.96766744 | F32: 0.94141414 | G32: -0.022178715 | H32: 0.94520971 | I32: 0.95105152 | J32: 0.93792693 | K32: -0.0058418016 | L32: 0.89663701 | M32: 0.89338115 | N32: 0.88732218 | O32: 0.0032558558 | P32: 0.94126544 | Q32: 0.94700782 | R32: 0.94972048 | S32: -0.0057423781 | T32: 0.011558896 | U32: 0.030763137 | V32: 0.015583586 | W32: -0.019204241
A33: BEKASI勿加西 | B33: ABDUL MALIK | C33: 8 | D33: 0.94187779 | E33: 0.94210526 | F33: 0.946875 | G33: -0.00022746882 | H33: 0.96508038 | I33: 0.9703001 | J33: 0.96101677 | K33: -0.0052197193 | L33: 0.92459812 | M33: 0.91120995 | N33: 0.91692885 | O33: 0.013388164 | P33: 0.95029968 | Q33: 0.96062544 | R33: 0.95091816 | S33: -0.010325763 | T33: 0.014010508 | U33: 0.020930501 | V33: 0.016641648 | W33: -0.0069199936
A34: BEKASI勿加西 | B34: LUTHFI | C34: 6 | D34: 0.94520548 | E34: 0.95816733 | F34: 0.93857965 | G34: -0.012961851 | H34: 0.94678025 | I34: 0.90943964 | J34: 0.93963408 | K34: 0.037340612 | L34: 0.90565174 | M34: 0.89608876 | N34: 0.88757138 | O34: 0.0095629807 | P34: 0.92936611 | Q34: 0.94628851 | R34: 0.94858082 | S34: -0.016922401 | T34: 0.011986709 | U34: 0.02145837 | V34: 0.019414658 | W34: -0.0094716605
A35: BOGOR茂物 | B35: Total Regional | C35: 88 | D35: 0.94329091 | E35: 0.94158628 | F35: 0.93716249 | G35: 0.0017046323 | H35: 0.96989034 | I35: 0.9731118 | J35: 0.96292221 | K35: -0.0032214589 | L35: 0.94025336 | M35: 0.93894637 | N35: 0.93823525 | O35: 0.0013069848 | P35: 0.97348541 | Q35: 0.98058075 | R35: 0.98002754 | S35: -0.0070953371 | T35: 0.015115301 | U35: 0.020768382 | V35: 0.018214566 | W35: -0.0056530811
A36: BOGOR茂物 | B36: AHMAD TOFIK YULFIKAR | C36: 14 | D36: 0.94334975 | E36: 0.95021962 | F36: 0.95782313 | G36: -0.0068698656 | H36: 0.9527812 | I36: 0.97281993 | J36: 0.94930768 | K36: -0.020038734 | L36: 0.92780663 | M36: 0.93623138 | N36: 0.93687771 | O36: -0.0084247513 | P36: 0.96363005 | Q36: 0.97347654 | R36: 0.97236392 | S36: -0.0098464918 | T36: 0.013502575 | U36: 0.0204596 | V36: 0.016540895 | W36: -0.0069570251
A37: BOGOR茂物 | B37: FALDY FEDIANSYAH | C37: 18 | D37: 0.95207668 | E37: 0.95516569 | F37: 0.94982079 | G37: -0.0030890147 | H37: 0.97109602 | I37: 0.9770912 | J37: 0.96164364 | K37: -0.0059951815 | L37: 0.93579049 | M37: 0.93289971 | N37: 0.92800086 | O37: 0.0028907864 | P37: 0.96312108 | Q37: 0.97275267 | R37: 0.97213441 | S37: -0.0096315948 | T37: 0.018412294 | U37: 0.024368013 | V37: 0.022267602 | W37: -0.0059557195
A38: BOGOR茂物 | B38: HERI SUSANTO | C38: 14 | D38: 0.95 | E38: 0.92596685 | F38: 0.94354839 | G38: 0.024033149 | H38: 0.98062795 | I38: 0.97542194 | J38: 0.97843096 | K38: 0.0052060099 | L38: 0.95257553 | M38: 0.95171414 | N38: 0.95227398 | O38: 0.0008613948 | P38: 0.98362924 | Q38: 0.99042939 | R38: 0.98914337 | S38: -0.006800151 | T38: 0.013267776 | U38: 0.017214158 | V38: 0.016403309 | W38: -0.0039463828
... A47: BANDUNG万隆 | B47: Deden Ery Riswandi | C47: 12 | D47: 0.87301587 | E47: 0.90059347 | F47: 0.8765625 | G47: -0.027577599 | H47: 0.9498036 | I47: 0.94361047 | J47: 0.94267979 | K47: 0.0061931348 | L47: 0.74254852 | M47: 0.69919169 | N47: 0.71093837 | O47: 0.043356835 | P47: 0.85249309 | Q47: 0.87518355 | R47: 0.85700288 | S47: -0.022690462 | T47: 0.037141006 | U47: 0.036379516 | V47: 0.026874854 | W47: 0.00076149058
A48: BANDUNG万隆 | B48: Dedy | C48: 1 | D48: - | E48: - | F48: - | G48: - | H48: 1 | I48: - | J48: 1 | K48: - | L48: 1 | M48: - | N48: 1 | O48: - | P48: 1 | Q48: - | R48: 1 | S48: - | T48: 0 | U48: 0 | V48: - | W48: 0
A49: BANDUNG万隆 | B49: Didi | C49: 24 | D49: 0.93274112 | E49: 0.95500562 | F49: 0.96476306 | G49: -0.022264508 | H49: 0.9836008 | I49: 0.98116977 | J49: 0.97938813 | K49: 0.0024310218 | L49: 0.90148764 | M49: 0.89446597 | N49: 0.88384755 | O49: 0.0070216696 | P49: 0.92518115 | Q49: 0.9457439 | R49: 0.92868062 | S49: -0.020562754 | T49: 0.023679318 | U49: 0.019738559 | V49: 0.017488309 | W49: 0.0039407595
A50: BANDUNG万隆 | B50: Edo Rudiana | C50: 18 | D50: 0.9789823 | E50: 0.9826518 | F50: 0.98518519 | G50: -0.0036694959 | H50: 0.9651262 | I50: 0.95161405 | J50: 0.92802268 | K50: 0.013512148 | L50: 0.94541892 | M50: 0.93491782 | N50: 0.92752968 | O50: 0.010501104 | P50: 0.95028008 | Q50: 0.96340375 | R50: 0.94700533 | S50: -0.013123673 | T50: 0.012217262 | U50: 0.018446363 | V50: 0.014482462 | W50: -0.0062291005
A51: BANDUNG万隆 | B51: Eki Rizqiana Pahlevi | C51: 20 | D51: 0.8897561 | E51: 0.90115668 | F51: 0.89098532 | G51: -0.01140058 | H51: 0.96441363 | I51: 0.95711278 | J51: 0.96541149 | K51: 0.0073008533 | L51: 0.8584248 | M51: 0.86146128 | N51: 0.87758423 | O51: -0.0030364819 | P51: 0.93405991 | Q51: 0.93815911 | R51: 0.93247751 | S51: -0.004099209 | T51: 0.014225505 | U51: 0.025442074 | V51: 0.016874765 | W51: -0.011216569
A52: BANDUNG万隆 | B52: Feri Malik | C52: 15 | D52: 0.94206549 | E52: 0.9432133 | F52: 0.95121951 | G52: -0.0011478052 | H52: 0.96342039 | I52: 0.96835012 | J52: 0.95974569 | K52: -0.0049297306 | L52: 0.9163772 | M52: 0.91440145 | N52: 0.91504752 | O52: 0.0019757494 | P52: 0.9206051 | Q52: 0.93876933 | R52: 0.9075928 | S52: -0.018164227 | T52: 0.010285253 | U52: 0.017791519 | V52: 0.014741925 | W52: -0.0075062661
