Workbook

Sheet Display ALL DP
B1: ="网管-雅加达网点质量达成 "&TEXT(BB2,"YYYY-MM-DD")&" "&"NM - Pencapaian Kualitas DropPoint Jakarta "&TEXT(BB2,"YYYY-MM-DD") -> 网管-雅加达网点质量达成 2026-09-28 NM - Pencapaian Kualitas DropPoint Jakarta 2026-09-28 | BB1: Date
BB2: =L8 -> 46293 | BC2: =EOMONTH(BB2,-1)+1 -> 46266 | BD2: report kualitas agent | BG2: =COUNTIFS(#REF!,J:J,#REF!,1,#REF!,"<="&#REF!) -> #REF! | BH2: =COUNTIFS(#REF!,J:J,#REF!,1) -> #REF! | BI2: =BG2/BH2 -> #REF!
BB3: =BB2-2 -> 46291 | BC3: =EOMONTH(BB3,-1)+1 -> 46266 | BD3: report ramadan
C4: 定义: 一派质量考核项 1. 快递员出勤准点率 = 当天当地时间06:30前打卡且当日有签收的快递员人数/ 当天已打卡且有签收的快递员人数 2. 0730出仓率 = 0730前出仓量/ 一班应签收量 3. 1200签收率 = 1200前签收量/ 一班应签收量 4. 一班：散货数量,按照散货班次第一班 目标：90% 质量达成 1. 交件准点率: 准点交件票数 / 应交件票数*100% 目标: 93% 2. 全天签收率 = 按规划时效网点当天签收票数/应签收票数 目标：A92%，B90%，C90% 非平台质量 1. 非平台揽收及时率 = (实际揽收及时量 + 揽收失败及时量)/ 订单量 目标：98% 2. 非平台COD退件率 = (退件登记票数 - 退件作废票数) / 派件量 | V4: Penjelasan: Penilaian Kualitas Delivery Ritase Pertama 1. Tingkat Ketepatan Waktu Kehadiran Spirnter = Jumlah sprinter yang melakukan absen sebelum 06.30 waktu setempat dan melakukan TTD/ jumlah sprinter yang melakukan absen dan melakukan TTD 2. Persentase Deliv 7.30 = Total delivery sebelum jam 7.30/ Total Seharusnya TTD Rit 1 3. Persentase TTD 12.00 = Total TTD sebelum jam 1200/ Total seharusnya TTD Rit 1 4. Ritase Pertama: Jumlah penyebaran paket massal kargo Rit 1 Target : 90% Pencapaian Kualitas 1. TPTW = Total kirim tepat waktu / Total seharusnya kirim Target: 93% 2. Persentase TTD = Jumlah TTD Hari H/Jumlah Seharusnya TTD Target: A92%, B90%, C90% Kualitas Non Platform 1. % Pickup Non-ecommerce = (On Time Pick Up + On Time Gagal Pick Up) / Total Order Target : 98% 2. % Retur COD Non-Ecommerce = (Jumlah regis retur - jumlah batal retur)/ jumlah delivery
C6: 代理区 Agent | D6: Fungsi DP | E6: 代理区编码 Kode Agent | F6: 网点代码 Kode DP | G6: 网点 Nama Drop point | H6: Nama agent | J6: 代理区编码 Kode Agent | K6: 一派质量达成 Penilaian Kualitas Delivery Ritase Pertama | Z6: 二派质量达成 Penilaian Kualitas Delivery Ritase Kedua | AE6: 全天收派质量达成 Pencapaian Kualitas Operasional Harian
K7: 快递员出勤准点率 Tingkat Ketepatan Waktu Kehadiran Spirnter | P7: 0730出仓率 Persenase Keluar Gudang 0730 | U7: 1200签收率 Persentase TTD 1200 | Z7: 二派签收率 Persentase TTD Delivery Kedua | AE7: 交件准点率 TPTW | AJ7: 全天签收率 Persentase TTD | AO7: 非平台揽收及时率 % Pickup Non- Ecommerce | AT7: 非平台COD退件率 % Retur COD Non-Ecommerce | BB7: =BB2-1 -> 46292
K8: Target | L8: 46293 | M8: 46292 | N8: 46291 | O8: 月度达成 Pencapaian Bulanan | P8: Target | Q8: 46293 | R8: 46292 | S8: 46291 | T8: 月度达成 Pencapaian Bulanan | U8: Target | V8: 46293 | W8: 46292 | X8: 46291 | Y8: 月度达成 Pencapaian Bulanan | Z8: Target | AA8: 46293 | AB8: 46292 | AC8: 46291 | AD8: 月度达成 Pencapaian Bulanan | AE8: Target | AF8: 46293 | AG8: 46292 | AH8: 46291 | AI8: 月度达成 Pencapaian Bulanan | AJ8: Target | AK8: 46293 | AL8: 46292 | AM8: 46291 | AN8: 月度达成 Pencapaian Bulanan | AO8: Target | AP8: 46293 | AQ8: 46292 | AR8: 46291 | AS8: 月度达成 Pencapaian Bulanan | AT8: 目标 Target | AU8: 46293 | AV8: 46292 | AW8: 46291 | AX8: 月度达成 Pencapaian Bulanan
C9: JAKARTA雅加达 | D9: Pickup Delivery | E9: AGENT40 | F9: JKT41W | G9: CP_PLUIT_PERMAI | H9: CP_PLUIT_PERMAI | I9: CP_PLUIT_PERMAI | J9: CP_PLUIT_PERMAI | K9: 0.9 | L9: 0.87755102 | M9: 0.83928571 | N9: 0.85483871 | O9: 0.89844683 | P9: 0.9 | Q9: 0.98940598 | R9: 0.99329575 | S9: 0.91570294 | T9: 0.9488909 | U9: 0.9 | V9: 0.85641317 | W9: 0.75940881 | X9: 0.8077191 | Y9: 0.73278907 | Z9: 0.92 | AA9: 0.9405427 | AB9: 0.87678659 | AC9: 0.93202765 | AD9: 0.91771965 | AE9: 0.92 | AF9: 0.96733872 | AG9: 0.93924571 | AH9: 0.98360303 | AI9: 0.96272611 | AJ9: 0.92 | AK9: 0.94893508 | AL9: 0.91574092 | AM9: 0.9518972 | AN9: 0.93794104 | AO9: 0.99 | AP9: 1 | AQ9: 1 | AR9: 1 | AS9: 1 | AT9: 0.08721821 | AU9: 0 | AV9: 0.10344828 | AW9: 0.054054054 | AX9: 0.049946865
C10: JAKARTA雅加达 | D10: Pickup Delivery | E10: AGENT40 | F10: JKT43D | G10: CP_DANAUSUNTER_UTARA | H10: CP_DANAUSUNTER_UTARA | I10: CP_DANAUSUNTER_UTARA | J10: CP_DANAUSUNTER_UTARA | K10: 0.9 | L10: 0.88118812 | M10: 0.89320388 | N10: 0.88288288 | O10: 0.88192922 | P10: 0.9 | Q10: 0.93773867 | R10: 0.97293676 | S10: 0.97227131 | T10: 0.98235853 | U10: 0.9 | V10: 0.82483812 | W10: 0.80211683 | X10: 0.84694848 | Y10: 0.79964507 | Z10: 0.92 | AA10: 0.92598794 | AB10: 0.92393127 | AC10: 0.9583007 | AD10: 0.9606825 | AE10: 0.92 | AF10: 0.99594622 | AG10: 0.98214752 | AH10: 0.99337236 | AI10: 0.99323991 | AJ10: 0.92 | AK10: 0.93385128 | AL10: 0.94640085 | AM10: 0.96631106 | AN10: 0.96906269 | AO10: 0.99 | AP10: 1 | AQ10: 1 | AR10: 1 | AS10: 1 | AT10: 0.08721821 | AU10: 0.064516129 | AV10: 0.014492754 | AW10: 0.016949153 | AX10: 0.055446516
C11: JAKARTA雅加达 | D11: Pickup Delivery | E11: AGENT40 | F11: JKT08L | G11: KAMAL_MUARA | H11: KAMAL_MUARA | I11: KAMAL_MUARA | J11: KAMAL_MUARA | K11: 0.9 | L11: 0.96 | M11: 0.96153846 | N11: 0.88888889 | O11: 0.92938209 | P11: 0.9 | Q11: 0.99544419 | R11: 0.99129058 | S11: 0.99175412 | T11: 0.94294228 | U11: 0.9 | V11: 0.88914199 | W11: 0.90577989 | X11: 0.88755622 | Y11: 0.88478093 | Z11: 0.92 | AA11: 0.93603412 | AB11: 0.95243129 | AC11: 0.94655005 | AD11: 0.94926549 | AE11: 0.92 | AF11: 0.99883964 | AG11: 0.95462185 | AH11: 0.98548922 | AI11: 0.94884899 | AJ11: 0.92 | AK11: 0.94456887 | AL11: 0.95608873 | AM11: 0.95306554 | AN11: 0.96333642 | AO11: 0.99 | AP11: 1 | AQ11: 1 | AR11: 1 | AS11: 1 | AT11: 0.08721821 | AU11: 0 | AV11: 0 | AW11: 0 | AX11: 0.032786885
C12: JAKARTA雅加达 | D12: Pickup Delivery | E12: AGENT40 | F12: JKT08I | G12: TELUK_GONG | H12: TELUK_GONG | I12: TELUK_GONG | J12: TELUK_GONG | K12: 0.9 | L12: 0.94339623 | M12: 0.94117647 | N12: 0.92792793 | O12: 0.92072015 | P12: 0.9 | Q12: 0.83109504 | R12: 0.90996115 | S12: 0.91534099 | T12: 0.91411828 | U12: 0.9 | V12: 0.81439394 | W12: 0.80188679 | X12: 0.86180661 | Y12: 0.83069059 | Z12: 0.92 | AA12: 0.8982718 | AB12: 0.95137375 | AC12: 0.97246059 | AD12: 0.97315625 | AE12: 0.92 | AF12: 0.9836703 | AG12: 0.95961003 | AH12: 0.97183908 | AI12: 0.93589408 | AJ12: 0.92 | AK12: 0.91536988 | AL12: 0.95175922 | AM12: 0.97655612 | AN12: 0.97795663 | AO12: 0.99 | AP12: 1 | AQ12: 1 | AR12: 1 | AS12: 1 | AT12: 0.08721821 | AU12: 0.069767442 | AV12: 0.039215686 | AW12: 0 | AX12: 0.068363636
C13: JAKARTA雅加达 | D13: Pickup Delivery | E13: AGENT40 | F13: JKT41T | G13: CP_TELUK_GONG_RAYA | H13: CP_TELUK_GONG_RAYA | I13: CP_TELUK_GONG_RAYA | J13: CP_TELUK_GONG_RAYA | K13: 0.9 | L13: 0.93333333 | M13: 0.93333333 | N13: 0.95833333 | O13: 0.89958449 | P13: 0.9 | Q13: 0.85963027 | R13: 0.96490361 | S13: 0.98283073 | T13: 0.95865379 | U13: 0.9 | V13: 0.93766122 | W13: 0.91497776 | X13: 0.95597623 | Y13: 0.93634914 | Z13: 0.92 | AA13: 0.97851336 | AB13: 0.97086466 | AC13: 0.95730117 | AD13: 0.95849881 | AE13: 0.92 | AF13: 0.994914 | AG13: 0.99818716 | AH13: 0.98790495 | AI13: 0.97201753 | AJ13: 0.92 | AK13: 0.98133919 | AL13: 0.97474502 | AM13: 0.97044141 | AN13: 0.97416948 | AO13: 0.99 | AP13: 1 | AQ13: 1 | AR13: 1 | AS13: 1 | AT13: 0.08721821 | AU13: 0 | AV13: 0.041666667 | AW13: 0 | AX13: 0.039780521
C14: JAKARTA雅加达 | D14: Pickup Delivery | E14: AGENT40 | F14: JKT30A | G14: CP_PADEMANGAN_4 | H14: CP_PADEMANGAN_4 | I14: CP_PADEMANGAN_4 | J14: CP_PADEMANGAN_4 | K14: 0.9 | L14: - | M14: - | N14: - | O14: - | P14: 0.9 | Q14: - | R14: - | S14: - | T14: 0.36842105 | U14: 0.9 | V14: - | W14: - | X14: - | Y14: 0.94736842 | Z14: 0.92 | AA14: - | AB14: - | AC14: - | AD14: 1 | AE14: 0.92 | AF14: - | AG14: - | AH14: - | AI14: 0.99639617 | AJ14: 0.92 | AK14: - | AL14: - | AM14: - | AN14: 0.96969697 | AO14: 0.99 | AP14: - | AQ14: - | AR14: - | AS14: 1 | AT14: 0.08721821 | AU14: - | AV14: - | AW14: - | AX14: -
C15: JAKARTA雅加达 | D15: Pickup Delivery | E15: AGENT40 | F15: JKT43Q | G15: CP_ANCOL_SELATAN_1 | H15: CP_ANCOL_SELATAN_1 | I15: CP_ANCOL_SELATAN_1 | J15: CP_ANCOL_SELATAN_1 | K15: 0.9 | L15: 0.99130435 | M15: 0.98198198 | N15: 0.98333333 | O15: 0.98793408 | P15: 0.9 | Q15: 0.98563293 | R15: 0.98460172 | S15: 0.98876963 | T15: 0.98272513 | U15: 0.9 | V15: 0.91858659 | W15: 0.89458099 | X15: 0.9109521 | Y15: 0.9164217 | Z15: 0.92 | AA15: 0.95687711 | AB15: 0.94591629 | AC15: 0.96240489 | AD15: 0.96639035 | AE15: 0.92 | AF15: 0.99947649 | AG15: 0.99690852 | AH15: 0.98063044 | AI15: 0.99350784 | AJ15: 0.92 | AK15: 0.97046301 | AL15: 0.96287773 | AM15: 0.97340489 | AN15: 0.9777985 | AO15: 0.99 | AP15: 1 | AQ15: 1 | AR15: 1 | AS15: 1 | AT15: 0.08721821 | AU15: 0 | AV15: 0.013157895 | AW15: 0.015503876 | AX15: 0.027039848
C16: JAKARTA雅加达 | D16: Pickup Delivery | E16: AGENT40 | F16: JKT08C | G16: KEPULAUAN_SERIBU | H16: KEPULAUAN_SERIBU | I16: KEPULAUAN_SERIBU | J16: KEPULAUAN_SERIBU | K16: 0.9 | L16: 0.96428571 | M16: 0.96428571 | N16: 0.91304348 | O16: 0.96148738 | P16: 0.9 | Q16: 0.99920917 | R16: 0.99613221 | S16: 0.99090909 | T16: 0.96540034 | U16: 0.9 | V16: 0.97825227 | W16: 0.99120956 | X16: 0.99335664 | Y16: 0.95747395 | Z16: 0.92 | AA16: - | AB16: - | AC16: - | AD16: 0 | AE16: 0.92 | AF16: 0.55555556 | AG16: 0 | AH16: - | AI16: 0.5 | AJ16: 0.92 | AK16: 0.98418347 | AL16: 0.99578059 | AM16: 0.9986014 | AN16: 0.99457799 | AO16: 0.99 | AP16: 1 | AQ16: 1 | AR16: - | AS16: 1 | AT16: 0.08721821 | AU16: 0 | AV16: 0 | AW16: 0 | AX16: 0.059027778
C17: JAKARTA雅加达 | D17: Pickup Delivery | E17: AGENT40 | F17: JKT11 | G17: TANAH_ABANG | H17: TANAH_ABANG | I17: TANAH_ABANG | J17: TANAH_ABANG | K17: 0.9 | L17: 0.85555556 | M17: 0.87671233 | N17: 0.83529412 | O17: 0.88519521 | P17: 0.9 | Q17: 0.99148118 | R17: 0.99058219 | S17: 0.99097379 | T17: 0.99394094 | U17: 0.9 | V17: 0.72107722 | W17: 0.51643836 | X17: 0.70595383 | Y17: 0.72097686 | Z17: 0.92 | AA17: 0.88363851 | AB17: 0.62805663 | AC17: 0.8536297 | AD17: 0.87432174 | AE17: 0.92 | AF17: 0.99017682 | AG17: 0.99271592 | AH17: 0.99263984 | AI17: 0.98570708 | AJ17: 0.92 | AK17: 0.90810203 | AL17: 0.68980053 | AM17: 0.8765012 | AN17: 0.8987719 | AO17: 0.99 | AP17: 1 | AQ17: 1 | AR17: 1 | AS17: 1 | AT17: 0.08721821 | AU17: 0.055555556 | AV17: 0.078125 | AW17: 0.017241379 | AX17: 0.046758105
C18: JAKARTA雅加达 | D18: Pickup Delivery | E18: AGENT40 | F18: JKT12 | G18: SENEN | H18: SENEN | I18: SENEN | J18: SENEN | K18: 0.9 | L18: 0.97321429 | M18: 0.9537037 | N18: 0.9338843 | O18: 0.97838002 | P18: 0.9 | Q18: 0.9933916 | R18: 0.99331569 | S18: 0.99341552 | T18: 0.9928209 | U18: 0.9 | V18: 0.86228949 | W18: 0.77329063 | X18: 0.87685626 | Y18: 0.88384897 | Z18: 0.92 | AA18: 0.91412623 | AB18: 0.85976461 | AC18: 0.91557187 | AD18: 0.93481277 | AE18: 0.92 | AF18: 0.98096102 | AG18: 0.9896978 | AH18: 0.9808542 | AI18: 0.98009451 | AJ18: 0.92 | AK18: 0.93831909 | AL18: 0.87240672 | AM18: 0.93438896 | AN18: 0.95260379 | AO18: 0.99 | AP18: 1 | AQ18: 1 | AR18: 1 | AS18: 1 | AT18: 0.08721821 | AU18: 0.046875 | AV18: 0.041666667 | AW18: 0.086956522 | AX18: 0.059947871
C19: JAKARTA雅加达 | D19: Pickup Delivery | E19: AGENT40 | F19: JKT45I | G19: CP_PINANGSIA_RAYA | H19: CP_PINANGSIA_RAYA | I19: CP_PINANGSIA_RAYA | J19: CP_PINANGSIA_RAYA | K19: 0.9 | L19: 0.8125 | M19: 0.63636364 | N19: 0.66666667 | O19: 0.80448065 | P19: 0.9 | Q19: 0.98310292 | R19: 0.98561151 | S19: 0.99132791 | T19: 0.90251211 | U19: 0.9 | V19: 0.64976959 | W19: 0.36793422 | X19: 0.68455285 | Y19: 0.63562105 | Z19: 0.92 | AA19: 0.90495868 | AB19: 0.44326923 | AC19: 0.89278752 | AD19: 0.80393304 | AE19: 0.92 | AF19: 0.99334601 | AG19: 0.99663785 | AH19: 0.99560467 | AI19: 0.99438168 | AJ19: 0.92 | AK19: 0.92329227 | AL19: 0.56879813 | AM19: 0.92553932 | AN19: 0.85329714 | AO19: 0.99 | AP19: 1 | AQ19: 1 | AR19: 1 | AS19: 1 | AT19: 0.08721821 | AU19: 0.1 | AV19: 0.2 | AW19: 0 | AX19: 0.064356436
C20: JAKARTA雅加达 | D20: Pickup Delivery | E20: AGENT40 | F20: JKT13K | G20: JOHAR_BARU_01 | H20: JOHAR_BARU_01 | I20: JOHAR_BARU_01 | J20: JOHAR_BARU_01 | K20: 0.9 | L20: 0.96491228 | M20: 0.91525424 | N20: 0.93043478 | O20: 0.93669022 | P20: 0.9 | Q20: 0.99754031 | R20: 0.98776191 | S20: 0.99623494 | T20: 0.99315293 | U20: 0.9 | V20: 0.88138836 | W20: 0.85740775 | X20: 0.87688253 | Y20: 0.87420332 | Z20: 0.92 | AA20: 0.91900905 | AB20: 0.89192578 | AC20: 0.91905232 | AD20: 0.94595633 | AE20: 0.92 | AF20: 0.99530201 | AG20: 0.9728 | AH20: 0.95929444 | AI20: 0.97853849 | AJ20: 0.92 | AK20: 0.9440778 | AL20: 0.92729211 | AM20: 0.94980777 | AN20: 0.96281999 | AO20: 0.99 | AP20: 1 | AQ20: 1 | AR20: 1 | AS20: 1 | AT20: 0.08721821 | AU20: 0 | AV20: 0.038461538 | AW20: 0.057142857 | AX20: 0.061362454
C21: JAKARTA雅加达 | D21: Pickup Delivery | E21: AGENT40 | F21: JKT45L | G21: CP_ZAINUL_ARIFIN | H21: CP_ZAINUL_ARIFIN | I21: CP_ZAINUL_ARIFIN | J21: CP_ZAINUL_ARIFIN | K21: 0.9 | L21: 0.875 | M21: 0.58823529 | N21: 0.6875 | O21: 0.89154013 | P21: 0.9 | Q21: 0.9759887 | R21: 0.94002123 | S21: 0.946084 | T21: 0.97453785 | U21: 0.9 | V21: 0.92372881 | W21: 0.8381104 | X21: 0.86889898 | Y21: 0.85140817 | Z21: 0.92 | AA21: 0.9752883 | AB21: 0.92370295 | AC21: 0.93602362 | AD21: 0.91883987 | AE21: 0.92 | AF21: 0.99268476 | AG21: 0.99795918 | AH21: 0.98719111 | AI21: 0.97273586 | AJ21: 0.92 | AK21: 0.98319328 | AL21: 0.94000698 | AM21: 0.95356371 | AN21: 0.95367766 | AO21: 0.99 | AP21: 1 | AQ21: 1 | AR21: 1 | AS21: 1 | AT21: 0.08721821 | AU21: 0 | AV21: 0.25 | AW21: 0.090909091 | AX21: 0.10285714
C22: JAKARTA雅加达 | D22: Pickup Delivery | E22: AGENT40 | F22: JKT45B | G22: CP_MANGGA_BESAR_2 | H22: CP_MANGGA_BESAR_2 | I22: CP_MANGGA_BESAR_2 | J22: CP_MANGGA_BESAR_2 | K22: 0.9 | L22: 0.88636364 | M22: 0.86046512 | N22: 0.90697674 | O22: 0.90563045 | P22: 0.9 | Q22: 0.8440727 | R22: 0.98013124 | S22: 0.98378909 | T22: 0.92278732 | U22: 0.9 | V22: 0.89962825 | W22: 0.93528983 | X22: 0.93188145 | Y22: 0.89688114 | Z22: 0.92 | AA22: 0.94028951 | AB22: 0.96268344 | AC22: 0.94432773 | AD22: 0.96001919 | AE22: 0.92 | AF22: 0.99674989 | AG22: 0.99837988 | AH22: 0.99811627 | AI22: 0.98939008 | AJ22: 0.92 | AK22: 0.95907692 | AL22: 0.97916667 | AM22: 0.97478523 | AN22: 0.97555561 | AO22: 0.99 | AP22: 1 | AQ22: 1 | AR22: 1 | AS22: 1 | AT22: 0.08721821 | AU22: 0.083333333 | AV22: 0.041666667 | AW22: 0 | AX22: 0.096188748
C23: JAKARTA雅加达 | D23: Pickup Delivery | E23: AGENT40 | F23: JKT53C | G23: CP_CEGER | H23: CP_CEGER | I23: CP_CEGER | J23: CP_CEGER | K23: 0.9 | L23: 0.81818182 | M23: 0.78030303 | N23: 0.80555556 | O23: 0.88133069 | P23: 0.9 | Q23: 0.80452289 | R23: 0.80176861 | S23: 0.83961499 | T23: 0.83503291 | U23: 0.9 | V23: 0.71516823 | W23: 0.74607853 | X23: 0.79696049 | Y23: 0.68404615 | Z23: 0.92 | AA23: 0.92122256 | AB23: 0.98590327 | AC23: 0.98948921 | AD23: 0.9606846 | AE23: 0.92 | AF23: 0.9988147 | AG23: 0.85461828 | AH23: 0.9042155 | AI23: 0.7735726 | AJ23: 0.92 | AK23: 0.935634 | AL23: 0.9900078 | AM23: 0.989473 | AN23: 0.96978045 | AO23: 0.99 | AP23: 1 | AQ23: 1 | AR23: 1 | AS23: 1 | AT23: 0.08721821 | AU23: 0.012345679 | AV23: 0.011363636 | AW23: 0.02173913 | AX23: 0.051214128
C24: JAKARTA雅加达 | D24: Pickup Delivery | E24: AGENT40 | F24: JKT18N | G24: KAMPUNG_TENGAH | H24: KAMPUNG_TENGAH | I24: KAMPUNG_TENGAH | J24: KAMPUNG_TENGAH | K24: 0.9 | L24: 0.86178862 | M24: 0.86507937 | N24: 0.89552239 | O24: 0.88855117 | P24: 0.9 | Q24: 0.99648506 | R24: 0.99458108 | S24: 0.9939759 | T24: 0.97530908 | U24: 0.9 | V24: 0.71968366 | W24: 0.68598027 | X24: 0.71623335 | Y24: 0.7010433 | Z24: 0.92 | AA24: 0.8580705 | AB24: 0.86911855 | AC24: 0.85100643 | AD24: 0.8916669 | AE24: 0.92 | AF24: 0.99885321 | AG24: 0.99628713 | AH24: 0.99863326 | AI24: 0.97666282 | AJ24: 0.92 | AK24: 0.89549791 | AL24: 0.90019894 | AM24: 0.89548886 | AN24: 0.92316033 | AO24: 0.99 | AP24: 1 | AQ24: 1 | AR24: 1 | AS24: 1 | AT24: 0.08721821 | AU24: 0.048387097 | AV24: 0.0125 | AW24: 0.013333333 | AX24: 0.061671764
C25: JAKARTA雅加达 | D25: Pickup Delivery | E25: AGENT40 | F25: JKT61C | G25: CP_CIJANTUNG | H25: CP_CIJANTUNG | I25: CP_CIJANTUNG | J25: CP_CIJANTUNG | K25: 0.9 | L25: 0.95121951 | M25: 0.94252874 | N25: 0.91578947 | O25: 0.94109143 | P25: 0.9 | Q25: 0.9885465 | R25: 0.99483471 | S25: 0.99050313 | T25: 0.98414438 | U25: 0.9 | V25: 0.83310608 | W25: 0.82765152 | X25: 0.84805011 | Y25: 0.81811756 | Z25: 0.92 | AA25: 0.89411765 | AB25: 0.90263158 | AC25: 0.89722589 | AD25: 0.92226763 | AE25: 0.92 | AF25: 0.99982206 | AG25: 0.99624237 | AH25: 0.99864572 | AI25: 0.99094017 | AJ25: 0.92 | AK25: 0.92498166 | AL25: 0.92434176 | AM25: 0.92455638 | AN25: 0.94524954 | AO25: 0.99 | AP25: 1 | AQ25: 1 | AR25: 1 | AS25: 1 | AT25: 0.08721821 | AU25: 0.041666667 | AV25: 0.037037037 | AW25: -0.012820513 | AX25: 0.041983028
C26: JAKARTA雅加达 | D26: Pickup Delivery | E26: AGENT40 | F26: JKT20J | G26: DC_MAKASAR | H26: DC_MAKASAR | I26: DC_MAKASAR | J26: DC_MAKASAR | K26: 0.9 | L26: 0.90804598 | M26: 0.91397849 | N26: 0.92929293 | O26: 0.93054101 | P26: 0.9 | Q26: 0.98011287 | R26: 0.98233148 | S26: 0.9955607 | T26: 0.89933427 | U26: 0.9 | V26: 0.77613545 | W26: 0.74534281 | X26: 0.74387184 | Y26: 0.71240515 | Z26: 0.92 | AA26: 0.86849628 | AB26: 0.8643617 | AC26: 0.90250193 | AD26: 0.9139968 | AE26: 0.92 | AF26: 0.99862183 | AG26: 0.99884925 | AH26: 0.99793857 | AI26: 0.99732194 | AJ26: 0.92 | AK26: 0.91224863 | AL26: 0.90467165 | AM26: 0.92769621 | AN26: 0.93852759 | AO26: 0.99 | AP26: 1 | AQ26: 1 | AR26: 1 | AS26: 1 | AT26: 0.08721821 | AU26: 0.019230769 | AV26: 0.047619048 | AW26: 0.054545455 | AX26: 0.040240518
C27: JAKARTA雅加达 | D27: Pickup Delivery | E27: AGENT40 | F27: JKT19K | G27: DC_CIRACAS | H27: DC_CIRACAS | I27: DC_CIRACAS | J27: DC_CIRACAS | K27: 0.9 | L27: 0.94186047 | M27: 0.90909091 | N27: 0.97590361 | O27: 0.95044709 | P27: 0.9 | Q27: 0.95297599 | R27: 0.96827618 | S27: 0.95705521 | T27: 0.95584763 | U27: 0.9 | V27: 0.86287405 | W27: 0.84091439 | X27: 0.88556949 | Y27: 0.88306448 | Z27: 0.92 | AA27: 0.90254873 | AB27: 0.92053829 | AC27: 0.92095769 | AD27: 0.9458681 | AE27: 0.92 | AF27: 0.66666667 | AG27: 0.69565217 | AH27: 0.95238095 | AI27: 0.80397727 | AJ27: 0.92 | AK27: 0.94011429 | AL27: 0.94236739 | AM27: 0.95233892 | AN27: 0.96530816 | AO27: 0.99 | AP27: 1 | AQ27: 1 | AR27: 1 | AS27: 1 | AT27: 0.08721821 | AU27: 0.019230769 | AV27: 0.054054054 | AW27: 0.063829787 | AX27: 0.063688999
C28: JAKARTA雅加达 | D28: Pickup Delivery | E28: AGENT40 | F28: JKT47C | G28: CP_RAYA_KELAPA | H28: CP_RAYA_KELAPA | I28: CP_RAYA_KELAPA | J28: CP_RAYA_KELAPA | K28: 0.9 | L28: 0.97916667 | M28: 1 | N28: 0.98148148 | O28: 0.98138298 | P28: 0.9 | Q28: 0.95916852 | R28: 0.98180045 | S28: 0.98006769 | T28: 0.97216084 | U28: 0.9 | V28: 0.8671121 | W28: 0.87747806 | X28: 0.89394509 | Y28: 0.89534913 | Z28: 0.92 | AA28: 0.96038544 | AB28: 0.94012258 | AC28: 0.94251781 | AD28: 0.96080635 | AE28: 0.92 | AF28: 0.99167734 | AG28: 0.99443801 | AH28: 0.99748629 | AI28: 0.99374106 | AJ28: 0.92 | AK28: 0.95966681 | AL28: 0.95671412 | AM28: 0.96348374 | AN28: 0.97270192 | AO28: 0.99 | AP28: 1 | AQ28: 1 | AR28: 1 | AS28: 1 | AT28: 0.08721821 | AU28: 0.12121212 | AV28: 0 | AW28: 0.076923077 | AX28: 0.068384539
C29: JAKARTA雅加达 | D29: Pickup Delivery | E29: AGENT40 | F29: JKT50K | G29: CP_PONDOK_BAMBU | H29: CP_PONDOK_BAMBU | I29: CP_PONDOK_BAMBU | J29: CP_PONDOK_BAMBU | K29: 0.9 | L29: 0.92592593 | M29: 0.84482759 | N29: 0.86666667 | O29: 0.91407575 | P29: 0.9 | Q29: 0.96481337 | R29: 0.97889953 | S29: 0.98188223 | T29: 0.96400187 | U29: 0.9 | V29: 0.93409798 | W29: 0.8837851 | X29: 0.9077336 | Y29: 0.90270163 | Z29: 0.92 | AA29: 0.97902098 | AB29: 0.97333333 | AC29: 0.97669116 | AD29: 0.97504163 | AE29: 0.92 | AF29: 0.9919206 | AG29: 0.9905078 | AH29: 0.95181541 | AI29: 0.96378535 | AJ29: 0.92 | AK29: 0.98082653 | AL29: 0.98124054 | AM29: 0.985165 | AN29: 0.98238884 | AO29: 0.99 | AP29: 1 | AQ29: 1 | AR29: 1 | AS29: 1 | AT29: 0.08721821 | AU29: 0.014084507 | AV29: 0 | AW29: 0.0072992701 | AX29: 0.020098258
C30: JAKARTA雅加达 | D30: Pickup Delivery | E30: AGENT40 | F30: JKT17K | G30: DC_JATINEGARA | H30: DC_JATINEGARA | I30: DC_JATINEGARA | J30: DC_JATINEGARA | K30: 0.9 | L30: 0.88135593 | M30: 0.85245902 | N30: 0.90625 | O30: 0.90543478 | P30: 0.9 | Q30: 0.97482185 | R30: 0.98034544 | S30: 0.98312672 | T30: 0.96595834 | U30: 0.9 | V30: 0.82850356 | W30: 0.79898749 | X30: 0.8357438 | Y30: 0.83107756 | Z30: 0.92 | AA30: 0.89401889 | AB30: 0.91588785 | AC30: 0.90986167 | AD30: 0.9360753 | AE30: 0.92 | AF30: 0.8 | AG30: 0 | AH30: - | AI30: 0.53409091 | AJ30: 0.92 | AK30: 0.92184434 | AL30: 0.93487957 | AM30: 0.93956471 | AN30: 0.95470508 | AO30: 0.99 | AP30: 1 | AQ30: - | AR30: - | AS30: 1 | AT30: 0.08721821 | AU30: 0 | AV30: 0.081081081 | AW30: 0 | AX30: 0.058291457
C31: JAKARTA雅加达 | D31: Pickup Delivery | E31: AGENT40 | F31: JKT25Q | G31: SETIABUDI | H31: SETIABUDI | I31: SETIABUDI | J31: SETIABUDI | K31: 0.9 | L31: 1 | M31: 0.94285714 | N31: 0.97619048 | O31: 0.97183691 | P31: 0.9 | Q31: 0.9957483 | R31: 0.99263675 | S31: 0.98580122 | T31: 0.98393448 | U31: 0.9 | V31: 0.87018141 | W31: 0.72019635 | X31: 0.77484787 | Y31: 0.83913022 | Z31: 0.92 | AA31: 0.92921289 | AB31: 0.79153269 | AC31: 0.80358555 | AD31: 0.90469324 | AE31: 0.92 | AF31: 0.99963289 | AG31: 0.99661972 | AH31: 0.99160026 | AI31: 0.99486045 | AJ31: 0.92 | AK31: 0.94834901 | AL31: 0.80214074 | AM31: 0.83794338 | AN31: 0.92574722 | AO31: 0.99 | AP31: 1 | AQ31: 1 | AR31: 1 | AS31: 1 | AT31: 0.08721821 | AU31: 0 | AV31: 0.020408163 | AW31: 0.069767442 | AX31: 0.067280453
C32: JAKARTA雅加达 | D32: Pickup Delivery | E32: AGENT40 | F32: JKT20C | G32: KLENDER | H32: KLENDER | I32: KLENDER | J32: KLENDER | K32: 0.9 | L32: 0.85245902 | M32: 0.8852459 | N32: 0.89705882 | O32: 0.93620332 | P32: 0.9 | Q32: 0.99304419 | R32: 0.97565543 | S32: 0.98812424 | T32: 0.98469493 | U32: 0.9 | V32: 0.86702128 | W32: 0.87399679 | X32: 0.87606577 | Y32: 0.88905631 | Z32: 0.92 | AA32: 0.92927484 | AB32: 0.91733547 | AC32: 0.94132335 | AD32: 0.95494923 | AE32: 0.92 | AF32: 0.99728366 | AG32: 0.99717603 | AH32: 0.99532967 | AI32: 0.98993971 | AJ32: 0.92 | AK32: 0.9494524 | AL32: 0.93275558 | AM32: 0.95411392 | AN32: 0.96571112 | AO32: 0.99 | AP32: 1 | AQ32: 1 | AR32: 1 | AS32: 1 | AT32: 0.08721821 | AU32: 0 | AV32: 0.040816327 | AW32: 0.14705882 | AX32: 0.049053356
C33: JAKARTA雅加达 | D33: Pickup Delivery | E33: AGENT40 | F33: JKT52I | G33: CP_JATINEGARA_BARAT | H33: CP_JATINEGARA_BARAT | I33: CP_JATINEGARA_BARAT | J33: CP_JATINEGARA_BARAT | K33: 0.9 | L33: 0.91666667 | M33: 0.81666667 | N33: 0.81538462 | O33: 0.92315845 | P33: 0.9 | Q33: 0.79598051 | R33: 0.86261261 | S33: 0.90038887 | T33: 0.8751941 | U33: 0.9 | V33: 0.81668697 | W33: 0.77377377 | X33: 0.84116063 | Y33: 0.7921559 | Z33: 0.92 | AA33: 0.93061224 | AB33: 0.85747215 | AC33: 0.96089385 | AD33: 0.94369321 | AE33: 0.92 | AF33: 0.9956097 | AG33: 0.93681452 | AH33: 0.96169226 | AI33: 0.95268956 | AJ33: 0.92 | AK33: 0.9312791 | AL33: 0.90318182 | AM33: 0.96549957 | AN33: 0.95625162 | AO33: 0.99 | AP33: 1 | AQ33: 1 | AR33: 1 | AS33: 1 | AT33: 0.08721821 | AU33: 0.086956522 | AV33: 0 | AW33: 0.071428571 | AX33: 0.07473983
C34: JAKARTA雅加达 | D34: Pickup Delivery | E34: AGENT40 | F34: JKT25 | G34: TEBET | H34: TEBET | I34: TEBET | J34: TEBET | K34: 0.9 | L34: 0.96808511 | M34: 0.97979798 | N34: 0.98148148 | O34: 0.97906904 | P34: 0.9 | Q34: 0.996139 | R34: 0.99569633 | S34: 0.99552072 | T34: 0.99413706 | U34: 0.9 | V34: 0.88472146 | W34: 0.86434842 | X34: 0.885405 | Y34: 0.88208233 | Z34: 0.92 | AA34: 0.91681628 | AB34: 0.90111025 | AC34: 0.90563565 | AD34: 0.93523547 | AE34: 0.92 | AF34: 0.98 | AG34: 0.98374512 | AH34: 0.9832636 | AI34: 0.98544259 | AJ34: 0.92 | AK34: 0.94714987 | AL34: 0.92594505 | AM34: 0.93285372 | AN34: 0.9575923 | AO34: 0.99 | AP34: 1 | AQ34: 1 | AR34: 1 | AS34: 1 | AT34: 0.08721821 | AU34: 0.06557377 | AV34: 0.042553191 | AW34: 0.038961039 | AX34: 0.067330488
C35: JAKARTA雅加达 | D35: Pickup Delivery | E35: AGENT40 | F35: JKT50I | G35: CP_HAJI_NAMAN_1 | H35: CP_HAJI_NAMAN_1 | I35: CP_HAJI_NAMAN_1 | J35: CP_HAJI_NAMAN_1 | K35: 0.9 | L35: 0.89156627 | M35: 0.93023256 | N35: 0.9 | O35: 0.91218354 | P35: 0.9 | Q35: 0.91303226 | R35: 0.93644758 | S35: 0.95065312 | T35: 0.90060353 | U35: 0.9 | V35: 0.85316129 | W35: 0.87760275 | X35: 0.89052457 | Y35: 0.84856798 | Z35: 0.92 | AA35: 0.93944266 | AB35: 0.94998484 | AC35: 0.96875921 | AD35: 0.94846987 | AE35: 0.92 | AF35: 0.98229023 | AG35: 0.9865535 | AH35: 0.97489689 | AI35: 0.96903246 | AJ35: 0.92 | AK35: 0.95697614 | AL35: 0.96157769 | AM35: 0.97773181 | AN35: 0.96384477 | AO35: 0.99 | AP35: 1 | AQ35: 1 | AR35: 1 | AS35: 0.99950331 | AT35: 0.08721821 | AU35: 0.081632653 | AV35: 0 | AW35: 0.01754386 | AX35: 0.070979899
C36: JAKARTA雅加达 | D36: Pickup Delivery | E36: AGENT40 | F36: JKT16Q | G36: PULOGEBANG_01 | H36: PULOGEBANG_01 | I36: PULOGEBANG_01 | J36: PULOGEBANG_01 | K36: 0.9 | L36: 0.95588235 | M36: 0.93006993 | N36: 0.95454545 | O36: 0.94905792 | P36: 0.9 | Q36: 0.96420261 | R36: 0.95231214 | S36: 0.9567455 | T36: 0.96558117 | U36: 0.9 | V36: 0.79881869 | W36: 0.78359827 | X36: 0.84805784 | Y36: 0.82297519 | Z36: 0.92 | AA36: 0.91140729 | AB36: 0.90546835 | AC36: 0.94368865 | AD36: 0.93904874 | AE36: 0.92 | AF36: 0.99307958 | AG36: 0.98767967 | AH36: 0.97849462 | AI36: 0.95915428 | AJ36: 0.92 | AK36: 0.9276146 | AL36: 0.92901213 | AM36: 0.95941303 | AN36: 0.95710564 | AO36: 0.99 | AP36: 1 | AQ36: 1 | AR36: 1 | AS36: 1 | AT36: 0.08721821 | AU36: 0 | AV36: 0.10344828 | AW36: 0 | AX36: 0.055868785
C37: JAKARTA雅加达 | D37: Pickup Delivery | E37: AGENT40 | F37: JKT16O | G37: DC_PULO_GADUNG | H37: DC_PULO_GADUNG | I37: DC_PULO_GADUNG | J37: DC_PULO_GADUNG | K37: 0.9 | L37: - | M37: - | N37: - | O37: - | P37: 0.9 | Q37: - | R37: - | S37: - | T37: - | U37: 0.9 | V37: - | W37: - | X37: - | Y37: - | Z37: 0.92 | AA37: - | AB37: - | AC37: - | AD37: - | AE37: 0.92 | AF37: - | AG37: - | AH37: - | AI37: - | AJ37: 0.92 | AK37: - | AL37: - | AM37: - | AN37: - | AO37: 0.99 | AP37: - | AQ37: - | AR37: - | AS37: - | AT37: 0.08721821 | AU37: - | AV37: - | AW37: - | AX37: -
C38: JAKARTA雅加达 | D38: Pickup Delivery | E38: AGENT40 | F38: JKT10B | G38: ROROTAN | H38: ROROTAN | I38: ROROTAN | J38: ROROTAN | K38: 0.9 | L38: 1 | M38: 0.953125 | N38: 1 | O38: 0.97894737 | P38: 0.9 | Q38: 0.98817346 | R38: 0.97888631 | S38: 0.99226985 | T38: 0.98457865 | U38: 0.9 | V38: 0.85808147 | W38: 0.84779582 | X38: 0.8795971 | Y38: 0.85613061 | Z38: 0.92 | AA38: 0.91056911 | AB38: 0.91333785 | AC38: 0.93409091 | AD38: 0.93583625 | AE38: 0.92 | AF38: 0.99583116 | AG38: 0.9965366 | AH38: 0.99759005 | AI38: 0.99533233 | AJ38: 0.92 | AK38: 0.93336366 | AL38: 0.93640743 | AM38: 0.9541559 | AN38: 0.95628424 | AO38: 0.99 | AP38: 1 | AQ38: 1 | AR38: 1 | AS38: 1 | AT38: 0.08721821 | AU38: 0.125 | AV38: 0 | AW38: 0.23076923 | AX38: 0.067532468
C39: JAKARTA雅加达 | D39: Pickup Delivery | E39: AGENT40 | F39: JKT16R | G39: DC_UJUNG_MENTENG | H39: DC_UJUNG_MENTENG | I39: DC_UJUNG_MENTENG | J39: DC_UJUNG_MENTENG | K39: 0.9 | L39: 0.96428571 | M39: 0.96491228 | N39: 0.92727273 | O39: 0.93345543 | P39: 0.9 | Q39: 0.99847251 | R39: 0.99831138 | S39: 0.99914384 | T39: 0.99781767 | U39: 0.9 | V39: 0.92769857 | W39: 0.91725768 | X39: 0.92422945 | Y39: 0.89512192 | Z39: 0.92 | AA39: 0.94675325 | AB39: 0.94184891 | AC39: 0.95697849 | AD39: 0.95861226 | AE39: 0.92 | AF39: 0.96551724 | AG39: 0.98929336 | AH39: 0.99506417 | AI39: 0.99063853 | AJ39: 0.92 | AK39: 0.96488661 | AL39: 0.95256281 | AM39: 0.96493656 | AN39: 0.97143922 | AO39: 0.99 | AP39: 1 | AQ39: 1 | AR39: 1 | AS39: 1 | AT39: 0.08721821 | AU39: 0 | AV39: 0.052631579 | AW39: 0 | AX39: 0.041666667
C40: JAKARTA雅加达 | D40: Pickup Delivery | E40: AGENT40 | F40: JKT51G | G40: CP_UTAN_KAYU | H40: CP_UTAN_KAYU | I40: CP_UTAN_KAYU | J40: CP_UTAN_KAYU | K40: 0.9 | L40: - | M40: - | N40: - | O40: - | P40: 0.9 | Q40: 0 | R40: 0 | S40: 0 | T40: 0.06043956 | U40: 0.9 | V40: 1 | W40: 1 | X40: 1 | Y40: 0.97802198 | Z40: 0.92 | AA40: - | AB40: 1 | AC40: 1 | AD40: 1 | AE40: 0.92 | AF40: - | AG40: - | AH40: - | AI40: 0.97989759 | AJ40: 0.92 | AK40: 1 | AL40: 1 | AM40: 1 | AN40: 0.98671096 | AO40: 0.99 | AP40: - | AQ40: - | AR40: - | AS40: 1 | AT40: 0.08721821 | AU40: - | AV40: - | AW40: - | AX40: 11
C41: JAKARTA雅加达 | D41: Pickup Delivery | E41: AGENT40 | F41: JKT10H | G41: KALIBARU_01 | H41: KALIBARU_01 | I41: KALIBARU_01 | J41: KALIBARU_01 | K41: 0.9 | L41: 0.95876289 | M41: 0.98039216 | N41: 0.93457944 | O41: 0.96158574 | P41: 0.9 | Q41: 0.99367922 | R41: 0.99420092 | S41: 0.99379323 | T41: 0.99222997 | U41: 0.9 | V41: 0.87332104 | W41: 0.88077776 | X41: 0.89803157 | Y41: 0.89638038 | Z41: 0.92 | AA41: 0.93776693 | AB41: 0.9459995 | AC41: 0.95163241 | AD41: 0.95952564 | AE41: 0.92 | AF41: 0.99457995 | AG41: 0.98897312 | AH41: 0.99309392 | AI41: 0.99159433 | AJ41: 0.92 | AK41: 0.95714548 | AL41: 0.95808081 | AM41: 0.96818089 | AN41: 0.97359571 | AO41: 0.99 | AP41: 1 | AQ41: 1 | AR41: 1 | AS41: 1 | AT41: 0.08721821 | AU41: 0.076923077 | AV41: 0 | AW41: 0.046511628 | AX41: 0.042728636
C42: JAKARTA雅加达 | D42: Pickup Delivery | E42: AGENT40 | F42: JKT16P | G42: DC_CAKUNG | H42: DC_CAKUNG | I42: DC_CAKUNG | J42: DC_CAKUNG | K42: 0.9 | L42: 0.99115044 | M42: 0.98333333 | N42: 0.98412698 | O42: 0.97730913 | P42: 0.9 | Q42: 0.9943757 | R42: 0.99494585 | S42: 0.99561072 | T42: 0.9965136 | U42: 0.9 | V42: 0.89741282 | W42: 0.89776173 | X42: 0.91176025 | Y42: 0.91991482 | Z42: 0.92 | AA42: 0.92578125 | AB42: 0.92506061 | AC42: 0.93710555 | AD42: 0.95538329 | AE42: 0.92 | AF42: 0.99727619 | AG42: 0.98709773 | AH42: 0.97481108 | AI42: 0.97501381 | AJ42: 0.92 | AK42: 0.94487219 | AL42: 0.94599546 | AM42: 0.9598286 | AN42: 0.97099369 | AO42: 0.99 | AP42: 1 | AQ42: 1 | AR42: 1 | AS42: 1 | AT42: 0.08721821 | AU42: 0.060606061 | AV42: 0 | AW42: 0 | AX42: 0.042722665
C43: JAKARTA雅加达 | D43: Pickup Delivery | E43: AGENT40 | F43: JKT02S | G43: KEDOYA_UTARA | H43: KEDOYA_UTARA | I43: KEDOYA_UTARA | J43: KEDOYA_UTARA | K43: 0.9 | L43: - | M43: - | N43: - | O43: - | P43: 0.9 | Q43: - | R43: - | S43: - | T43: - | U43: 0.9 | V43: - | W43: - | X43: - | Y43: - | Z43: 0.92 | AA43: - | AB43: - | AC43: - | AD43: - | AE43: 0.92 | AF43: - | AG43: - | AH43: - | AI43: - | AJ43: 0.92 | AK43: - | AL43: - | AM43: - | AN43: - | AO43: 0.99 | AP43: - | AQ43: - | AR43: - | AS43: - | AT43: 0.08721821 | AU43: - | AV43: - | AW43: - | AX43: -
C44: JAKARTA雅加达 | D44: Pickup Delivery | E44: AGENT40 | F44: JKT26I | G44: DC_GAMBIR | H44: DC_GAMBIR | I44: DC_GAMBIR | J44: DC_GAMBIR | K44: 0.9 | L44: 0.83606557 | M44: 0.85106383 | N44: 0.75 | O44: 0.82562278 | P44: 0.9 | Q44: 0.98768054 | R44: 0.98324668 | S44: 0.98842875 | T44: 0.97015215 | U44: 0.9 | V44: 0.66142736 | W44: 0.49277874 | X44: 0.61175396 | Y44: 0.63601562 | Z44: 0.92 | AA44: 0.80395529 | AB44: 0.62133891 | AC44: 0.66603845 | AD44: 0.79215391 | AE44: 0.92 | AF44: 0.56666667 | AG44: 0.79310345 | AH44: 0.91176471 | AI44: 0.8504436 | AJ44: 0.92 | AK44: 0.87681366 | AL44: 0.67378674 | AM44: 0.76065353 | AN44: 0.85560835 | AO44: 0.99 | AP44: 1 | AQ44: 1 | AR44: 1 | AS44: 1 | AT44: 0.08721821 | AU44: 0 | AV44: 0 | AW44: 0 | AX44: 0.049354594
C45: JAKARTA雅加达 | D45: Pickup Delivery | E45: AGENT40 | F45: JKT28D | G45: TAMBORA | H45: TAMBORA | I45: TAMBORA | J45: TAMBORA | K45: 0.9 | L45: 0.85714286 | M45: 0.875 | N45: 0.88709677 | O45: 0.9001772 | P45: 0.9 | Q45: 0.7890695 | R45: 0.92712659 | S45: 0.9566474 | T45: 0.88608467 | U45: 0.9 | V45: 0.82529118 | W45: 0.81245814 | X45: 0.87269474 | Y45: 0.81674001 | Z45: 0.92 | AA45: 0.92172641 | AB45: 0.95860495 | AC45: 0.98364055 | AD45: 0.97235712 | AE45: 0.92 | AF45: 0.99955055 | AG45: 0.99948873 | AH45: 0.99751952 | AI45: 0.99729466 | AJ45: 0.92 | AK45: 0.92911296 | AL45: 0.90733188 | AM45: 0.98121985 | AN45: 0.96982054 | AO45: 0.99 | AP45: 1 | AQ45: 1 | AR45: 1 | AS45: 1 | AT45: 0.08721821 | AU45: 0.071428571 | AV45: 0.1 | AW45: 0.033333333 | AX45: 0.048387097
C46: JAKARTA雅加达 | D46: Pickup Delivery | E46: AGENT40 | F46: JKT33C | G46: CP_ANGGREK_2 | H46: CP_ANGGREK_2 | I46: CP_ANGGREK_2 | J46: CP_ANGGREK_2 | K46: 0.9 | L46: - | M46: - | N46: - | O46: - | P46: 0.9 | Q46: 0 | R46: 0 | S46: 0 | T46: 0 | U46: 0.9 | V46: 0 | W46: 0 | X46: 0 | Y46: 0.18181818 | Z46: 0.92 | AA46: - | AB46: 0 | AC46: - | AD46: 0 | AE46: 0.92 | AF46: - | AG46: - | AH46: - | AI46: - | AJ46: 0.92 | AK46: 0 | AL46: 0 | AM46: 0 | AN46: 0.15384615 | AO46: 0.99 | AP46: - | AQ46: - | AR46: - | AS46: - | AT46: 0.08721821 | AU46: - | AV46: - | AW46: - | AX46: -
C47: JAKARTA雅加达 | D47: Pickup Delivery | E47: AGENT40 | F47: JKT33O | G47: CP_KEBON_JERUK_RAYA | H47: CP_KEBON_JERUK_RAYA | I47: CP_KEBON_JERUK_RAYA | J47: CP_KEBON_JERUK_RAYA | K47: 0.9 | L47: 0.91089109 | M47: 0.92 | N47: 0.89516129 | O47: 0.86676783 | P47: 0.9 | Q47: 0.91326835 | R47: 0.94324648 | S47: 0.96554994 | T47: 0.95435187 | U47: 0.9 | V47: 0.88661229 | W47: 0.85654388 | X47: 0.91940582 | Y47: 0.85274694 | Z47: 0.92 | AA47: 0.9270734 | AB47: 0.95692695 | AC47: 0.97249647 | AD47: 0.95969544 | AE47: 0.92 | AF47: 0.99183197 | AG47: 0.99729513 | AH47: 0.99682612 | AI47: 0.98981421 | AJ47: 0.92 | AK47: 0.94119298 | AL47: 0.94872276 | AM47: 0.98223566 | AN47: 0.97054043 | AO47: 0.99 | AP47: 1 | AQ47: 1 | AR47: 1 | AS47: 1 | AT47: 0.08721821 | AU47: 0 | AV47: 0.053571429 | AW47: 0 | AX47: 0.045921864
C48: JAKARTA雅加达 | D48: Pickup Delivery | E48: AGENT40 | F48: JKT36M | G48: CP_KEMBANGAN | H48: CP_KEMBANGAN | I48: CP_KEMBANGAN | J48: CP_KEMBANGAN | K48: 0.9 | L48: 0.96666667 | M48: 0.93548387 | N48: 0.96774194 | O48: 0.94384449 | P48: 0.9 | Q48: 0.93007519 | R48: 0.9325779 | S48: 0.94203771 | T48: 0.93126418 | U48: 0.9 | V48: 0.87744361 | W48: 0.83172805 | X48: 0.90453269 | Y48: 0.88194096 | Z48: 0.92 | AA48: 0.90356164 | AB48: 0.94221411 | AC48: 0.96250352 | AD48: 0.96184088 | AE48: 0.92 | AF48: 0.95711183 | AG48: 0.99687988 | AH48: 0.99495139 | AI48: 0.97785715 | AJ48: 0.92 | AK48: 0.93724209 | AL48: 0.95584809 | AM48: 0.97340052 | AN48: 0.97308978 | AO48: 0.99 | AP48: 1 | AQ48: 1 | AR48: 1 | AS48: 1 | AT48: 0.08721821 | AU48: 0.029411765 | AV48: 0.017857143 | AW48: 0 | AX48: 0.05059733
C49: JAKARTA雅加达 | D49: Pickup Delivery | E49: AGENT40 | F49: JKT28I | G49: CP_ANGKE_INDAH | H49: CP_ANGKE_INDAH | I49: CP_ANGKE_INDAH | J49: CP_ANGKE_INDAH | K49: 0.9 | L49: 0.95918367 | M49: 0.90384615 | N49: 0.98 | O49: 0.96254417 | P49: 0.9 | Q49: 0.98287004 | R49: 0.84407042 | S49: 0.85388409 | T49: 0.94709839 | U49: 0.9 | V49: 0.96091907 | W49: 0.91874637 | X49: 0.94687628 | Y49: 0.92387018 | Z49: 0.92 | AA49: 0.9769989 | AB49: 0.96473078 | AC49: 0.967729 | AD49: 0.96942123 | AE49: 0.92 | AF49: 0.98743212 | AG49: 0.98696884 | AH49: 0.98924417 | AI49: 0.98574129 | AJ49: 0.92 | AK49: 0.98410685 | AL49: 0.97890122 | AM49: 0.98505536 | AN49: 0.98118252 | AO49: 0.99 | AP49: 1 | AQ49: 1 | AR49: 1 | AS49: 1 | AT49: 0.08721821 | AU49: 0.066666667 | AV49: 0 | AW49: 0 | AX49: 0.064377682
C50: JAKARTA雅加达 | D50: Pickup Delivery | E50: AGENT40 | F50: JKT21R | G50: DC_KEBAYORAN_BARU | H50: DC_KEBAYORAN_BARU | I50: DC_KEBAYORAN_BARU | J50: DC_KEBAYORAN_BARU | K50: 0.9 | L50: 0.91071429 | M50: 0.90243902 | N50: 0.9375 | O50: 0.9280397 | P50: 0.9 | Q50: 0.90836486 | R50: 0.84051498 | S50: 0.87473404 | T50: 0.8923436 | U50: 0.9 | V50: 0.72047079 | W50: 0.53862323 | X50: 0.64973404 | Y50: 0.68858092 | Z50: 0.92 | AA50: 0.87652174 | AB50: 0.69317236 | AC50: 0.78254211 | AD50: 0.85693701 | AE50: 0.92 | AF50: 0.97530864 | AG50: 1 | AH50: 0.98214286 | AI50: 0.94420601 | AJ50: 0.92 | AK50: 0.92264097 | AL50: 0.74097938 | AM50: 0.82303106 | AN50: 0.90017294 | AO50: 0.99 | AP50: 1 | AQ50: 1 | AR50: 1 | AS50: 1 | AT50: 0.08721821 | AU50: 0.052631579 | AV50: 0.05 | AW50: 0.03125 | AX50: 0.074109721
C51: JAKARTA雅加达 | D51: Pickup Delivery | E51: AGENT40 | F51: JKT23Q | G51: JATIPADANG_01 | H51: JATIPADANG_01 | I51: JATIPADANG_01 | J51: JATIPADANG_01 | K51: 0.9 | L51: 0.81927711 | M51: 0.83950617 | N51: 0.87777778 | O51: 0.91523438 | P51: 0.9 | Q51: 0.94419701 | R51: 0.95035721 | S51: 0.94405058 | T51: 0.94895291 | U51: 0.9 | V51: 0.87843856 | W51: 0.86004763 | X51: 0.89193332 | Y51: 0.86606803 | Z51: 0.92 | AA51: 0.93191964 | AB51: 0.92311917 | AC51: 0.92301691 | AD51: 0.94123604 | AE51: 0.92 | AF51: 1 | AG51: 0.5 | AH51: 1 | AI51: 0.88581315 | AJ51: 0.92 | AK51: 0.95560706 | AL51: 0.94879684 | AM51: 0.94616657 | AN51: 0.96319419 | AO51: 0.99 | AP51: 1 | AQ51: - | AR51: 1 | AS51: 1 | AT51: 0.08721821 | AU51: 0.025641026 | AV51: 0.051724138 | AW51: 0.083333333 | AX51: 0.07526178
C52: JAKARTA雅加达 | D52: Pickup Delivery | E52: AGENT40 | F52: JKT24K | G52: DC_KALIBATA_UTARA | H52: DC_KALIBATA_UTARA | I52: DC_KALIBATA_UTARA | J52: DC_KALIBATA_UTARA | K52: 0.9 | L52: 0.92 | M52: 0.95833333 | N52: 0.97402597 | O52: 0.97161863 | P52: 0.9 | Q52: 0.99474893 | R52: 0.99504644 | S52: 0.99102334 | T52: 0.99229248 | U52: 0.9 | V52: 0.89924516 | W52: 0.88503612 | X52: 0.92145422 | Y52: 0.917596 | Z52: 0.92 | AA52: 0.94102398 | AB52: 0.92258883 | AC52: 0.93050431 | AD52: 0.9516185 | AE52: 0.92 | AF52: 0.99525767 | AG52: 0.99811321 | AH52: 0.99587779 | AI52: 0.98266817 | AJ52: 0.92 | AK52: 0.95948595 | AL52: 0.94210329 | AM52: 0.95342501 | AN52: 0.96733179 | AO52: 0.99 | AP52: 1 | AQ52: 1 | AR52: 1 | AS52: 1 | AT52: 0.08721821 | AU52: 0.036363636 | AV52: 0.06122449 | AW52: 0.056603774 | AX52: 0.072083879
C53: JAKARTA雅加达 | D53: Pickup Delivery | E53: AGENT40 | F53: JKT71 | G53: CP_BANGKA | H53: CP_BANGKA | I53: CP_BANGKA | J53: CP_BANGKA | K53: 0.9 | L53: 0.87804878 | M53: 0.9047619 | N53: 0.92857143 | O53: 0.93198804 | P53: 0.9 | Q53: 0.98042169 | R53: 0.98442962 | S53: 0.98651918 | T53: 0.98141007 | U53: 0.9 | V53: 0.87901606 | W53: 0.87511916 | X53: 0.8828206 | Y53: 0.85754561 | Z53: 0.92 | AA53: 0.93942614 | AB53: 0.87562941 | AC53: 0.91021968 | AD53: 0.88200706 | AE53: 0.92 | AF53: 0.99798235 | AG53: 0.98916576 | AH53: 0.98841699 | AI53: 0.9683791 | AJ53: 0.92 | AK53: 0.9529492 | AL53: 0.90786911 | AM53: 0.93644747 | AN53: 0.93254417 | AO53: 0.99 | AP53: 1 | AQ53: 1 | AR53: 1 | AS53: 1 | AT53: 0.08721821 | AU53: 0.034482759 | AV53: 0 | AW53: 0.034482759 | AX53: 0.064687169
C54: JAKARTA雅加达 | D54: Pickup Delivery | E54: AGENT40 | F54: JKT62G | G54: CP_TANJUNG_BARAT | H54: CP_TANJUNG_BARAT | I54: CP_TANJUNG_BARAT | J54: CP_TANJUNG_BARAT | K54: 0.9 | L54: 1 | M54: 1 | N54: 0.89473684 | O54: 0.93658537 | P54: 0.9 | Q54: 0.97382199 | R54: 0.92635659 | S54: 0.95754717 | T54: 0.9614834 | U54: 0.9 | V54: 0.90401396 | W54: 0.87144703 | X54: 0.91644205 | Y54: 0.9078241 | Z54: 0.92 | AA54: 0.91139241 | AB54: 0.897 | AC54: 0.91462218 | AD54: 0.93684982 | AE54: 0.92 | AF54: 1 | AG54: 1 | AH54: 0.9978022 | AI54: 0.92656003 | AJ54: 0.92 | AK54: 0.95717067 | AL54: 0.92658029 | AM54: 0.94289137 | AN54: 0.96162968 | AO54: 0.99 | AP54: 1 | AQ54: 1 | AR54: 1 | AS54: 1 | AT54: 0.08721821 | AU54: 0 | AV54: 0 | AW54: 0 | AX54: 0.077989601
C55: JAKARTA雅加达 | D55: Pickup Delivery | E55: AGENT40 | F55: JKT62 | G55: CP_SRENGSENG_SAWAH | H55: CP_SRENGSENG_SAWAH | I55: CP_SRENGSENG_SAWAH | J55: CP_SRENGSENG_SAWAH | K55: 0.9 | L55: - | M55: - | N55: - | O55: - | P55: 0.9 | Q55: - | R55: - | S55: - | T55: 0 | U55: 0.9 | V55: - | W55: - | X55: - | Y55: 1 | Z55: 0.92 | AA55: - | AB55: - | AC55: - | AD55: 1 | AE55: 0.92 | AF55: - | AG55: - | AH55: - | AI55: 1 | AJ55: 0.92 | AK55: - | AL55: - | AM55: - | AN55: 1 | AO55: 0.99 | AP55: - | AQ55: - | AR55: - | AS55: 1 | AT55: 0.08721821 | AU55: - | AV55: - | AW55: - | AX55: -
C56: JAKARTA雅加达 | D56: Pickup Delivery | E56: AGENT40 | F56: JKT23P | G56: DC_PASAR_MINGGU | H56: DC_PASAR_MINGGU | I56: DC_PASAR_MINGGU | J56: DC_PASAR_MINGGU | K56: 0.9 | L56: 1 | M56: 1 | N56: 1 | O56: 0.99592944 | P56: 0.9 | Q56: 0.98362176 | R56: 0.96133147 | S56: 0.97142857 | T56: 0.97817794 | U56: 0.9 | V56: 0.9184178 | W56: 0.87642017 | X56: 0.89989259 | Y56: 0.91625644 | Z56: 0.92 | AA56: 0.89026658 | AB56: 0.89308559 | AC56: 0.89475161 | AD56: 0.9408265 | AE56: 0.92 | AF56: 0.99413399 | AG56: 0.99926606 | AH56: 0.99967277 | AI56: 0.99779601 | AJ56: 0.92 | AK56: 0.94101877 | AL56: 0.91254066 | AM56: 0.92698954 | AN56: 0.95972819 | AO56: 0.99 | AP56: 1 | AQ56: 1 | AR56: 1 | AS56: 1 | AT56: 0.08721821 | AU56: 0.027027027 | AV56: 0 | AW56: 0 | AX56: 0.056666667
C57: JAKARTA雅加达 | D57: Pickup Delivery | E57: AGENT40 | F57: JKT62C | G57: CP_CIGANJUR | H57: CP_CIGANJUR | I57: CP_CIGANJUR | J57: CP_CIGANJUR | K57: 0.9 | L57: 0.98113208 | M57: 0.88135593 | N57: 0.88135593 | O57: 0.96084656 | P57: 0.9 | Q57: 0.97193548 | R57: 0.9618385 | S57: 0.97705067 | T57: 0.97321294 | U57: 0.9 | V57: 0.90741935 | W57: 0.90280413 | X57: 0.91570098 | Y57: 0.92151509 | Z57: 0.92 | AA57: 0.93306288 | AB57: 0.93227618 | AC57: 0.95506395 | AD57: 0.95352445 | AE57: 0.92 | AF57: 0.98252711 | AG57: 0.97384831 | AH57: 0.98558067 | AI57: 0.97340575 | AJ57: 0.92 | AK57: 0.95414847 | AL57: 0.95689655 | AM57: 0.9724431 | AN57: 0.97009186 | AO57: 0.99 | AP57: 1 | AQ57: 1 | AR57: 1 | AS57: 1 | AT57: 0.08721821 | AU57: 0 | AV57: 0 | AW57: 0 | AX57: 0.051395007
C58: JAKARTA雅加达 | D58: Pickup Delivery | E58: AGENT40 | F58: JKT71A | G58: CP_TEGAL_PARANG | H58: CP_TEGAL_PARANG | I58: CP_TEGAL_PARANG | J58: CP_TEGAL_PARANG | K58: 0.9 | L58: 0.96153846 | M58: 0.96296296 | N58: 0.96666667 | O58: 0.98924731 | P58: 0.9 | Q58: 0.99259259 | R58: 0.94008768 | S58: 0.93950749 | T58: 0.95777399 | U58: 0.9 | V58: 0.96296296 | W58: 0.92547491 | X58: 0.88276231 | Y58: 0.92738885 | Z58: 0.92 | AA58: 0.96993671 | AB58: 0.95804729 | AC58: 0.96235294 | AD58: 0.96912335 | AE58: 0.92 | AF58: 1 | AG58: 0.98528381 | AH58: 0.9934688 | AI58: 0.98693541 | AJ58: 0.92 | AK58: 0.98213319 | AL58: 0.96343639 | AM58: 0.97327394 | AN58: 0.97683183 | AO58: 0.99 | AP58: 1 | AQ58: 1 | AR58: 1 | AS58: 1 | AT58: 0.08721821 | AU58: 0.13333333 | AV58: 0.055555556 | AW58: 0 | AX58: 0.056239016
C59: JAKARTA雅加达 | D59: Pickup Delivery | E59: AGENT40 | F59: JKT03E | G59: DC_PALMERAH | H59: DC_PALMERAH | I59: DC_PALMERAH | J59: DC_PALMERAH | K59: 0.9 | L59: 1 | M59: 0.97560976 | N59: 0.9673913 | O59: 0.95383441 | P59: 0.9 | Q59: 0.97984413 | R59: 0.45954357 | S59: 0.94045748 | T59: 0.95031335 | U59: 0.9 | V59: 0.71593658 | W59: 0.59370678 | X59: 0.78208486 | Y59: 0.74999219 | Z59: 0.92 | AA59: 0.90486486 | AB59: 0.85118582 | AC59: 0.9152381 | AD59: 0.92303862 | AE59: 0.92 | AF59: 0.99257058 | AG59: 0.99883901 | AH59: 0.91382532 | AI59: 0.98210966 | AJ59: 0.92 | AK59: 0.9276611 | AL59: 0.88193723 | AM59: 0.93865216 | AN59: 0.9486206 | AO59: 0.99 | AP59: 1 | AQ59: 1 | AR59: 1 | AS59: 1 | AT59: 0.08721821 | AU59: 0.054054054 | AV59: 0.06122449 | AW59: 0.11764706 | AX59: 0.06511976
C60: JAKARTA雅加达 | D60: Pickup Delivery | E60: AGENT40 | F60: JKT31J | G60: CP_KEBAYORAN_2 | H60: CP_KEBAYORAN_2 | I60: CP_KEBAYORAN_2 | J60: CP_KEBAYORAN_2 | K60: 0.9 | L60: 0.92307692 | M60: 0.90163934 | N60: 0.9047619 | O60: 0.92349727 | P60: 0.9 | Q60: 0.88305914 | R60: 0.95184479 | S60: 0.98341014 | T60: 0.96444723 | U60: 0.9 | V60: 0.78479324 | W60: 0.71522605 | X60: 0.82746544 | Y60: 0.80089705 | Z60: 0.92 | AA60: 0.91597077 | AB60: 0.91839763 | AC60: 0.96937342 | AD60: 0.95052862 | AE60: 0.92 | AF60: 0.99688103 | AG60: 0.99681262 | AH60: 0.99508381 | AI60: 0.98744678 | AJ60: 0.92 | AK60: 0.9198628 | AL60: 0.9312042 | AM60: 0.97729549 | AN60: 0.96446371 | AO60: 0.99 | AP60: 1 | AQ60: 1 | AR60: 1 | AS60: 1 | AT60: 0.08721821 | AU60: 0.022727273 | AV60: 0.018518519 | AW60: 0 | AX60: 0.060708263
C61: JAKARTA雅加达 | D61: Pickup Delivery | E61: AGENT40 | F61: JKT31I | G61: CP_PONDOK_PINANG_2 | H61: CP_PONDOK_PINANG_2 | I61: CP_PONDOK_PINANG_2 | J61: CP_PONDOK_PINANG_2 | K61: 0.9 | L61: 0.89855072 | M61: 0.91780822 | N61: 0.85542169 | O61: 0.92734308 | P61: 0.9 | Q61: 0.90905639 | R61: 0.96569921 | S61: 0.9703901 | T61: 0.96483927 | U61: 0.9 | V61: 0.88285552 | W61: 0.88507769 | X61: 0.91524362 | Y61: 0.8773785 | Z61: 0.92 | AA61: 0.9516496 | AB61: 0.94417178 | AC61: 0.96487721 | AD61: 0.96289005 | AE61: 0.92 | AF61: 0.9929611 | AG61: 0.92980967 | AH61: 0.96684588 | AI61: 0.96957625 | AJ61: 0.92 | AK61: 0.95857062 | AL61: 0.96201904 | AM61: 0.97400364 | AN61: 0.97310433 | AO61: 0.99 | AP61: 1 | AQ61: 1 | AR61: 1 | AS61: 1 | AT61: 0.08721821 | AU61: 0.033898305 | AV61: 0.029850746 | AW61: 0.055555556 | AX61: 0.060637742
C62: JAKARTA雅加达 | D62: Delivery | E62: AGENT40 | F62: JKT11M | G62: DC_GELORA | H62: DC_GELORA | I62: DC_GELORA | J62: DC_GELORA | K62: 0.9 | L62: 0.92857143 | M62: 0.96969697 | N62: 0.90322581 | O62: 0.92508711 | P62: 0.9 | Q62: 0.97142857 | R62: 0.79734709 | S62: 0.96831127 | T62: 0.95205507 | U62: 0.9 | V62: 0.72857143 | W62: 0.46757553 | X62: 0.59727236 | Y62: 0.71966661 | Z62: 0.92 | AA62: 0.94259012 | AB62: 0.76744186 | AC62: 0.44903064 | AD62: 0.89463254 | AE62: 0.92 | AF62: 0.98913043 | AG62: 0.98373984 | AH62: 1 | AI62: 0.98237981 | AJ62: 0.92 | AK62: 0.95406773 | AL62: 0.75349609 | AM62: 0.67204301 | AN62: 0.91530596 | AO62: 0.99 | AP62: 1 | AQ62: 1 | AR62: 1 | AS62: 1 | AT62: 0.08721821 | AU62: 0.064516129 | AV62: 0 | AW62: 0.045454545 | AX62: 0.063311688
C63: JAKARTA雅加达 | D63: Pickup Delivery | E63: AGENT40 | F63: JKT21S | G63: DC_PESANGGRAHAN | H63: DC_PESANGGRAHAN | I63: DC_PESANGGRAHAN | J63: DC_PESANGGRAHAN | K63: 0.9 | L63: 1 | M63: 0.97530864 | N63: 0.95348837 | O63: 0.97123452 | P63: 0.9 | Q63: 0.99330917 | R63: 0.99420127 | S63: 0.99074249 | T63: 0.99040187 | U63: 0.9 | V63: 0.82436577 | W63: 0.8728021 | X63: 0.87228415 | Y63: 0.88427093 | Z63: 0.92 | AA63: 0.89158667 | AB63: 0.8929471 | AC63: 0.93248175 | AD63: 0.93428071 | AE63: 0.92 | AF63: 0.96607556 | AG63: 0.9601518 | AH63: 0.95488257 | AI63: 0.95874169 | AJ63: 0.92 | AK63: 0.92982456 | AL63: 0.93002039 | AM63: 0.95345016 | AN63: 0.95796058 | AO63: 0.99 | AP63: 1 | AQ63: 1 | AR63: 1 | AS63: 1 | AT63: 0.08721821 | AU63: 0.02 | AV63: 0.047619048 | AW63: 0.042553191 | AX63: 0.085732566
C64: JAKARTA雅加达 | D64: Pickup Delivery | E64: AGENT40 | F64: JKT34 | G64: CP_LEBAK_BULUS | H64: CP_LEBAK_BULUS | I64: CP_LEBAK_BULUS | J64: CP_LEBAK_BULUS | K64: 0.9 | L64: 0.94174757 | M64: 0.95 | N64: 0.94545455 | O64: 0.95114213 | P64: 0.9 | Q64: 0.98747189 | R64: 0.97248205 | S64: 0.96540418 | T64: 0.97677775 | U64: 0.9 | V64: 0.90828783 | W64: 0.81139874 | X64: 0.86399096 | Y64: 0.85771589 | Z64: 0.92 | AA64: 0.94919972 | AB64: 0.89870728 | AC64: 0.93775441 | AD64: 0.94796964 | AE64: 0.92 | AF64: 0.99415171 | AG64: 0.99601288 | AH64: 0.97813498 | AI64: 0.97622281 | AJ64: 0.92 | AK64: 0.96143281 | AL64: 0.92812879 | AM64: 0.94885362 | AN64: 0.96471962 | AO64: 0.99 | AP64: 1 | AQ64: 1 | AR64: 1 | AS64: 0.99978568 | AT64: 0.08721821 | AU64: 0.045454545 | AV64: 0.040540541 | AW64: 0.063492063 | AX64: 0.062216167
C65: JAKARTA雅加达 | D65: Pickup Delivery | E65: AGENT40 | F65: JKT15L | G65: GUNUNG_SAHARI_01 | H65: GUNUNG_SAHARI_01 | I65: GUNUNG_SAHARI_01 | J65: GUNUNG_SAHARI_01 | K65: 0.9 | L65: 0.875 | M65: 0.82539683 | N65: 0.82089552 | O65: 0.86539403 | P65: 0.9 | Q65: 0.98704398 | R65: 0.99190101 | S65: 0.99611961 | T65: 0.97556495 | U65: 0.9 | V65: 0.77361064 | W65: 0.53543307 | X65: 0.83748003 | Y65: 0.76985348 | Z65: 0.92 | AA65: 0.93124523 | AB65: 0.63773833 | AC65: 0.89651838 | AD65: 0.90077389 | AE65: 0.92 | AF65: 1 | AG65: 0.99949787 | AH65: 0.96350786 | AI65: 0.99041939 | AJ65: 0.92 | AK65: 0.94908062 | AL65: 0.70552885 | AM65: 0.92675755 | AN65: 0.9231933 | AO65: 0.99 | AP65: 1 | AQ65: 1 | AR65: 1 | AS65: 1 | AT65: 0.08721821 | AU65: 0.058823529 | AV65: 0 | AW65: 0.063829787 | AX65: 0.065153011
C66: JAKARTA雅加达 | D66: Pickup Delivery | E66: AGENT40 | F66: JKT33K | G66: CP_KEDOYA_RAYA_2 | H66: CP_KEDOYA_RAYA_2 | I66: CP_KEDOYA_RAYA_2 | J66: CP_KEDOYA_RAYA_2 | K66: 0.9 | L66: 0.82 | M66: 0.96078431 | N66: 1 | O66: 0.94802755 | P66: 0.9 | Q66: 0.97712087 | R66: 0.96499819 | S66: 0.97407813 | T66: 0.96936796 | U66: 0.9 | V66: 0.93035027 | W66: 0.8560029 | X66: 0.91931362 | Y66: 0.91048291 | Z66: 0.92 | AA66: 0.95922066 | AB66: 0.91941748 | AC66: 0.97238173 | AD66: 0.97154558 | AE66: 0.92 | AF66: 0.97826553 | AG66: 0.99839338 | AH66: 0.97875951 | AI66: 0.99313057 | AJ66: 0.92 | AK66: 0.96333613 | AL66: 0.92085997 | AM66: 0.97679764 | AN66: 0.97741081 | AO66: 0.99 | AP66: 1 | AQ66: 1 | AR66: 1 | AS66: 1 | AT66: 0.08721821 | AU66: 0 | AV66: 0.028571429 | AW66: 0.12 | AX66: 0.073727934
C67: JAKARTA雅加达 | D67: Pickup Delivery | E67: AGENT40 | F67: JKT29 | G67: GADING_GRIYA_L | H67: GADING_GRIYA_L | I67: GADING_GRIYA_L | J67: GADING_GRIYA_L | K67: 0.9 | L67: - | M67: - | N67: - | O67: - | P67: 0.9 | Q67: - | R67: - | S67: - | T67: - | U67: 0.9 | V67: - | W67: - | X67: - | Y67: - | Z67: 0.92 | AA67: - | AB67: - | AC67: - | AD67: - | AE67: 0.92 | AF67: - | AG67: - | AH67: - | AI67: - | AJ67: 0.92 | AK67: - | AL67: - | AM67: - | AN67: - | AO67: 0.99 | AP67: - | AQ67: - | AR67: - | AS67: - | AT67: 0.08721821 | AU67: - | AV67: - | AW67: - | AX67: -
C68: JAKARTA雅加达 | D68: Pickup Delivery | E68: AGENT40 | F68: JKT07U | G68: DC_KELAPA_GADING | H68: DC_KELAPA_GADING | I68: DC_KELAPA_GADING | J68: DC_KELAPA_GADING | K68: 0.9 | L68: 0.98701299 | M68: 0.94736842 | N68: 0.96202532 | O68: 0.9507849 | P68: 0.9 | Q68: 0.97105644 | R68: 0.95730337 | S68: 0.97488761 | T68: 0.9782556 | U68: 0.9 | V68: 0.82079112 | W68: 0.7117175 | X68: 0.82715858 | Y68: 0.80589725 | Z68: 0.92 | AA68: 0.92897875 | AB68: 0.86792453 | AC68: 0.89601576 | AD68: 0.93158936 | AE68: 0.92 | AF68: 0.99581152 | AG68: 0.99365482 | AH68: 0.99548193 | AI68: 0.99223493 | AJ68: 0.92 | AK68: 0.94139918 | AL68: 0.88655582 | AM68: 0.92151347 | AN68: 0.95008076 | AO68: 0.99 | AP68: 1 | AQ68: 1 | AR68: 1 | AS68: 1 | AT68: 0.08721821 | AU68: 0.038461538 | AV68: 0.016129032 | AW68: 0.033898305 | AX68: 0.062346588
C69: JAKARTA雅加达 | D69: Pickup Delivery | E69: AGENT40 | F69: JKT15K | G69: DC_KEMAYORAN | H69: DC_KEMAYORAN | I69: DC_KEMAYORAN | J69: DC_KEMAYORAN | K69: 0.9 | L69: 0.97222222 | M69: 0.96938776 | N69: 0.91743119 | O69: 0.95230575 | P69: 0.9 | Q69: 0.98856476 | R69: 0.98577967 | S69: 0.98811266 | T69: 0.98200174 | U69: 0.9 | V69: 0.86534422 | W69: 0.75678326 | X69: 0.88643014 | Y69: 0.8551541 | Z69: 0.92 | AA69: 0.93970363 | AB69: 0.83452739 | AC69: 0.91281019 | AD69: 0.9244384 | AE69: 0.92 | AF69: 0.91723614 | AG69: 0.99313259 | AH69: 0.93453947 | AI69: 0.9838433 | AJ69: 0.92 | AK69: 0.95466197 | AL69: 0.87151747 | AM69: 0.9400523 | AN69: 0.94796736 | AO69: 0.99 | AP69: 1 | AQ69: 1 | AR69: 1 | AS69: 1 | AT69: 0.08721821 | AU69: 0.048780488 | AV69: 0.025 | AW69: 0.051948052 | AX69: 0.059231837
C70: JAKARTA雅加达 | D70: Pickup Delivery | E70: AGENT40 | F70: JKT63B | G70: CP_KOJA_1 | H70: CP_KOJA_1 | I70: CP_KOJA_1 | J70: CP_KOJA_1 | K70: 0.9 | L70: 0.96078431 | M70: 0.95424837 | N70: 0.88489209 | O70: 0.94028413 | P70: 0.9 | Q70: 0.97619835 | R70: 0.97540984 | S70: 0.9747698 | T70: 0.97403584 | U70: 0.9 | V70: 0.86104683 | W70: 0.84984687 | X70: 0.85653775 | Y70: 0.83651488 | Z70: 0.92 | AA70: 0.94273645 | AB70: 0.9269281 | AC70: 0.94169096 | AD70: 0.94683531 | AE70: 0.92 | AF70: 0.99791014 | AG70: 0.99441307 | AH70: 0.99093295 | AI70: 0.98010825 | AJ70: 0.92 | AK70: 0.95569383 | AL70: 0.9448651 | AM70: 0.95739348 | AN70: 0.96191519 | AO70: 0.99 | AP70: 1 | AQ70: 1 | AR70: 1 | AS70: 1 | AT70: 0.08721821 | AU70: 0.052631579 | AV70: 0 | AW70: 0 | AX70: 0.05939441
C71: JAKARTA雅加达 | D71: Pickup Delivery | E71: AGENT40 | F71: JKT39O | G71: CP_TANJUNG_DUREN_2 | H71: CP_TANJUNG_DUREN_2 | I71: CP_TANJUNG_DUREN_2 | J71: CP_TANJUNG_DUREN_2 | K71: 0.9 | L71: 0.90566038 | M71: 0.89583333 | N71: 0.9122807 | O71: 0.93113102 | P71: 0.9 | Q71: 0.87974794 | R71: 0.92467976 | S71: 0.94194728 | T71: 0.93231831 | U71: 0.9 | V71: 0.86119377 | W71: 0.84218617 | X71: 0.8881609 | Y71: 0.87753181 | Z71: 0.92 | AA71: 0.96776966 | AB71: 0.93725608 | AC71: 0.97279081 | AD71: 0.96131101 | AE71: 0.92 | AF71: 0.99729759 | AG71: 0.98283831 | AH71: 0.98584812 | AI71: 0.9777963 | AJ71: 0.92 | AK71: 0.96281095 | AL71: 0.96038742 | AM71: 0.97701041 | AN71: 0.97354762 | AO71: 0.99 | AP71: 1 | AQ71: 1 | AR71: 1 | AS71: 1 | AT71: 0.08721821 | AU71: 0.071428571 | AV71: 0.18367347 | AW71: 0 | AX71: 0.081487342
C72: JAKARTA雅加达 | D72: Pickup Delivery | E72: AGENT40 | F72: JKT32L | G72: CP_KOSAMBI_BARU_1 | H72: CP_KOSAMBI_BARU_1 | I72: CP_KOSAMBI_BARU_1 | J72: CP_KOSAMBI_BARU_1 | K72: 0.9 | L72: 0.81707317 | M72: 0.86075949 | N72: 0.95294118 | O72: 0.83204034 | P72: 0.9 | Q72: 0.92943082 | R72: 0.92466228 | S72: 0.92245668 | T72: 0.85540171 | U72: 0.9 | V72: 0.77695511 | W72: 0.70055421 | X72: 0.75416023 | Y72: 0.72983488 | Z72: 0.92 | AA72: 0.89517625 | AB72: 0.85739525 | AC72: 0.87652869 | AD72: 0.88418827 | AE72: 0.92 | AF72: 0.99799275 | AG72: 0.99765094 | AH72: 0.95437062 | AI72: 0.9600033 | AJ72: 0.92 | AK72: 0.92251891 | AL72: 0.88960772 | AM72: 0.91312109 | AN72: 0.92111724 | AO72: 0.99 | AP72: 1 | AQ72: 1 | AR72: 1 | AS72: 1 | AT72: 0.08721821 | AU72: 0.024390244 | AV72: 0 | AW72: 0.028571429 | AX72: 0.054095827
C73: JAKARTA雅加达 | D73: Pickup Delivery | E73: AGENT40 | F73: JKT35E | G73: CP_RAWA_BUAYA_2 | H73: CP_RAWA_BUAYA_2 | I73: CP_RAWA_BUAYA_2 | J73: CP_RAWA_BUAYA_2 | K73: 0.9 | L73: 0.92913386 | M73: 0.90697674 | N73: 0.9375 | O73: 0.95573599 | P73: 0.9 | Q73: 0.96575957 | R73: 0.89165851 | S73: 0.89325295 | T73: 0.92300829 | U73: 0.9 | V73: 0.9007177 | W73: 0.75847948 | X73: 0.77861513 | Y73: 0.78004349 | Z73: 0.92 | AA73: 0.95304423 | AB73: 0.89397305 | AC73: 0.94974359 | AD73: 0.93801511 | AE73: 0.92 | AF73: 0.97321777 | AG73: 0.99275791 | AH73: 0.95640746 | AI73: 0.96506508 | AJ73: 0.92 | AK73: 0.9624396 | AL73: 0.91873715 | AM73: 0.93974641 | AN73: 0.95267836 | AO73: 0.99 | AP73: 1 | AQ73: 1 | AR73: 1 | AS73: 1 | AT73: 0.08721821 | AU73: 0 | AV73: 0.025 | AW73: 0.028571429 | AX73: 0.056164985
C74: JAKARTA雅加达 | D74: Pickup Delivery | E74: AGENT40 | F74: JKT38 | G74: CP_PERMATA_PALEM_1 | H74: CP_PERMATA_PALEM_1 | I74: CP_PERMATA_PALEM_1 | J74: CP_PERMATA_PALEM_1 | K74: 0.9 | L74: 0.92631579 | M74: 0.87234043 | N74: 0.89108911 | O74: 0.88522848 | P74: 0.9 | Q74: 0.95102148 | R74: 0.96014872 | S74: 0.94623041 | T74: 0.9330263 | U74: 0.9 | V74: 0.87768465 | W74: 0.8358313 | X74: 0.86363116 | Y74: 0.77002262 | Z74: 0.92 | AA74: 0.94630501 | AB74: 0.89149378 | AC74: 0.94818385 | AD74: 0.8860833 | AE74: 0.92 | AF74: 0.99917908 | AG74: 0.99788452 | AH74: 0.97157448 | AI74: 0.99158517 | AJ74: 0.92 | AK74: 0.96036531 | AL74: 0.9284971 | AM74: 0.96658433 | AN74: 0.92967739 | AO74: 0.99 | AP74: 1 | AQ74: 1 | AR74: 1 | AS74: 1 | AT74: 0.08721821 | AU74: 0 | AV74: 0 | AW74: 0.024390244 | AX74: 0.055194805
C75: JAKARTA雅加达 | D75: Pickup Delivery | E75: AGENT40 | F75: JKT35F | G75: CP_KALIDERES | H75: CP_KALIDERES | I75: CP_KALIDERES | J75: CP_KALIDERES | K75: 0.9 | L75: 0.93258427 | M75: 0.93975904 | N75: 0.92553191 | O75: 0.94757744 | P75: 0.9 | Q75: 0.93967181 | R75: 0.97952218 | S75: 0.98575441 | T75: 0.97430427 | U75: 0.9 | V75: 0.88658301 | W75: 0.86540102 | X75: 0.90128411 | Y75: 0.88617134 | Z75: 0.92 | AA75: 0.9245283 | AB75: 0.89560946 | AC75: 0.95750477 | AD75: 0.95081088 | AE75: 0.92 | AF75: 0.99913416 | AG75: 0.99827288 | AH75: 0.99912286 | AI75: 0.98998235 | AJ75: 0.92 | AK75: 0.94892801 | AL75: 0.92620482 | AM75: 0.9675632 | AN75: 0.96526274 | AO75: 0.99 | AP75: 1 | AQ75: 1 | AR75: 1 | AS75: 1 | AT75: 0.08721821 | AU75: 0 | AV75: 0.037037037 | AW75: 0.033333333 | AX75: 0.054110302
C76: JAKARTA雅加达 | D76: Pickup Delivery | E76: AGENT40 | F76: JKT35G | G76: CP_NEW_KAPUK | H76: CP_NEW_KAPUK | I76: CP_NEW_KAPUK | J76: CP_NEW_KAPUK | K76: 0.9 | L76: 0.88297872 | M76: 0.81318681 | N76: 0.82608696 | O76: 0.88560158 | P76: 0.9 | Q76: 0.77675841 | R76: 0.95814797 | S76: 0.86082106 | T76: 0.89740079 | U76: 0.9 | V76: 0.80202801 | W76: 0.74295601 | X76: 0.80718066 | Y76: 0.76458556 | Z76: 0.92 | AA76: 0.91550486 | AB76: 0.9062349 | AC76: 0.92548851 | AD76: 0.93475102 | AE76: 0.92 | AF76: 0.99336041 | AG76: 0.99945334 | AH76: 0.9936198 | AI76: 0.98216806 | AJ76: 0.92 | AK76: 0.94058714 | AL76: 0.9207562 | AM76: 0.95056218 | AN76: 0.95074055 | AO76: 0.99 | AP76: 1 | AQ76: 1 | AR76: 1 | AS76: 1 | AT76: 0.08721821 | AU76: 0.071428571 | AV76: 0.025641026 | AW76: 0.064516129 | AX76: 0.068773234
C77: JAKARTA雅加达 | D77: Pickup Delivery | E77: AGENT40 | F77: JKT01J | G77: KAPUK_RAYA | H77: KAPUK_RAYA | I77: KAPUK_RAYA | J77: KAPUK_RAYA | K77: 0.9 | L77: 1 | M77: 1 | N77: 1 | O77: 0.94193548 | P77: 0.9 | Q77: 0.81847476 | R77: 0.87489911 | S77: 0.86574074 | T77: 0.94634764 | U77: 0.9 | V77: 0.84317938 | W77: 0.82566586 | X77: 0.85570988 | Y77: 0.85770204 | Z77: 0.92 | AA77: 0.89207048 | AB77: 0.90142388 | AC77: 0.96255507 | AD77: 0.94738527 | AE77: 0.92 | AF77: 1 | AG77: 0.99952674 | AH77: 0.98847367 | AI77: 0.98321958 | AJ77: 0.92 | AK77: 0.89314079 | AL77: 0.92896936 | AM77: 0.97232305 | AN77: 0.96300315 | AO77: 0.99 | AP77: 1 | AQ77: 1 | AR77: 1 | AS77: 1 | AT77: 0.08721821 | AU77: 0 | AV77: 0.083333333 | AW77: 0 | AX77: 0.047058824
C78: JAKARTA雅加达 | D78: Pickup Delivery | E78: AGENT40 | F78: JKT01V | G78: DC_PEGADUNGAN | H78: DC_PEGADUNGAN | I78: DC_PEGADUNGAN | J78: DC_PEGADUNGAN | K78: 0.9 | L78: 0.97183099 | M78: 0.92307692 | N78: 0.96153846 | O78: 0.94489982 | P78: 0.9 | Q78: 0.99677315 | R78: 0.99614644 | S78: 0.99505067 | T78: 0.991577 | U78: 0.9 | V78: 0.87415295 | W78: 0.87018304 | X78: 0.89912798 | Y78: 0.87292915 | Z78: 0.92 | AA78: 0.93791281 | AB78: 0.92991281 | AC78: 0.94660939 | AD78: 0.95234432 | AE78: 0.92 | AF78: 0.99978156 | AG78: 0.99709443 | AH78: 0.99814011 | AI78: 0.95401404 | AJ78: 0.92 | AK78: 0.95707782 | AL78: 0.94883656 | AM78: 0.97080778 | AN78: 0.96937575 | AO78: 0.99 | AP78: 1 | AQ78: 1 | AR78: 1 | AS78: 1 | AT78: 0.08721821 | AU78: 0.047619048 | AV78: 0.03125 | AW78: 0.095238095 | AX78: 0.08801214
C79: JAKARTA雅加达 | D79: Pickup Delivery | E79: AGENT40 | F79: JKT09A | G79: ANCOL | H79: ANCOL | I79: ANCOL | J79: ANCOL | K79: 0.9 | L79: 0.69135802 | M79: 0.89189189 | N79: 0.875 | O79: 0.91929825 | P79: 0.9 | Q79: 0.83127494 | R79: 0.90765766 | S79: 0.92416196 | T79: 0.90912973 | U79: 0.9 | V79: 0.86300589 | W79: 0.87491337 | X79: 0.90341852 | Y79: 0.90540711 | Z79: 0.92 | AA79: 0.96702638 | AB79: 0.94025559 | AC79: 0.96872382 | AD79: 0.97728124 | AE79: 0.92 | AF79: 0.99766724 | AG79: 0.9511428 | AH79: 0.99447736 | AI79: 0.98441392 | AJ79: 0.92 | AK79: 0.9441639 | AL79: 0.9427095 | AM79: 0.97169026 | AN79: 0.98202874 | AO79: 0.99 | AP79: 1 | AQ79: 1 | AR79: 1 | AS79: 1 | AT79: 0.08721821 | AU79: 0.058823529 | AV79: 0 | AW79: 0.032258065 | AX79: 0.04691165
... C91: TANGERANG唐格朗 | D91: Pickup Delivery | E91: AGENT12 | F91: SEG05C | G91: PEJATEN_MAS | H91: PEJATEN_MAS | I91: PEJATEN_MAS | J91: PEJATEN_MAS | K91: 0.9 | L91: 0.9375 | M91: 0.92105263 | N91: 0.97560976 | O91: 0.94684385 | P91: 0.9 | Q91: 0.87247685 | R91: 0.86846039 | S91: 0.91038697 | T91: 0.89103177 | U91: 0.9 | V91: 0.80859653 | W91: 0.80995089 | X91: 0.83136456 | Y91: 0.84269638 | Z91: 0.92 | AA91: 0.89370629 | AB91: 0.85572878 | AC91: 0.90402258 | AD91: 0.91941919 | AE91: 0.92 | AF91: 0.95238095 | AG91: 0.99274885 | AH91: 0.99117276 | AI91: 0.98488286 | AJ91: 0.92 | AK91: 0.93091231 | AL91: 0.90923676 | AM91: 0.9362515 | AN91: 0.94982827 | AO91: 0.99 | AP91: 1 | AQ91: 1 | AR91: 1 | AS91: 1 | AT91: 0.1052615 | AU91: 0.025641026 | AV91: 0.090909091 | AW91: 0.22727273 | AX91: 0.080769231
C92: TANGERANG唐格朗 | D92: Pickup Delivery | E92: AGENT12 | F92: CIL07A | G92: PELABUHAN_MERAK | H92: PELABUHAN_MERAK | I92: PELABUHAN_MERAK | J92: PELABUHAN_MERAK | K92: 0.9 | L92: 0.98245614 | M92: 0.92982456 | N92: 0.91803279 | O92: 0.94200351 | P92: 0.9 | Q92: - | R92: - | S92: 0 | T92: 0.5 | U92: 0.9 | V92: - | W92: - | X92: 1 | Y92: 0.5 | Z92: 0.92 | AA92: 0.94795127 | AB92: 0.94413408 | AC92: 0.95483416 | AD92: 0.95459627 | AE92: 0.92 | AF92: 0.94814815 | AG92: 0.97560976 | AH92: 0.96296296 | AI92: 0.86073059 | AJ92: 0.92 | AK92: 0.95490663 | AL92: 0.95324881 | AM92: 0.96759705 | AN92: 0.96547603 | AO92: 0.99 | AP92: 1 | AQ92: 1 | AR92: 1 | AS92: 1 | AT92: 0.1052615 | AU92: 0.076923077 | AV92: 0.13333333 | AW92: 0.076923077 | AX92: 0.0726979
C93: TANGERANG唐格朗 | D93: Pickup Delivery | E93: AGENT12 | F93: CIL01A | G93: PERUMNAS_RAYA | H93: PERUMNAS_RAYA | I93: PERUMNAS_RAYA | J93: PERUMNAS_RAYA | K93: 0.9 | L93: 0.93220339 | M93: 0.91525424 | N93: 0.93333333 | O93: 0.95039459 | P93: 0.9 | Q93: 0.94872564 | R93: 0.93439306 | S93: 0.93027163 | T93: 0.93443632 | U93: 0.9 | V93: 0.86086957 | W93: 0.81271676 | X93: 0.84738169 | Y93: 0.86582295 | Z93: 0.92 | AA93: 0.90627687 | AB93: 0.92295597 | AC93: 0.9393748 | AD93: 0.9394622 | AE93: 0.92 | AF93: 0.99036609 | AG93: 0.97897196 | AH93: 0.95774648 | AI93: 0.96972412 | AJ93: 0.92 | AK93: 0.94843299 | AL93: 0.93690709 | AM93: 0.95682493 | AN93: 0.95953317 | AO93: 0.99 | AP93: 1 | AQ93: 1 | AR93: 1 | AS93: 1 | AT93: 0.1052615 | AU93: 0.04 | AV93: 0.041666667 | AW93: 0 | AX93: 0.078848561
C94: TANGERANG唐格朗 | D94: Pickup Delivery | E94: AGENT12 | F94: SNG09C | G94: PALKA_CIOMAS | H94: PALKA_CIOMAS | I94: PALKA_CIOMAS | J94: PALKA_CIOMAS | K94: 0.9 | L94: 0.88607595 | M94: 0.8902439 | N94: 0.92771084 | O94: 0.92130435 | P94: 0.9 | Q94: 0.5 | R94: 0 | S94: - | T94: 0.69047619 | U94: 0.9 | V94: 0 | W94: 0 | X94: - | Y94: 0.64285714 | Z94: 0.92 | AA94: 0.9696348 | AB94: 0.96369245 | AC94: 0.97026432 | AD94: 0.96947837 | AE94: 0.92 | AF94: 0.99306759 | AG94: 0.99406528 | AH94: 0.98876404 | AI94: 0.97403007 | AJ94: 0.92 | AK94: 0.97238259 | AL94: 0.97095693 | AM94: 0.97329193 | AN94: 0.97777534 | AO94: 0.99 | AP94: 1 | AQ94: 1 | AR94: 1 | AS94: 1 | AT94: 0.1052615 | AU94: 0.047619048 | AV94: 0.03125 | AW94: 0.11111111 | AX94: 0.04957265
C95: TANGERANG唐格朗 | D95: Pickup Delivery | E95: AGENT12 | F95: CIL03A | G95: CITANGKIL | H95: CITANGKIL | I95: CITANGKIL | J95: CITANGKIL | K95: 0.9 | L95: 0.975 | M95: 0.97435897 | N95: 1 | O95: 0.96746575 | P95: 0.9 | Q95: 0.91802593 | R95: 0.91250516 | S95: 0.91599147 | T95: 0.92281188 | U95: 0.9 | V95: 0.87202008 | W95: 0.88939331 | X95: 0.88997868 | Y95: 0.89544379 | Z95: 0.92 | AA95: 0.94629156 | AB95: 0.95179584 | AC95: 0.95275229 | AD95: 0.95848835 | AE95: 0.92 | AF95: 0.82278481 | AG95: 0.94074074 | AH95: 0.99259259 | AI95: 0.97699642 | AJ95: 0.92 | AK95: 0.96002518 | AL95: 0.96342807 | AM95: 0.96596685 | AN95: 0.97152542 | AO95: 0.99 | AP95: 1 | AQ95: 1 | AR95: 1 | AS95: 1 | AT95: 0.1052615 | AU95: 0 | AV95: 0 | AW95: -0.071428571 | AX95: 0.063829787
C96: TANGERANG唐格朗 | D96: Pickup Delivery | E96: AGENT12 | F96: CIL05A | G96: DP_PANGGUNGRAWI | H96: DP_PANGGUNGRAWI | I96: DP_PANGGUNGRAWI | J96: DP_PANGGUNGRAWI | K96: 0.9 | L96: 0.83333333 | M96: 0.81481481 | N96: 0.78846154 | O96: 0.83041302 | P96: 0.9 | Q96: 0.5 | R96: 0.82352941 | S96: 0.5 | T96: 0.61038961 | U96: 0.9 | V96: 0 | W96: 0.29411765 | X96: 0.5 | Y96: 0.22077922 | Z96: 0.92 | AA96: 0.8502994 | AB96: 0.89495623 | AC96: 0.84297872 | AD96: 0.88646958 | AE96: 0.92 | AF96: 0.87912088 | AG96: 0.4 | AH96: 0.96062992 | AI96: 0.85397248 | AJ96: 0.92 | AK96: 0.9005168 | AL96: 0.91850179 | AM96: 0.89845225 | AN96: 0.92596701 | AO96: 0.99 | AP96: 1 | AQ96: 1 | AR96: 1 | AS96: 1 | AT96: 0.1052615 | AU96: 0 | AV96: 0 | AW96: 0 | AX96: 0.096774194
C97: TANGERANG唐格朗 | D97: Pickup Delivery | E97: AGENT12 | F97: SNG15 | G97: PONTANG_RAYA | H97: PONTANG_RAYA | I97: PONTANG_RAYA | J97: PONTANG_RAYA | K97: 0.9 | L97: 0.89473684 | M97: 0.8852459 | N97: 0.98360656 | O97: 0.93463303 | P97: 0.9 | Q97: 0.5 | R97: 1 | S97: 0 | T97: 0.58974359 | U97: 0.9 | V97: 0.33333333 | W97: 1 | X97: 1 | Y97: 0.51282051 | Z97: 0.92 | AA97: 0.97626293 | AB97: 0.97512617 | AC97: 0.96476088 | AD97: 0.97253591 | AE97: 0.92 | AF97: 0.95744681 | AG97: 1 | AH97: 0.86422414 | AI97: 0.98073218 | AJ97: 0.92 | AK97: 0.97581493 | AL97: 0.98182103 | AM97: 0.97393182 | AN97: 0.98028737 | AO97: 0.99 | AP97: 1 | AQ97: 1 | AR97: 1 | AS97: 1 | AT97: 0.1052615 | AU97: 0 | AV97: 0 | AW97: 0.11111111 | AX97: 0.10368664
C98: TANGERANG唐格朗 | D98: Pickup Delivery | E98: AGENT12 | F98: CIL05B | G98: CIL05B | H98: CIL05B | I98: CIL05B | J98: CIL05B | K98: 0.9 | L98: 0.92982456 | M98: 0.9245283 | N98: 0.93103448 | O98: 0.94284031 | P98: 0.9 | Q98: 0.97058824 | R98: 0.95780838 | S98: 0.92878696 | T98: 0.9580972 | U98: 0.9 | V98: 0.87995198 | W98: 0.83094052 | X98: 0.85334943 | Y98: 0.85228797 | Z98: 0.92 | AA98: 0.93203883 | AB98: 0.90737179 | AC98: 0.93847656 | AD98: 0.935679 | AE98: 0.92 | AF98: 0.72509225 | AG98: 0.98598131 | AH98: 0.9486653 | AI98: 0.95439679 | AJ98: 0.92 | AK98: 0.96461366 | AL98: 0.93589351 | AM98: 0.95539208 | AN98: 0.95841741 | AO98: 0.99 | AP98: 1 | AQ98: 1 | AR98: 1 | AS98: 1 | AT98: 0.1052615 | AU98: 0.066666667 | AV98: 0 | AW98: 0.035714286 | AX98: 0.08503937
C99: TANGERANG唐格朗 | D99: Pickup Delivery | E99: AGENT12 | F99: SNG25 | G99: PANTAI_ANYER | H99: PANTAI_ANYER | I99: PANTAI_ANYER | J99: PANTAI_ANYER | K99: 0.9 | L99: 0.97959184 | M99: 0.88461538 | N99: 0.98076923 | O99: 0.95599188 | P99: 0.9 | Q99: 1 | R99: 1 | S99: 0 | T99: 0.35555556 | U99: 0.9 | V99: 0 | W99: 1 | X99: 0.88888889 | Y99: 0.73333333 | Z99: 0.92 | AA99: 0.97687225 | AB99: 0.98232323 | AC99: 0.98070175 | AD99: 0.9839355 | AE99: 0.92 | AF99: 0.97916667 | AG99: 0.94039735 | AH99: 0.93650794 | AI99: 0.95098459 | AJ99: 0.92 | AK99: 0.97964377 | AL99: 0.98588325 | AM99: 0.98346154 | AN99: 0.98728449 | AO99: 0.99 | AP99: 1 | AQ99: 1 | AR99: 1 | AS99: 1 | AT99: 0.1052615 | AU99: 0 | AV99: 0.16666667 | AW99: 0.1 | AX99: 0.08839779
C100: TANGERANG唐格朗 | D100: Pickup Delivery | E100: AGENT12 | F100: CIL04A | G100: CIWANDAN | H100: CIWANDAN | I100: CIWANDAN | J100: CIWANDAN | K100: 0.9 | L100: 0.95744681 | M100: 0.94339623 | N100: 0.94444444 | O100: 0.94660514 | P100: 0.9 | Q100: 0.98577844 | R100: 0.96636697 | S100: 0.97234401 | T100: 0.95646114 | U100: 0.9 | V100: 0.86901198 | W100: 0.87479187 | X100: 0.88701518 | Y100: 0.86191963 | Z100: 0.92 | AA100: 0.91695502 | AB100: 0.93568726 | AC100: 0.93864542 | AD100: 0.94655505 | AE100: 0.92 | AF100: 0.85606061 | AG100: 0.97268908 | AH100: 0.88645161 | AI100: 0.97249325 | AJ100: 0.92 | AK100: 0.95426313 | AL100: 0.96116685 | AM100: 0.96351696 | AN100: 0.96867632 | AO100: 0.99 | AP100: 1 | AQ100: 1 | AR100: 1 | AS100: 1 | AT100: 0.1052615 | AU100: 0 | AV100: 0 | AW100: -0.090909091 | AX100: 0.090909091
C101: TANGERANG唐格朗 | D101: Pickup Delivery | E101: AGENT12 | F101: SEG04A | G101: TAKTAKAN_JAYA | H101: TAKTAKAN_JAYA | I101: TAKTAKAN_JAYA | J101: TAKTAKAN_JAYA | K101: 0.9 | L101: 0.97058824 | M101: 0.92 | N101: 0.93506494 | O101: 0.94094869 | P101: 0.9 | Q101: 0.96430696 | R101: 0.91681364 | S101: 0.98079917 | T101: 0.94163226 | U101: 0.9 | V101: 0.90749554 | W101: 0.91504997 | X101: 0.9221588 | Y101: 0.91139556 | Z101: 0.92 | AA101: 0.92398649 | AB101: 0.93995098 | AC101: 0.95757021 | AD101: 0.95243298 | AE101: 0.92 | AF101: 0.75570033 | AG101: 0.96350365 | AH101: 0.85596708 | AI101: 0.93561279 | AJ101: 0.92 | AK101: 0.96218118 | AL101: 0.95919592 | AM101: 0.97349972 | AN101: 0.9711445 | AO101: 0.99 | AP101: 1 | AQ101: 1 | AR101: 1 | AS101: 1 | AT101: 0.1052615 | AU101: 0.2 | AV101: 0.034482759 | AW101: 0.076923077 | AX101: 0.067647059
C102: TANGERANG唐格朗 | D102: Pickup Delivery | E102: AGENT12 | F102: SEG03C | G102: UNYUR_JAYA | H102: UNYUR_JAYA | I102: UNYUR_JAYA | J102: UNYUR_JAYA | K102: 0.9 | L102: 0.90322581 | M102: 0.9 | N102: 0.88732394 | O102: 0.943647 | P102: 0.9 | Q102: 0.94822373 | R102: 0.94702229 | S102: 0.96629571 | T102: 0.93276667 | U102: 0.9 | V102: 0.88170824 | W102: 0.90756303 | X102: 0.92114467 | Y102: 0.89113774 | Z102: 0.92 | AA102: 0.92685714 | AB102: 0.95242105 | AC102: 0.95330739 | AD102: 0.95162161 | AE102: 0.92 | AF102: 0.82943925 | AG102: 0.98787529 | AH102: 0.99510071 | AI102: 0.98413089 | AJ102: 0.92 | AK102: 0.95970488 | AL102: 0.96596244 | AM102: 0.97025892 | AN102: 0.96874775 | AO102: 0.99 | AP102: 1 | AQ102: 1 | AR102: 1 | AS102: 1 | AT102: 0.1052615 | AU102: 0 | AV102: 0 | AW102: 0.05 | AX102: 0.10683761
C103: TANGERANG唐格朗 | D103: Pickup Delivery | E103: AGENT12 | F103: BAL12A | G103: SURADITA_CISAUK | H103: SURADITA_CISAUK | I103: SURADITA_CISAUK | J103: SURADITA_CISAUK | K103: 0.9 | L103: - | M103: - | N103: - | O103: 0.92035398 | P103: 0.9 | Q103: 0 | R103: 0 | S103: 0 | T103: 0.917635 | U103: 0.9 | V103: 1 | W103: 1 | X103: 1 | Y103: 0.86305048 | Z103: 0.92 | AA103: - | AB103: 1 | AC103: 1 | AD103: 0.9745685 | AE103: 0.92 | AF103: - | AG103: - | AH103: - | AI103: 0.97042473 | AJ103: 0.92 | AK103: 1 | AL103: 1 | AM103: 1 | AN103: 0.98497398 | AO103: 0.99 | AP103: - | AQ103: - | AR103: - | AS103: 1 | AT103: 0.1052615 | AU103: - | AV103: - | AW103: - | AX103: 0.04494382
C104: TANGERANG唐格朗 | D104: Pickup Delivery | E104: AGENT12 | F104: CIP07A | G104: BAKTI_JAYA | H104: BAKTI_JAYA | I104: BAKTI_JAYA | J104: BAKTI_JAYA | K104: 0.9 | L104: - | M104: - | N104: - | O104: - | P104: 0.9 | Q104: - | R104: - | S104: - | T104: 1 | U104: 0.9 | V104: - | W104: - | X104: - | Y104: 1 | Z104: 0.92 | AA104: - | AB104: - | AC104: - | AD104: - | AE104: 0.92 | AF104: - | AG104: - | AH104: - | AI104: - | AJ104: 0.92 | AK104: - | AL104: - | AM104: - | AN104: 1 | AO104: 0.99 | AP104: - | AQ104: - | AR104: - | AS104: - | AT104: 0.1052615 | AU104: - | AV104: - | AW104: - | AX104: -
C105: TANGERANG唐格朗 | D105: Pickup Delivery | E105: AGENT12 | F105: CIP02D | G105: RODA_HIAS | H105: RODA_HIAS | I105: RODA_HIAS | J105: RODA_HIAS | K105: 0.9 | L105: 1 | M105: 1 | N105: 0.975 | O105: 0.94101877 | P105: 0.9 | Q105: 0.93263413 | R105: 0.87215752 | S105: 0.93689005 | T105: 0.91559481 | U105: 0.9 | V105: 0.90480032 | W105: 0.81336661 | X105: 0.87670787 | Y105: 0.86986354 | Z105: 0.92 | AA105: 0.95642702 | AB105: 0.93275599 | AC105: 0.96333922 | AD105: 0.95148028 | AE105: 0.92 | AF105: 0.9752322 | AG105: 0.99766355 | AH105: 0.97294939 | AI105: 0.9688927 | AJ105: 0.92 | AK105: 0.97291728 | AL105: 0.94774645 | AM105: 0.97227945 | AN105: 0.96689394 | AO105: 0.99 | AP105: 1 | AQ105: 1 | AR105: 1 | AS105: 1 | AT105: 0.1052615 | AU105: 0.04 | AV105: 0 | AW105: 0.074074074 | AX105: 0.10047281
C106: TANGERANG唐格朗 | D106: Pickup Delivery | E106: AGENT12 | F106: CIP02E | G106: TERAS_KOTA | H106: TERAS_KOTA | I106: TERAS_KOTA | J106: TERAS_KOTA | K106: 0.9 | L106: 0.95918367 | M106: 0.93333333 | N106: 0.94117647 | O106: 0.92462687 | P106: 0.9 | Q106: 0.9589413 | R106: 0.94657848 | S106: 0.90505405 | T106: 0.91804979 | U106: 0.9 | V106: 0.89650492 | W106: 0.85143729 | X106: 0.87554777 | Y106: 0.87084084 | Z106: 0.92 | AA106: 0.8670412 | AB106: 0.90280778 | AC106: 0.93071001 | AD106: 0.93184 | AE106: 0.92 | AF106: 0.97562057 | AG106: 0.99594623 | AH106: 0.99659881 | AI106: 0.97180727 | AJ106: 0.92 | AK106: 0.94221669 | AL106: 0.9350296 | AM106: 0.9579934 | AN106: 0.96054789 | AO106: 0.99 | AP106: 1 | AQ106: 1 | AR106: 1 | AS106: 1 | AT106: 0.1052615 | AU106: 0.090909091 | AV106: 0.083333333 | AW106: 0.043478261 | AX106: 0.085672083
C107: TANGERANG唐格朗 | D107: Pickup Delivery | E107: AGENT12 | F107: CIP05I | G107: PONDOK_PUCUNG | H107: PONDOK_PUCUNG | I107: PONDOK_PUCUNG | J107: PONDOK_PUCUNG | K107: 0.9 | L107: - | M107: - | N107: - | O107: 0.95412844 | P107: 0.9 | Q107: 0 | R107: 0 | S107: 0 | T107: 0.94299834 | U107: 0.9 | V107: 1 | W107: 1 | X107: 1 | Y107: 0.91922635 | Z107: 0.92 | AA107: 1 | AB107: 1 | AC107: 1 | AD107: 0.97162737 | AE107: 0.92 | AF107: - | AG107: - | AH107: - | AI107: 0.98898581 | AJ107: 0.92 | AK107: 1 | AL107: 1 | AM107: 1 | AN107: 0.98140069 | AO107: 0.99 | AP107: - | AQ107: - | AR107: - | AS107: 1 | AT107: 0.1052615 | AU107: - | AV107: - | AW107: - | AX107: 0.050955414
C108: TANGERANG唐格朗 | D108: Pickup Delivery | E108: AGENT12 | F108: CIP05H | G108: PONDOKJAYA | H108: PONDOKJAYA | I108: PONDOKJAYA | J108: PONDOKJAYA | K108: 0.9 | L108: - | M108: - | N108: - | O108: 0.9599359 | P108: 0.9 | Q108: 0 | R108: 0 | S108: 0 | T108: 0.94272899 | U108: 0.9 | V108: 1 | W108: 1 | X108: 1 | Y108: 0.91347367 | Z108: 0.92 | AA108: 1 | AB108: 1 | AC108: 1 | AD108: 0.95454058 | AE108: 0.92 | AF108: - | AG108: - | AH108: - | AI108: 0.96566686 | AJ108: 0.92 | AK108: 1 | AL108: 1 | AM108: 1 | AN108: 0.97255314 | AO108: 0.99 | AP108: - | AQ108: - | AR108: - | AS108: 1 | AT108: 0.1052615 | AU108: - | AV108: - | AW108: - | AX108: 0.084459459
C109: TANGERANG唐格朗 | D109: Pickup Delivery | E109: AGENT12 | F109: TGR12D | G109: PAKOJAN | H109: PAKOJAN | I109: PAKOJAN | J109: PAKOJAN | K109: 0.9 | L109: - | M109: - | N109: - | O109: - | P109: 0.9 | Q109: - | R109: - | S109: - | T109: - | U109: 0.9 | V109: - | W109: - | X109: - | Y109: - | Z109: 0.92 | AA109: - | AB109: - | AC109: - | AD109: - | AE109: 0.92 | AF109: - | AG109: - | AH109: - | AI109: - | AJ109: 0.92 | AK109: - | AL109: - | AM109: - | AN109: - | AO109: 0.99 | AP109: - | AQ109: - | AR109: - | AS109: - | AT109: 0.1052615 | AU109: - | AV109: - | AW109: - | AX109: -
C110: TANGERANG唐格朗 | D110: Pickup Delivery | E110: AGENT12 | F110: TGR06C | G110: SENTRA_JATIUWUNG | H110: SENTRA_JATIUWUNG | I110: SENTRA_JATIUWUNG | J110: SENTRA_JATIUWUNG | K110: 0.9 | L110: 0.96341463 | M110: 0.94871795 | N110: 0.97560976 | O110: 0.95672465 | P110: 0.9 | Q110: 0.96430302 | R110: 0.94725999 | S110: 0.96552239 | T110: 0.92349169 | U110: 0.9 | V110: 0.92198352 | W110: 0.9039967 | X110: 0.93179104 | Y110: 0.90304449 | Z110: 0.92 | AA110: 0.89935414 | AB110: 0.9029715 | AC110: 0.9373814 | AD110: 0.92574236 | AE110: 0.92 | AF110: 0.90700764 | AG110: 0.93755752 | AH110: 0.94639508 | AI110: 0.92840477 | AJ110: 0.92 | AK110: 0.94761668 | AL110: 0.94216594 | AM110: 0.96297365 | AN110: 0.95578011 | AO110: 0.99 | AP110: 1 | AQ110: 1 | AR110: 1 | AS110: 1 | AT110: 0.1052615 | AU110: 0 | AV110: 0 | AW110: 0 | AX110: 0.070491803
C111: TANGERANG唐格朗 | D111: Pickup | E111: AGENT12 | F111: TGR54B | G111: TGR54B | H111: TGR54B | I111: TGR54B | J111: TGR54B | K111: 0.9 | L111: - | M111: - | N111: - | O111: - | P111: 0.9 | Q111: - | R111: - | S111: - | T111: - | U111: 0.9 | V111: - | W111: - | X111: - | Y111: - | Z111: 0.92 | AA111: - | AB111: - | AC111: - | AD111: - | AE111: 0.92 | AF111: 0.9956427 | AG111: 0.99270073 | AH111: 0.96768236 | AI111: 0.89383656 | AJ111: 0.92 | AK111: - | AL111: - | AM111: - | AN111: - | AO111: 0.99 | AP111: - | AQ111: - | AR111: - | AS111: 1 | AT111: 0.1052615 | AU111: - | AV111: - | AW111: - | AX111: -
C112: TANGERANG唐格朗 | D112: Pickup Delivery | E112: AGENT12 | F112: TGR07B | G112: CIMONE_RAYA | H112: CIMONE_RAYA | I112: CIMONE_RAYA | J112: CIMONE_RAYA | K112: 0.9 | L112: 0.93333333 | M112: 0.85185185 | N112: 0.94117647 | O112: 0.89880444 | P112: 0.9 | Q112: 0.92467573 | R112: 0.9579288 | S112: 0.94314176 | T112: 0.92945524 | U112: 0.9 | V112: 0.89639006 | W112: 0.85535388 | X112: 0.90206897 | Y112: 0.86282684 | Z112: 0.92 | AA112: 0.88888889 | AB112: 0.85265499 | AC112: 0.88400397 | AD112: 0.90623008 | AE112: 0.92 | AF112: 0.97757437 | AG112: 0.9645898 | AH112: 0.9839786 | AI112: 0.96953875 | AJ112: 0.92 | AK112: 0.95052794 | AL112: 0.91493931 | AM112: 0.93812772 | AN112: 0.94739252 | AO112: 0.99 | AP112: 1 | AQ112: 1 | AR112: 1 | AS112: 1 | AT112: 0.1052615 | AU112: 0 | AV112: 0.020833333 | AW112: -0.037037037 | AX112: 0.063912705
...

Sheet Display Absensi 630
A1: 网管-打卡准点率报表爪哇-巴厘09月28日 NM-Persentase Absensi Tepat Waktu Sprinter Agent Jawa-Bali 28 Sep 2026
A2: 代理区 Agent | B2: RM | C2: 网点代码 Kode DP | D2: 网点名称 Nama DP | E2: 总人数 Total Orang | F2: 打卡人数 Jumlah yang Absensi | G2: 总人数 Total Orang 27/09/2026 | H2: 打卡人数 Jumlah yang Absensi 27/09/2026 | I2: 总人数 Total Orang 26/09/2026 | J2: 打卡人数 Jumlah yang Absensi 26/09/2026 | K2: 目标值 Target | L2: 28日打卡率 Persentase Absensi | O2: 总人数 Total Orang Bulanan | P2: 准点打卡人数 Jumlah Absensi Tepat Waktu Bulanan | Q2: 准点打卡人数 Jumlah Absensi Tepat Waktu | R2: 准点打卡人数 Jumlah Absensi Tepat Waktu 27/09/2026 | S2: 准点打卡人数 Jumlah Absensi Tepat Waktu 26/09/2026 | T2: 月累计 打卡准点率 Persentase Bulanan | U2: 打卡准点率 Persentase Absensi Tepat Waktu | X2: 对比昨天 Perbandingan H-1 | Y2: 总人数 Total Orang Mingguan 22/09/2026 - 28/09/2026 | Z2: 准点打卡人数 Jumlah Absensi Tepat Waktu 22/09/2026 - 28/09/2026 | AA2: 总人数 Total Orang Mingguan 15/09/2026 - 21/09/2026 | AB2: 准点打卡人数 Jumlah Absensi Tepat Waktu 15/09/2026 - 21/09/2026 | AC2: 打卡准点周度率 Persentase Mingguan Absensi Tepat Waktu | AE2: 对比上周 Perbandingan Mingguan
L3: ='Display ALL DP'!L8 -> 46293 | M3: =L3-1 -> 46292 | N3: =L3-2 -> 46291 | U3: =L3 -> 46293 | V3: =L3-1 -> 46292 | W3: =L3-2 -> 46291 | AC3: =TEXT(AK6,"DD MMM")&" - "&TEXT(AK5,"DD MMM") -> 22 Sep - 28 Sep | AD3: =TEXT(AL6,"DD MMM")&" - "&TEXT(AL5,"DD MMM") -> 15 Sep - 21 Sep
E4: 61909 | F4: 60109 | G4: 60645 | H4: 58827 | I4: 64088 | J4: 62284 | K4: 0.9 | L4: 0.97092507 | M4: 0.97002226 | N4: 0.9718512 | O4: 1814281 | P4: 1700696 | Q4: 57816 | R4: 56245 | S4: 59792 | T4: 0.93739393 | U4: 0.93388683 | V4: 0.92744662 | W4: 0.93296717 | X4: 0.0064402184 | Y4: 452736 | Z4: 424077 | AA4: 452026 | AB4: 423930 | AC4: 0.93669821 | AD4: 0.93784428 | AE4: -0.0011460751 | AF4: 5
AK5: =L3 -> 46293 | AL5: =AK6-1 -> 46286
A6: JAKARTA雅加达 | B6: AGISTA PRIYANTONO | C6: JKT07T | D6: DC_SUNTER | E6: 0 | F6: 0 | G6: 0 | H6: 0 | I6: 0 | J6: 0 | K6: 0.9 | L6: 0 | M6: 0 | N6: 0 | O6: 0 | P6: 0 | Q6: 0 | R6: 0 | S6: 0 | T6: 0 | U6: 0 | V6: 0 | W6: 0 | X6: 0 | Y6: 0 | Z6: 0 | AA6: 0 | AB6: 0 | AC6: 0 | AD6: 0 | AE6: 0 | AK6: =L3-6 -> 46287 | AL6: =AK5-13 -> 46280
A7: JAKARTA雅加达 | B7: AGISTA PRIYANTONO | C7: JKT43D | D7: CP_DANAUSUNTER_UTARA | E7: 101 | F7: 96 | G7: 103 | H7: 92 | I7: 111 | J7: 105 | K7: 0.9 | L7: 0.95049505 | M7: 0.89320388 | N7: 0.94594595 | O7: 3193 | P7: 2816 | Q7: 89 | R7: 92 | S7: 98 | T7: 0.88192922 | U7: 0.88118812 | V7: 0.89320388 | W7: 0.88288288 | X7: -0.012015765 | Y7: 790 | Z7: 716 | AA7: 810 | AB7: 714 | AC7: 0.90632911 | AD7: 0.88148148 | AE7: 0.024847632
A8: JAKARTA雅加达 | B8: AGISTA PRIYANTONO | C8: JKT08N | D8: PLUIT_PERMAI | E8: 0 | F8: 0 | G8: 0 | H8: 0 | I8: 0 | J8: 0 | K8: 0.9 | L8: 0 | M8: 0 | N8: 0 | O8: 0 | P8: 0 | Q8: 0 | R8: 0 | S8: 0 | T8: 0 | U8: 0 | V8: 0 | W8: 0 | X8: 0 | Y8: 0 | Z8: 0 | AA8: 0 | AB8: 0 | AC8: 0 | AD8: 0 | AE8: 0 | AK8: 46266
A9: JAKARTA雅加达 | B9: AGISTA PRIYANTONO | C9: JKT41T | D9: CP_TELUK_GONG_RAYA | E9: 45 | F9: 43 | G9: 45 | H9: 44 | I9: 48 | J9: 47 | K9: 0.9 | L9: 0.95555556 | M9: 0.97777778 | N9: 0.97916667 | O9: 1444 | P9: 1299 | Q9: 42 | R9: 42 | S9: 46 | T9: 0.89958449 | U9: 0.93333333 | V9: 0.93333333 | W9: 0.95833333 | X9: 0 | Y9: 347 | Z9: 330 | AA9: 360 | AB9: 317 | AC9: 0.95100865 | AD9: 0.88055556 | AE9: 0.07045309
A10: JAKARTA雅加达 | B10: AGISTA PRIYANTONO | C10: JKT08C | D10: KEPULAUAN_SERIBU | E10: 28 | F10: 28 | G10: 28 | H10: 28 | I10: 23 | J10: 22 | K10: 0.9 | L10: 1 | M10: 1 | N10: 0.95652174 | O10: 753 | P10: 724 | Q10: 27 | R10: 27 | S10: 21 | T10: 0.96148738 | U10: 0.96428571 | V10: 0.96428571 | W10: 0.91304348 | X10: 0 | Y10: 187 | Z10: 181 | AA10: 191 | AB10: 189 | AC10: 0.96791444 | AD10: 0.9895288 | AE10: -0.021614357
A11: JAKARTA雅加达 | B11: AGISTA PRIYANTONO | C11: JKT30A | D11: CP_PADEMANGAN_4 | E11: 0 | F11: 0 | G11: 0 | H11: 0 | I11: 0 | J11: 0 | K11: 0.9 | L11: 0 | M11: 0 | N11: 0 | O11: 0 | P11: 0 | Q11: 0 | R11: 0 | S11: 0 | T11: 0 | U11: 0 | V11: 0 | W11: 0 | X11: 0 | Y11: 0 | Z11: 0 | AA11: 0 | AB11: 0 | AC11: 0 | AD11: 0 | AE11: 0
A12: JAKARTA雅加达 | B12: AGISTA PRIYANTONO | C12: JKT41W | D12: CP_PLUIT_PERMAI | E12: 49 | F12: 45 | G12: 56 | H12: 53 | I12: 62 | J12: 56 | K12: 0.9 | L12: 0.91836735 | M12: 0.94642857 | N12: 0.90322581 | O12: 1674 | P12: 1504 | Q12: 43 | R12: 47 | S12: 53 | T12: 0.89844683 | U12: 0.87755102 | V12: 0.83928571 | W12: 0.85483871 | X12: 0.038265306 | Y12: 430 | Z12: 374 | AA12: 424 | AB12: 382 | AC12: 0.86976744 | AD12: 0.9009434 | AE12: -0.031175954
A13: JAKARTA雅加达 | B13: AGISTA PRIYANTONO | C13: JKT08I | D13: TELUK_GONG | E13: 106 | F13: 100 | G13: 102 | H13: 98 | I13: 111 | J13: 106 | K13: 0.9 | L13: 0.94339623 | M13: 0.96078431 | N13: 0.95495495 | O13: 3166 | P13: 2915 | Q13: 100 | R13: 96 | S13: 103 | T13: 0.92072015 | U13: 0.94339623 | V13: 0.94117647 | W13: 0.92792793 | X13: 0.0022197558 | Y13: 795 | Z13: 733 | AA13: 799 | AB13: 738 | AC13: 0.92201258 | AD13: 0.92365457 | AE13: -0.0016419896
A14: JAKARTA雅加达 | B14: AGISTA PRIYANTONO | C14: JKT09A | D14: ANCOL | E14: 81 | F14: 73 | G14: 74 | H14: 71 | I14: 80 | J14: 73 | K14: 0.9 | L14: 0.90123457 | M14: 0.95945946 | N14: 0.9125 | O14: 2280 | P14: 2096 | Q14: 56 | R14: 66 | S14: 70 | T14: 0.91929825 | U14: 0.69135802 | V14: 0.75675676 | W14: 0.7 | X14: -0.065398732 | Y14: 572 | Z14: 505 | AA14: 581 | AB14: 526 | AC14: 0.88286713 | AD14: 0.90533563 | AE14: -0.022468495
A15: JAKARTA雅加达 | B15: AGISTA PRIYANTONO | C15: JKT43Q | D15: CP_ANCOL_SELATAN_1 | E15: 115 | F15: 115 | G15: 111 | H15: 110 | I15: 120 | J15: 118 | K15: 0.9 | L15: 1 | M15: 0.99099099 | N15: 0.98333333 | O15: 3398 | P15: 3357 | Q15: 114 | R15: 109 | S15: 118 | T15: 0.98793408 | U15: 0.99130435 | V15: 0.98198198 | W15: 0.98333333 | X15: 0.0093223658 | Y15: 846 | Z15: 834 | AA15: 855 | AB15: 848 | AC15: 0.9858156 | AD15: 0.99181287 | AE15: -0.0059972627
A16: JAKARTA雅加达 | B16: AGISTA PRIYANTONO | C16: JKT08L | D16: KAMAL_MUARA | E16: 25 | F16: 24 | G16: 26 | H16: 25 | I16: 27 | J16: 25 | K16: 0.9 | L16: 0.96 | M16: 0.96153846 | N16: 0.92592593 | O16: 793 | P16: 737 | Q16: 24 | R16: 25 | S16: 24 | T16: 0.92938209 | U16: 0.96 | V16: 0.96153846 | W16: 0.88888889 | X16: -0.0015384615 | Y16: 196 | Z16: 183 | AA16: 198 | AB16: 185 | AC16: 0.93367347 | AD16: 0.93434343 | AE16: -0.00066996496
A17: JAKARTA雅加达 | B17: ANDI PRASETIYO | C17: JKT05L | D17: KOTA_TUA | E17: 0 | F17: 0 | G17: 0 | H17: 0 | I17: 0 | J17: 0 | K17: 0.9 | L17: 0 | M17: 0 | N17: 0 | O17: 0 | P17: 0 | Q17: 0 | R17: 0 | S17: 0 | T17: 0 | U17: 0 | V17: 0 | W17: 0 | X17: 0 | Y17: 0 | Z17: 0 | AA17: 0 | AB17: 0 | AC17: 0 | AD17: 0 | AE17: 0
A18: JAKARTA雅加达 | B18: ANDI PRASETIYO | C18: JKT45I | D18: CP_PINANGSIA_RAYA | E18: 16 | F18: 16 | G18: 11 | H18: 11 | I18: 15 | J18: 13 | K18: 0.9 | L18: 1 | M18: 1 | N18: 0.86666667 | O18: 491 | P18: 395 | Q18: 13 | R18: 7 | S18: 10 | T18: 0.80448065 | U18: 0.8125 | V18: 0.63636364 | W18: 0.66666667 | X18: 0.17613636 | Y18: 113 | Z18: 90 | AA18: 129 | AB18: 105 | AC18: 0.79646018 | AD18: 0.81395349 | AE18: -0.017493311
A19: JAKARTA雅加达 | B19: ANDI PRASETIYO | C19: JKT11 | D19: TANAH_ABANG | E19: 90 | F19: 85 | G19: 73 | H19: 70 | I19: 85 | J19: 78 | K19: 0.9 | L19: 0.94444444 | M19: 0.95890411 | N19: 0.91764706 | O19: 2587 | P19: 2290 | Q19: 77 | R19: 64 | S19: 71 | T19: 0.88519521 | U19: 0.85555556 | V19: 0.87671233 | W19: 0.83529412 | X19: -0.021156773 | Y19: 641 | Z19: 580 | AA19: 636 | AB19: 559 | AC19: 0.90483619 | AD19: 0.87893082 | AE19: 0.025905376
A20: JAKARTA雅加达 | B20: ANDI PRASETIYO | C20: JKT45B | D20: CP_MANGGA_BESAR_2 | E20: 44 | F20: 44 | G20: 43 | H20: 42 | I20: 43 | J20: 43 | K20: 0.9 | L20: 1 | M20: 0.97674419 | N20: 1 | O20: 1261 | P20: 1142 | Q20: 39 | R20: 37 | S20: 39 | T20: 0.90563045 | U20: 0.88636364 | V20: 0.86046512 | W20: 0.90697674 | X20: 0.02589852 | Y20: 311 | Z20: 281 | AA20: 319 | AB20: 284 | AC20: 0.90353698 | AD20: 0.89028213 | AE20: 0.013254846
... A1717: BALI巴厘 | B1717: Prisilia Nansiana Akong | C1717: KOE17 | D1717: KUPANG_TIMUR | E1717: 12 | F1717: 9 | G1717: 9 | H1717: 7 | I1717: 11 | J1717: 9 | K1717: 0.9 | L1717: 0.75 | M1717: 0.77777778 | N1717: 0.81818182 | O1717: 267 | P1717: 64 | Q1717: 4 | R1717: 3 | S1717: 1 | T1717: 0.23970037 | U1717: 0.33333333 | V1717: 0.33333333 | W1717: 0.090909091 | X1717: 0 | Y1717: 68 | Z1717: 15 | AA1717: 60 | AB1717: 18 | AC1717: 0.22058824 | AD1717: 0.3 | AE1717: -0.079411765

Sheet Display 730 & 1200
A1: 网管-爪哇-巴厘班0730出仓率&1200签收率09月28日 NM-Persentase 0730 & TTD 1200 Agent Jawa-Bali 28 Sep 2026
A2: 代理区 Agent | B2: RM | C2: 网点名称 Nama DP | D2: 网点名称 Nama DP | E2: Rit-1应签收 Seharusnya TTD Rit-1 | F2: 0730出仓率 Persentase Keluar Gudang 0730 | G2: 1200前已签收 TTD Sebelum 1200 | H2: Rit-1应签收 Seharusnya TTD Rit-1 27/09/2026 | I2: 0730出仓率 Persentase Keluar Gudang 0730 27/09/2026 | J2: 1200前已签收 TTD Sebelum 1200 27/09/2026 | K2: Rit-1应签收 Seharusnya TTD Rit-1 26/09/2026 | L2: 0730出仓率 Persentase Keluar Gudang 0730 26/09/2026 | M2: 1200前已签收 TTD Sebelum 1200 26/09/2026 | N2: 月累计签收率 Persentase Bulanan 0730 | O2: 0730出仓率 Persentase Keluar Gudang 0730 Bulanan | P2: 目标值 Target | Q2: 28日0730出仓率 Persentase Keluar Gudang 0730 | T2: 对比昨天 Perbandingan H-1 | U2: Rit-1应签收 Seharusnya TTD Rit-1 Bulanan | V2: 1200前已签收 TTD Sebelum 1200 Bulanan | W2: 月累计签收率 Persentase Bulanan 1200 | X2: 1200前已签收 TTD Sebelum 1200 | AA2: 对比昨天 Perbandingan H-1 | AB2: Rit-1应签收 Seharusnya TTD Rit-1 Mingguan 22/09/2026 - 28/09/2026 | AC2: 1200前已签收 TTD Sebelum 1200 Mingguan 22/09/2026 - 28/09/2026 | AD2: Rit-1应签收 Seharusnya TTD Rit-1 Mingguan 15/09/2026 - 21/09/2026 | AE2: 1200前已签收 TTD Sebelum 1200 Mingguan 15/09/2026 - 21/09/2026 | AF2: 1200前已签收周度率 Persentase Mingguan TTD 1200 | AH2: 对比上周 Perbandingan Mingguan
Q3: ='Display ALL DP'!L8 -> 46293 | R3: =Q3-1 -> 46292 | S3: =Q3-2 -> 46291 | X3: =Q3 -> 46293 | Y3: =R3 -> 46292 | Z3: =S3 -> 46291 | AF3: =TEXT(AN10,"DD MMM")&" - "&TEXT(AN9,"DD MMM") -> 22 Sep - 28 Sep | AG3: =TEXT(AN12,"DD MMM")&" - "&TEXT(AN11,"DD MMM") -> 15 Sep - 21 Sep | AK3: data mingguan harus difix, ga boleh hanya patokan jakarta doang
D4: AGENT40 | E4: 3698789 | F4: 3522358 | G4: 3270723 | H4: 4193140 | I4: 3963682 | J4: 3670951 | K4: 3892828 | L4: 3720329 | M4: 3506327 | N4: 0.95393094 | O4: 109146256 | P4: 0.9 | Q4: 0.95230033 | R4: 0.94527776 | S4: 0.955688 | T4: 0.0070225708 | U4: 114417356 | V4: 102251100 | W4: 0.89366774 | X4: 0.88426861 | Y4: 0.87546588 | Z4: 0.9007146 | AA4: 0.0088027279 | AB4: 27866992 | AC4: 25042018 | AD4: 27647876 | AE4: 24874366 | AF4: 0.89862652 | AG4: 0.89968452 | AH4: -0.0010579998 | AI4: 5
A6: JAKARTA雅加达 | B6: AGISTA PRIYANTONO | C6: JKT07T | D6: DC_SUNTER | E6: 0 | F6: 0 | G6: 0 | H6: 0 | I6: 0 | J6: 0 | K6: 0 | L6: 0 | M6: 0 | N6: 0 | O6: 0 | P6: 0.9 | Q6: 0 | R6: 0 | S6: 0 | T6: 0 | U6: 0 | V6: 0 | W6: 0 | X6: 0 | Y6: 0 | Z6: 0 | AA6: 0 | AB6: 0 | AC6: 0 | AD6: 0 | AE6: 0 | AF6: 0 | AG6: 0 | AH6: 0
A7: JAKARTA雅加达 | B7: AGISTA PRIYANTONO | C7: JKT41W | D7: CP_PLUIT_PERMAI | E7: 5286 | F7: 5230 | G7: 4527 | H7: 6563 | I7: 6519 | J7: 4984 | K7: 7177 | L7: 6572 | M7: 5797 | N7: 0.9488909 | O7: 154469 | P7: 0.9 | Q7: 0.98940598 | R7: 0.99329575 | S7: 0.91570294 | T7: -0.0038897708 | U7: 162789 | V7: 119290 | W7: 0.73278907 | X7: 0.85641317 | Y7: 0.75940881 | Z7: 0.8077191 | AA7: 0.09700436 | AB7: 48148 | AC7: 39197 | AD7: 41512 | AE7: 32916 | AF7: 0.81409404 | AG7: 0.79292735 | AH7: 0.021166697
A8: JAKARTA雅加达 | B8: AGISTA PRIYANTONO | C8: JKT08N | D8: PLUIT_PERMAI | E8: 0 | F8: 0 | G8: 0 | H8: 0 | I8: 0 | J8: 0 | K8: 0 | L8: 0 | M8: 0 | N8: 0 | O8: 0 | P8: 0.9 | Q8: 0 | R8: 0 | S8: 0 | T8: 0 | U8: 0 | V8: 0 | W8: 0 | X8: 0 | Y8: 0 | Z8: 0 | AA8: 0 | AB8: 0 | AC8: 0 | AD8: 0 | AE8: 0 | AF8: 0 | AG8: 0 | AH8: 0
A9: JAKARTA雅加达 | B9: AGISTA PRIYANTONO | C9: JKT43D | D9: CP_DANAUSUNTER_UTARA | E9: 6023 | F9: 5648 | G9: 4968 | H9: 7464 | I9: 7262 | J9: 5987 | K9: 7357 | L9: 7153 | M9: 6231 | N9: 0.98235853 | O9: 196511 | P9: 0.9 | Q9: 0.93773867 | R9: 0.97293676 | S9: 0.97227131 | T9: -0.035198095 | U9: 200040 | V9: 159961 | W9: 0.79964507 | X9: 0.82483812 | Y9: 0.80211683 | Z9: 0.84694848 | AA9: 0.022721293 | AB9: 51580 | AC9: 43798 | AD9: 48666 | AE9: 39733 | AF9: 0.84912757 | AG9: 0.81644269 | AH9: 0.032684878 | AM9: =Q3 -> 46293 | AN9: =AM9 -> 46293
A10: JAKARTA雅加达 | B10: AGISTA PRIYANTONO | C10: JKT08I | D10: TELUK_GONG | E10: 5808 | F10: 4827 | G10: 4730 | H10: 7208 | I10: 6559 | J10: 5780 | K10: 7229 | L10: 6617 | M10: 6230 | N10: 0.91411828 | O10: 197796 | P10: 0.9 | Q10: 0.83109504 | R10: 0.90996115 | S10: 0.91534099 | T10: -0.078866113 | U10: 216379 | V10: 179744 | W10: 0.83069059 | X10: 0.81439394 | Y10: 0.80188679 | Z10: 0.86180661 | AA10: 0.012507147 | AB10: 51428 | AC10: 43921 | AD10: 51575 | AE10: 43569 | AF10: 0.85402893 | AG10: 0.84476975 | AH10: 0.0092591809 | AN10: =AN9-6 -> 46287
A11: JAKARTA雅加达 | B11: AGISTA PRIYANTONO | C11: JKT09A | D11: ANCOL | E11: 5263 | F11: 4375 | G11: 4542 | H11: 5772 | I11: 5239 | J11: 5050 | K11: 6026 | L11: 5569 | M11: 5444 | N11: 0.90912973 | O11: 151171 | P11: 0.9 | Q11: 0.83127494 | R11: 0.90765766 | S11: 0.92416196 | T11: -0.076382719 | U11: 166281 | V11: 150552 | W11: 0.90540711 | X11: 0.86300589 | Y11: 0.87491337 | Z11: 0.90341852 | AA11: -0.011907485 | AB11: 41900 | AC11: 38118 | AD11: 39107 | AE11: 36334 | AF11: 0.90973747 | AG11: 0.92909198 | AH11: -0.019354508 | AN11: =AN10-1 -> 46286
A12: JAKARTA雅加达 | B12: AGISTA PRIYANTONO | C12: JKT08L | D12: KAMAL_MUARA | E12: 1317 | F12: 1311 | G12: 1171 | H12: 1263 | I12: 1252 | J12: 1144 | K12: 1334 | L12: 1323 | M12: 1184 | N12: 0.94294228 | O12: 34176 | P12: 0.9 | Q12: 0.99544419 | R12: 0.99129058 | S12: 0.99175412 | T12: 0.0041536134 | U12: 36244 | V12: 32068 | W12: 0.88478093 | X12: 0.88914199 | Y12: 0.90577989 | Z12: 0.88755622 | AA12: -0.0166379 | AB12: 9851 | AC12: 8875 | AD12: 10338 | AE12: 9248 | AF12: 0.90092376 | AG12: 0.89456375 | AH12: 0.0063600187 | AN12: =AN9-13 -> 46280
A13: JAKARTA雅加达 | B13: AGISTA PRIYANTONO | C13: JKT08C | D13: KEPULAUAN_SERIBU | E13: 2529 | F13: 2527 | G13: 2474 | H13: 2844 | I13: 2833 | J13: 2819 | K13: 2860 | L13: 2834 | M13: 2841 | N13: 0.96540034 | O13: 81725 | P13: 0.9 | Q13: 0.99920917 | R13: 0.99613221 | S13: 0.99090909 | T13: 0.0030769654 | U13: 84654 | V13: 81054 | W13: 0.95747395 | X13: 0.97825227 | Y13: 0.99120956 | Z13: 0.99335664 | AA13: -0.01295729 | AB13: 19029 | AC13: 18831 | AD13: 21052 | AE13: 20541 | AF13: 0.98959483 | AG13: 0.97572677 | AH13: 0.013868057 | AN13: 46266
A14: JAKARTA雅加达 | B14: AGISTA PRIYANTONO | C14: JKT43Q | D14: CP_ANCOL_SELATAN_1 | E14: 7726 | F14: 7615 | G14: 7097 | H14: 10131 | I14: 9975 | J14: 9063 | K14: 10062 | L14: 9949 | M14: 9166 | N14: 0.98272513 | O14: 246380 | P14: 0.9 | Q14: 0.98563293 | R14: 0.98460172 | S14: 0.98876963 | T14: 0.0010312103 | U14: 250711 | V14: 229757 | W14: 0.9164217 | X14: 0.91858659 | Y14: 0.89458099 | Z14: 0.9109521 | AA14: 0.024005602 | AB14: 68082 | AC14: 62584 | AD14: 62326 | AE14: 57668 | AF14: 0.91924444 | AG14: 0.92526393 | AH14: -0.0060194943
A15: JAKARTA雅加达 | B15: AGISTA PRIYANTONO | C15: JKT41T | D15: CP_TELUK_GONG_RAYA | E15: 4652 | F15: 3999 | G15: 4362 | H15: 4046 | I15: 3904 | J15: 3702 | K15: 4543 | L15: 4465 | M15: 4343 | N15: 0.95865379 | O15: 116046 | P15: 0.9 | Q15: 0.85963027 | R15: 0.96490361 | S15: 0.98283073 | T15: -0.10527334 | U15: 121051 | V15: 113346 | W15: 0.93634914 | X15: 0.93766122 | Y15: 0.91497776 | Z15: 0.95597623 | AA15: 0.022683465 | AB15: 33946 | AC15: 32062 | AD15: 31253 | AE15: 29682 | AF15: 0.94450009 | AG15: 0.94973283 | AH15: -0.0052327373
A16: JAKARTA雅加达 | B16: AGISTA PRIYANTONO | C16: JKT30A | D16: CP_PADEMANGAN_4 | E16: 0 | F16: 0 | G16: 0 | H16: 0 | I16: 0 | J16: 0 | K16: 0 | L16: 0 | M16: 0 | N16: 0.36842105 | O16: 7 | P16: 0.9 | Q16: 0 | R16: 0 | S16: 0 | T16: 0 | U16: 19 | V16: 18 | W16: 0.94736842 | X16: 0 | Y16: 0 | Z16: 0 | AA16: 0 | AB16: 0 | AC16: 0 | AD16: 0 | AE16: 0 | AF16: 0 | AG16: 0 | AH16: 0
A17: JAKARTA雅加达 | B17: ANDI PRASETIYO | C17: JKT05L | D17: KOTA_TUA | E17: 0 | F17: 0 | G17: 0 | H17: 0 | I17: 0 | J17: 0 | K17: 0 | L17: 0 | M17: 0 | N17: 0 | O17: 0 | P17: 0.9 | Q17: 0 | R17: 0 | S17: 0 | T17: 0 | U17: 0 | V17: 0 | W17: 0 | X17: 0 | Y17: 0 | Z17: 0 | AA17: 0 | AB17: 0 | AC17: 0 | AD17: 0 | AE17: 0 | AF17: 0 | AG17: 0 | AH17: 0
A18: JAKARTA雅加达 | B18: ANDI PRASETIYO | C18: JKT45I | D18: CP_PINANGSIA_RAYA | E18: 1302 | F18: 1280 | G18: 846 | H18: 1946 | I18: 1918 | J18: 716 | K18: 1845 | L18: 1829 | M18: 1263 | N18: 0.90251211 | O18: 43974 | P18: 0.9 | Q18: 0.98310292 | R18: 0.98561151 | S18: 0.99132791 | T18: -0.0025085922 | U18: 48724 | V18: 30970 | W18: 0.63562105 | X18: 0.64976959 | Y18: 0.36793422 | Z18: 0.68455285 | AA18: 0.28183536 | AB18: 12812 | AC18: 8669 | AD18: 11649 | AE18: 7585 | AF18: 0.67663128 | AG18: 0.65112885 | AH18: 0.025502431
A19: JAKARTA雅加达 | B19: ANDI PRASETIYO | C19: JKT11 | D19: TANAH_ABANG | E19: 3639 | F19: 3608 | G19: 2624 | H19: 5840 | I19: 5785 | J19: 3016 | K19: 5761 | L19: 5709 | M19: 4067 | N19: 0.99394094 | O19: 155676 | P19: 0.9 | Q19: 0.99148118 | R19: 0.99058219 | S19: 0.99097379 | T19: 0.00089898437 | U19: 156625 | V19: 112923 | W19: 0.72097686 | X19: 0.72107722 | Y19: 0.51643836 | Z19: 0.70595383 | AA19: 0.20463886 | AB19: 38442 | AC19: 27815 | AD19: 36334 | AE19: 26160 | AF19: 0.72355757 | AG19: 0.71998679 | AH19: 0.003570778
A20: JAKARTA雅加达 | B20: ANDI PRASETIYO | C20: JKT45B | D20: CP_MANGGA_BESAR_2 | E20: 4842 | F20: 4087 | G20: 4356 | H20: 5486 | I20: 5377 | J20: 5131 | K20: 6107 | L20: 6008 | M20: 5691 | N20: 0.92278732 | O20: 111278 | P20: 0.9 | Q20: 0.8440727 | R20: 0.98013124 | S20: 0.98378909 | T20: -0.13605855 | U20: 120589 | V20: 108154 | W20: 0.89688114 | X20: 0.89962825 | Y20: 0.93528983 | Z20: 0.93188145 | AA20: -0.035661576 | AB20: 35290 | AC20: 32793 | AD20: 29760 | AE20: 27443 | AF20: 0.92924341 | AG20: 0.92214382 | AH20: 0.0070995945
A21: JAKARTA雅加达 | B21: ANDI PRASETIYO | C21: JKT13K | D21: JOHAR_BARU_01 | E21: 3659 | F21: 3650 | G21: 3225 | H21: 5393 | I21: 5327 | J21: 4624 | K21: 5312 | L21: 5292 | M21: 4658 | N21: 0.99315293 | O21: 142582 | P21: 0.9 | Q21: 0.99754031 | R21: 0.98776191 | S21: 0.99623494 | T21: 0.009778398 | U21: 143565 | V21: 125505 | W21: 0.87420332 | X21: 0.88138836 | Y21: 0.85740775 | Z21: 0.87688253 | AA21: 0.023980607 | AB21: 35604 | AC21: 31189 | AD21: 33034 | AE21: 28878 | AF21: 0.87599708 | AG21: 0.87419023 | AH21: 0.0018068507
A22: JAKARTA雅加达 | B22: ANDI PRASETIYO | C22: JKT12 | D22: SENEN | E22: 4691 | F22: 4660 | G22: 4045 | H22: 7181 | I22: 7133 | J22: 5553 | K22: 7138 | L22: 7091 | M22: 6259 | N22: 0.9928209 | O22: 204674 | P22: 0.9 | Q22: 0.9933916 | R22: 0.99331569 | S22: 0.99341552 | T22: 7.5906745e-05 | U22: 206154 | V22: 182209 | W22: 0.88384897 | X22: 0.86228949 | Y22: 0.77329063 | Z22: 0.87685626 | AA22: 0.088998862 | AB22: 49273 | AC22: 42958 | AD22: 47528 | AE22: 42566 | AF22: 0.8718365 | AG22: 0.89559838 | AH22: -0.023761881
A23: JAKARTA雅加达 | B23: ANDI PRASETIYO | C23: JKT45L | D23: CP_ZAINUL_ARIFIN | E23: 1416 | F23: 1382 | G23: 1308 | H23: 1884 | I23: 1771 | J23: 1579 | K23: 1762 | L23: 1667 | M23: 1531 | N23: 0.97453785 | O23: 41489 | P23: 0.9 | Q23: 0.9759887 | R23: 0.94002123 | S23: 0.946084 | T23: 0.035967469 | U23: 42573 | V23: 36247 | W23: 0.85140817 | X23: 0.92372881 | Y23: 0.8381104 | Z23: 0.86889898 | AA23: 0.08561841 | AB23: 12795 | AC23: 11257 | AD23: 11458 | AE23: 10181 | AF23: 0.8797968 | AG23: 0.88854949 | AH23: -0.0087526895
A24: JAKARTA雅加达 | B24: ARIS YULIANTO | C24: JKT19J | D24: DC_CIPAYUNG | E24: 0 | F24: 0 | G24: 0 | H24: 0 | I24: 0 | J24: 0 | K24: 0 | L24: 0 | M24: 0 | N24: 0 | O24: 0 | P24: 0.9 | Q24: 0 | R24: 0 | S24: 0 | T24: 0 | U24: 0 | V24: 0 | W24: 0 | X24: 0 | Y24: 0 | Z24: 0 | AA24: 0 | AB24: 0 | AC24: 0 | AD24: 0 | AE24: 0 | AF24: 0 | AG24: 0 | AH24: 0
A25: JAKARTA雅加达 | B25: ARIS YULIANTO | C25: JKT19L | D25: KELAPA_DUA_01 | E25: 0 | F25: 0 | G25: 0 | H25: 0 | I25: 0 | J25: 0 | K25: 0 | L25: 0 | M25: 0 | N25: 0 | O25: 0 | P25: 0.9 | Q25: 0 | R25: 0 | S25: 0 | T25: 0 | U25: 0 | V25: 0 | W25: 0 | X25: 0 | Y25: 0 | Z25: 0 | AA25: 0 | AB25: 0 | AC25: 0 | AD25: 0 | AE25: 0 | AF25: 0 | AG25: 0 | AH25: 0
... A1717: BALI巴厘 | B1717: Prisilia Nansiana Akong | C1717: KOE17 | D1717: KUPANG_TIMUR | E1717: 1256 | F1717: 1140 | G1717: 744 | H1717: 1195 | I1717: 1052 | J1717: 855 | K1717: 1123 | L1717: 958 | M1717: 795 | N1717: 0.90831846 | O1717: 10690 | P1717: 0.9 | Q1717: 0.90764331 | R1717: 0.88033473 | S1717: 0.85307213 | T1717: 0.027308584 | U1717: 11769 | V1717: 8566 | W1717: 0.72784434 | X1717: 0.59235669 | Y1717: 0.71548117 | Z1717: 0.7079252 | AA1717: -0.12312448 | AB1717: 4528 | AC1717: 3107 | AD1717: 2331 | AE1717: 1713 | AF1717: 0.68617491 | AG1717: 0.73487773 | AH1717: -0.048702823

Sheet Display Ritase Keseluruhan
A1: 网管-爪哇-巴厘班次全天签收率报表09月28日 NM-Laporan Persentase Keseluruhan TTD Berdasarkan Ritase Agent Jawa-Bali 28 Sep 2026
A2: 代理区 Agent | B2: RM | C2: 网点代码 Kode DP | D2: 网点名称 Nama DP | E2: T-1应签收 Seharusnya TTD H-1 | F2: 2359前已签收 TTD Sebelum 2359 | G2: 未签收 Belum TTD | H2: T-1应签收 Seharusnya TTD 27/09/2026 | I2: 2359前已签收 TTD Sebelum 2359 27/09/2026 | J2: 未签收 Belum TTD 27/09/2026 | K2: T-1应签收 Seharusnya TTD 26/09/2026 | L2: 2359前已签收 TTD Sebelum 2359 26/09/2026 | M2: 未签收 Belum TTD 26/09/2026 | N2: 目标值 Target | O2: 累计应签收量 Seharusnya TTD Bulanan | P2: 累计签收量 TTD Bulanan | Q2: 累计未签收 Belum TTD Bulanan | R2: 月累计 签收率 Persentase Bulanan | S2: 全天签收率 Persentase TTD All Ritase | V2: 对比昨天 Perbandingan H-1 | W2: 累计应签收量 Seharusnya TTD Mingguan 22/09/2026 - 28/09/2026 | X2: 累计签收量 TTD Mingguan 22/09/2026 - 28/09/2026 | Y2: 累计应签收量 Seharusnya TTD Mingguan 15/09/2026 - 21/09/2026 | Z2: 累计签收量 TTD Mingguan 15/09/2026 - 21/09/2026 | AA2: 全天签收率周度率 Persentase Mingguan TTD All Ritase | AC2: 对比上周 Perbandingan Mingguan
S3: ='Display ALL DP'!L8 -> 46293 | T3: =S3-1 -> 46292 | U3: =S3-2 -> 46291 | AA3: =TEXT(AH10,"DD MMM")&" - "&TEXT(AH9,"DD MMM") -> 22 Sep - 28 Sep | AB3: =TEXT(AH12,"DD MMM")&" - "&TEXT(AH11,"DD MMM") -> 15 Sep - 21 Sep
E4: 5130648 | F4: 4844958 | G4: 285690 | H4: 6515537 | I4: 6100337 | J4: 415200 | K4: 6213168 | L4: 5939917 | M4: 273251 | N4: 0.93 | O4: 178530641 | P4: 171276801 | Q4: 7253840 | R4: 0.95936922 | S4: 0.94431698 | T4: 0.9362754 | U4: 0.95602066 | V4: 0.0080415768 | W4: 43212556 | X4: 41367791 | Y4: 42932338 | Z4: 41261503 | AA4: 0.95730951 | AB4: 0.96108213 | AC4: -0.0037726191 | AD4: 5
A6: JAKARTA雅加达 | B6: AGISTA PRIYANTONO | C6: JKT07T | D6: DC_SUNTER | E6: 0 | F6: 0 | G6: 0 | H6: 0 | I6: 0 | J6: 0 | K6: 0 | L6: 0 | M6: 0 | N6: 0.93 | O6: 0 | P6: 0 | Q6: 0 | R6: 0 | S6: 0 | T6: 0 | U6: 0 | V6: 0 | W6: 0 | X6: 0 | Y6: 0 | Z6: 0 | AA6: 0 | AB6: 0 | AC6: 0
A7: JAKARTA雅加达 | B7: AGISTA PRIYANTONO | C7: JKT09A | D7: ANCOL | E7: 6931 | F7: 6544 | G7: 387 | H7: 8902 | I7: 8392 | J7: 510 | K7: 9608 | L7: 9336 | M7: 272 | N7: 0.93 | O7: 262419 | P7: 257703 | Q7: 4716 | R7: 0.98202874 | S7: 0.9441639 | T7: 0.9427095 | U7: 0.97169026 | V7: 0.0014543978 | W7: 65398 | X7: 63644 | Y7: 61703 | Z7: 60984 | AA7: 0.97317961 | AB7: 0.98834741 | AC7: -0.015167798
A8: JAKARTA雅加达 | B8: AGISTA PRIYANTONO | C8: JKT08N | D8: PLUIT_PERMAI | E8: 0 | F8: 0 | G8: 0 | H8: 0 | I8: 0 | J8: 0 | K8: 0 | L8: 0 | M8: 0 | N8: 0.93 | O8: 0 | P8: 0 | Q8: 0 | R8: 0 | S8: 0 | T8: 0 | U8: 0 | V8: 0 | W8: 0 | X8: 0 | Y8: 0 | Z8: 0 | AA8: 0 | AB8: 0 | AC8: 0
A9: JAKARTA雅加达 | B9: AGISTA PRIYANTONO | C9: JKT41W | D9: CP_PLUIT_PERMAI | E9: 7794 | F9: 7396 | G9: 398 | H9: 10622 | I9: 9727 | J9: 895 | K9: 11517 | L9: 10963 | M9: 554 | N9: 0.93 | O9: 270952 | P9: 254137 | Q9: 16815 | R9: 0.93794104 | S9: 0.94893508 | T9: 0.91574092 | U9: 0.9518972 | V9: 0.033194163 | W9: 77125 | X9: 73538 | Y9: 68695 | Z9: 65151 | AA9: 0.95349109 | AB9: 0.94840964 | AC9: 0.0050814491 | AH9: =S3 -> 46293
A10: JAKARTA雅加达 | B10: AGISTA PRIYANTONO | C10: JKT30A | D10: CP_PADEMANGAN_4 | E10: 0 | F10: 0 | G10: 0 | H10: 0 | I10: 0 | J10: 0 | K10: 0 | L10: 0 | M10: 0 | N10: 0.93 | O10: 33 | P10: 32 | Q10: 1 | R10: 0.96969697 | S10: 0 | T10: 0 | U10: 0 | V10: 0 | W10: 0 | X10: 0 | Y10: 2 | Z10: 2 | AA10: 0 | AB10: 1 | AC10: -1 | AH10: =AH9-6 -> 46287
A11: JAKARTA雅加达 | B11: AGISTA PRIYANTONO | C11: JKT08I | D11: TELUK_GONG | E11: 8354 | F11: 7647 | G11: 707 | H11: 11795 | I11: 11226 | J11: 569 | K11: 12242 | L11: 11955 | M11: 287 | N11: 0.93 | O11: 362558 | P11: 354566 | Q11: 7992 | R11: 0.97795663 | S11: 0.91536988 | T11: 0.95175922 | U11: 0.97655612 | V11: -0.036389337 | W11: 84647 | X11: 82274 | Y11: 85838 | Z11: 83976 | AA11: 0.97196593 | AB11: 0.97830798 | AC11: -0.0063420464 | AH11: =AH10-1 -> 46286
A12: JAKARTA雅加达 | B12: AGISTA PRIYANTONO | C12: JKT43D | D12: CP_DANAUSUNTER_UTARA | E12: 9010 | F12: 8414 | G12: 596 | H12: 12239 | I12: 11583 | J12: 656 | K12: 12467 | L12: 12047 | M12: 420 | N12: 0.93 | O12: 341497 | P12: 330932 | Q12: 10565 | R12: 0.96906269 | S12: 0.93385128 | T12: 0.94640085 | U12: 0.96631106 | V12: -0.012549573 | W12: 84930 | X12: 82199 | Y12: 82048 | Z12: 80254 | AA12: 0.96784411 | AB12: 0.97813475 | AC12: -0.010290643 | AH12: =AH11-6 -> 46280
A13: JAKARTA雅加达 | B13: AGISTA PRIYANTONO | C13: JKT08C | D13: KEPULAUAN_SERIBU | E13: 2529 | F13: 2489 | G13: 40 | H13: 2844 | I13: 2832 | J13: 12 | K13: 2860 | L13: 2856 | M13: 4 | N13: 0.93 | O13: 84655 | P13: 84196 | Q13: 459 | R13: 0.99457799 | S13: 0.98418347 | T13: 0.99578059 | U13: 0.9986014 | V13: -0.011597119 | W13: 19029 | X13: 18946 | Y13: 21052 | Z13: 20978 | AA13: 0.99563824 | AB13: 0.99648489 | AC13: -0.00084665817 | AH13: 46266
A14: JAKARTA雅加达 | B14: AGISTA PRIYANTONO | C14: JKT43Q | D14: CP_ANCOL_SELATAN_1 | E14: 11274 | F14: 10941 | G14: 333 | H14: 16513 | I14: 15900 | J14: 613 | K14: 16770 | L14: 16324 | M14: 446 | N14: 0.93 | O14: 423530 | P14: 414127 | Q14: 9403 | R14: 0.9777985 | S14: 0.97046301 | T14: 0.96287773 | U14: 0.97340489 | V14: 0.0075852795 | W14: 111360 | X14: 108707 | Y14: 104416 | Z14: 102333 | AA14: 0.97617636 | AB14: 0.98005095 | AC14: -0.0038745851
A15: JAKARTA雅加达 | B15: AGISTA PRIYANTONO | C15: JKT08L | D15: KAMAL_MUARA | E15: 1786 | F15: 1687 | G15: 99 | H15: 2209 | I15: 2112 | J15: 97 | K15: 2365 | L15: 2254 | M15: 111 | N15: 0.93 | O15: 62678 | P15: 60380 | Q15: 2298 | R15: 0.96333642 | S15: 0.94456887 | T15: 0.95608873 | U15: 0.95306554 | V15: -0.011519859 | W15: 16531 | X15: 15902 | Y15: 17203 | Z15: 16650 | AA15: 0.96195028 | AB15: 0.96785444 | AC15: -0.0059041688
A16: JAKARTA雅加达 | B16: AGISTA PRIYANTONO | C16: JKT41T | D16: CP_TELUK_GONG_RAYA | E16: 6377 | F16: 6258 | G16: 119 | H16: 6177 | I16: 6021 | J16: 156 | K16: 7612 | L16: 7387 | M16: 225 | N16: 0.93 | O16: 198912 | P16: 193774 | Q16: 5138 | R16: 0.97416948 | S16: 0.98133919 | T16: 0.97474502 | U16: 0.97044141 | V16: 0.0065941659 | W16: 54116 | X16: 52991 | Y16: 51106 | Z16: 49849 | AA16: 0.97921132 | AB16: 0.97540406 | AC16: 0.0038072617
A17: JAKARTA雅加达 | B17: ANDI PRASETIYO | C17: JKT05L | D17: KOTA_TUA | E17: 0 | F17: 0 | G17: 0 | H17: 0 | I17: 0 | J17: 0 | K17: 0 | L17: 0 | M17: 0 | N17: 0.93 | O17: 0 | P17: 0 | Q17: 0 | R17: 0 | S17: 0 | T17: 0 | U17: 0 | V17: 0 | W17: 0 | X17: 0 | Y17: 0 | Z17: 0 | AA17: 0 | AB17: 0 | AC17: 0
A18: JAKARTA雅加达 | B18: ANDI PRASETIYO | C18: JKT11 | D18: TANAH_ABANG | E18: 5332 | F18: 4842 | G18: 490 | H18: 9726 | I18: 6709 | J18: 3017 | K18: 9992 | L18: 8758 | M18: 1234 | N18: 0.93 | O18: 269441 | P18: 242166 | Q18: 27275 | R18: 0.8987719 | S18: 0.90810203 | T18: 0.68980053 | U18: 0.8765012 | V18: 0.21830149 | W18: 64676 | X18: 57379 | Y18: 62830 | Z18: 56443 | AA18: 0.88717608 | AB18: 0.89834474 | AC18: -0.011168662
A19: JAKARTA雅加达 | B19: ANDI PRASETIYO | C19: JKT12 | D19: SENEN | E19: 7020 | F19: 6587 | G19: 433 | H19: 12195 | I19: 10639 | J19: 1556 | K19: 12315 | L19: 11507 | M19: 808 | N19: 0.93 | O19: 349606 | P19: 333036 | Q19: 16570 | R19: 0.95260379 | S19: 0.93831909 | T19: 0.87240672 | U19: 0.93438896 | V19: 0.065912364 | W19: 82343 | X19: 77993 | Y19: 80815 | Z19: 77061 | AA19: 0.94717219 | AB19: 0.95354823 | AC19: -0.0063760331
A20: JAKARTA雅加达 | B20: ANDI PRASETIYO | C20: JKT45B | D20: CP_MANGGA_BESAR_2 | E20: 6500 | F20: 6234 | G20: 266 | H20: 7872 | I20: 7708 | J20: 164 | K20: 8963 | L20: 8737 | M20: 226 | N20: 0.93 | O20: 197755 | P20: 192921 | Q20: 4834 | R20: 0.97555561 | S20: 0.95907692 | T20: 0.97916667 | U20: 0.97478523 | V20: -0.020089744 | W20: 54685 | X20: 53365 | Y20: 49346 | Z20: 48315 | AA20: 0.97586175 | AB20: 0.97910672 | AC20: -0.0032449622
A21: JAKARTA雅加达 | B21: ANDI PRASETIYO | C21: JKT45I | D21: CP_PINANGSIA_RAYA | E21: 1786 | F21: 1649 | G21: 137 | H21: 2987 | I21: 1699 | J21: 1288 | K21: 2874 | L21: 2660 | M21: 214 | N21: 0.93 | O21: 79569 | P21: 67896 | Q21: 11673 | R21: 0.85329714 | S21: 0.92329227 | T21: 0.56879813 | U21: 0.92553932 | V21: 0.35449415 | W21: 20012 | X21: 17199 | Y21: 19246 | Z21: 16797 | AA21: 0.85943434 | AB21: 0.87275278 | AC21: -0.01331844
A22: JAKARTA雅加达 | B22: ANDI PRASETIYO | C22: JKT45L | D22: CP_ZAINUL_ARIFIN | E22: 2023 | F22: 1989 | G22: 34 | H22: 2867 | I22: 2695 | J22: 172 | K22: 2778 | L22: 2649 | M22: 129 | N22: 0.93 | O22: 67203 | P22: 64090 | Q22: 3113 | R22: 0.95367766 | S22: 0.98319328 | T22: 0.94000698 | U22: 0.95356371 | V22: 0.043186301 | W22: 19210 | X22: 18583 | Y22: 17560 | Z22: 17072 | AA22: 0.96736075 | AB22: 0.97220957 | AC22: -0.0048488176
A23: JAKARTA雅加达 | B23: ANDI PRASETIYO | C23: JKT13K | D23: JOHAR_BARU_01 | E23: 5758 | F23: 5436 | G23: 322 | H23: 9380 | I23: 8698 | J23: 682 | K23: 9364 | L23: 8894 | M23: 470 | N23: 0.93 | O23: 250242 | P23: 240938 | Q23: 9304 | R23: 0.96281999 | S23: 0.9440778 | T23: 0.92729211 | U23: 0.94980777 | V23: 0.016785694 | W23: 61469 | X23: 58838 | Y23: 58303 | Z23: 56151 | AA23: 0.95719794 | AB23: 0.96308938 | AC23: -0.0058914407
A24: JAKARTA雅加达 | B24: ARIS YULIANTO | C24: JKT19J | D24: DC_CIPAYUNG | E24: 0 | F24: 0 | G24: 0 | H24: 0 | I24: 0 | J24: 0 | K24: 0 | L24: 0 | M24: 0 | N24: 0.93 | O24: 0 | P24: 0 | Q24: 0 | R24: 0 | S24: 0 | T24: 0 | U24: 0 | V24: 0 | W24: 0 | X24: 0 | Y24: 0 | Z24: 0 | AA24: 0 | AB24: 0 | AC24: 0
A25: JAKARTA雅加达 | B25: ARIS YULIANTO | C25: JKT19L | D25: KELAPA_DUA_01 | E25: 0 | F25: 0 | G25: 0 | H25: 0 | I25: 0 | J25: 0 | K25: 0 | L25: 0 | M25: 0 | N25: 0.93 | O25: 0 | P25: 0 | Q25: 0 | R25: 0 | S25: 0 | T25: 0 | U25: 0 | V25: 0 | W25: 0 | X25: 0 | Y25: 0 | Z25: 0 | AA25: 0 | AB25: 0 | AC25: 0
... A46: JAKARTA雅加达 | B46: DIFA HERDIANSAH MUNABARI | C46: JKT56 | D46: CP_UJUNG_MENTENG | E46: 0 | F46: 0 | G46: 0 | H46: 0 | I46: 0 | J46: 0 | K46: 0 | L46: 0 | M46: 0 | N46: 0.93 | O46: 0 | P46: 0 | Q46: 0 | R46: 0 | S46: 0 | T46: 0 | U46: 0 | V46: 0 | W46: 0 | X46: 0 | Y46: 0 | Z46: 0 | AA46: 0 | AB46: 0 | AC46: 0
A47: JAKARTA雅加达 | B47: DIFA HERDIANSAH MUNABARI | C47: #N/A | D47: CP_PISANGAN_TIMUR_2 | E47: 0 | F47: 0 | G47: 0 | H47: 0 | I47: 0 | J47: 0 | K47: 0 | L47: 0 | M47: 0 | N47: 0.93 | O47: 0 | P47: 0 | Q47: 0 | R47: 0 | S47: 0 | T47: 0 | U47: 0 | V47: 0 | W47: 0 | X47: 0 | Y47: 0 | Z47: 0 | AA47: 0 | AB47: 0 | AC47: 0
A48: JAKARTA雅加达 | B48: DIFA HERDIANSAH MUNABARI | C48: JKT56F | D48: CP_KAYU_TINGGI_1 | E48: 0 | F48: 0 | G48: 0 | H48: 0 | I48: 0 | J48: 0 | K48: 0 | L48: 0 | M48: 0 | N48: 0.93 | O48: 0 | P48: 0 | Q48: 0 | R48: 0 | S48: 0 | T48: 0 | U48: 0 | V48: 0 | W48: 0 | X48: 0 | Y48: 0 | Z48: 0 | AA48: 0 | AB48: 0 | AC48: 0
A49: JAKARTA雅加达 | B49: DIFA HERDIANSAH MUNABARI | C49: JKT56D | D49: CP_PENGGILINGAN_2 | E49: 0 | F49: 0 | G49: 0 | H49: 0 | I49: 0 | J49: 0 | K49: 0 | L49: 0 | M49: 0 | N49: 0.93 | O49: 0 | P49: 0 | Q49: 0 | R49: 0 | S49: 0 | T49: 0 | U49: 0 | V49: 0 | W49: 0 | X49: 0 | Y49: 0 | Z49: 0 | AA49: 0 | AB49: 0 | AC49: 0
A50: JAKARTA雅加达 | B50: DIFA HERDIANSAH MUNABARI | C50: JKT30E | D50: CP_ANCOL_BARAT_2 | E50: 0 | F50: 0 | G50: 0 | H50: 0 | I50: 0 | J50: 0 | K50: 0 | L50: 0 | M50: 0 | N50: 0.93 | O50: 0 | P50: 0 | Q50: 0 | R50: 0 | S50: 0 | T50: 0 | U50: 0 | V50: 0 | W50: 0 | X50: 0 | Y50: 0 | Z50: 0 | AA50: 0 | AB50: 0 | AC50: 0
A51: JAKARTA雅加达 | B51: DIFA HERDIANSAH MUNABARI | C51: JKT16O | D51: DC_PULO_GADUNG | E51: 0 | F51: 0 | G51: 0 | H51: 0 | I51: 0 | J51: 0 | K51: 0 | L51: 0 | M51: 0 | N51: 0.93 | O51: 0 | P51: 0 | Q51: 0 | R51: 0 | S51: 0 | T51: 0 | U51: 0 | V51: 0 | W51: 0 | X51: 0 | Y51: 0 | Z51: 0 | AA51: 0 | AB51: 0 | AC51: 0
A52: JAKARTA雅加达 | B52: DIFA HERDIANSAH MUNABARI | C52: JKT16Q | D52: PULOGEBANG_01 | E52: 8137 | F52: 7548 | G52: 589 | H52: 14101 | I52: 13100 | J52: 1001 | K52: 13970 | L52: 13403 | M52: 567 | N52: 0.93 | O52: 388093 | P52: 371446 | Q52: 16647 | R52: 0.95710564 | S52: 0.9276146 | T52: 0.92901213 | U52: 0.95941303 | V52: -0.0013975268 | W52: 92400 | X52: 88233 | Y52: 90029 | Z52: 86630 | AA52: 0.9549026 | AB52: 0.9622455 | AC52: -0.0073429013
A53: JAKARTA雅加达 | B53: DIFA HERDIANSAH MUNABARI | C53: JKT57G | D53: CP_PULO_GADUNG | E53: 8538 | F53: 8047 | G53: 491 | H53: 13216 | I53: 12043 | J53: 1173 | K53: 12201 | L53: 11488 | M53: 713 | N53: 0.93 | O53: 349077 | P53: 331611 | Q53: 17466 | R53: 0.94996519 | S53: 0.94249239 | T53: 0.91124395 | U53: 0.94156217 | V53: 0.03124844 | W53: 86258 | X53: 81964 | Y53: 82303 | Z53: 78536 | AA53: 0.95021911 | AB53: 0.9542301 | AC53: -0.0040109909
A54: JAKARTA雅加达 | B54: DIFA HERDIANSAH MUNABARI | C54: JKT10B | D54: ROROTAN | E54: 4397 | F54: 4104 | G54: 293 | H54: 7265 | I54: 6803 | J54: 462 | K54: 7351 | L54: 7014 | M54: 337 | N54: 0.93 | O54: 195879 | P54: 187316 | Q54: 8563 | R54: 0.95628424 | S54: 0.93336366 | T54: 0.93640743 | U54: 0.9541559 | V54: -0.0030437759 | W54: 48286 | X54: 46162 | Y54: 46888 | Z54: 44930 | AA54: 0.95601209 | AB54: 0.95824091 | AC54: -0.0022288199
A55: JAKARTA雅加达 | B55: DIFA HERDIANSAH MUNABARI | C55: JKT51G | D55: CP_UTAN_KAYU | E55: 12 | F55: 12 | G55: 0 | H55: 12 | I55: 12 | J55: 0 | K55: 9 | L55: 9 | M55: 0 | N55: 0.93 | O55: 602 | P55: 594 | Q55: 8 | R55: 0.98671096 | S55: 1 | T55: 1 | U55: 1 | V55: 0 | W55: 133 | X55: 132 | Y55: 168 | Z55: 164 | AA55: 0.9924812 | AB55: 0.97619048 | AC55: 0.016290727
A56: JAKARTA雅加达 | B56: DIFA HERDIANSAH MUNABARI | C56: JKT16P | D56: DC_CAKUNG | E56: 6494 | F56: 6136 | G56: 358 | H56: 11462 | I56: 10843 | J56: 619 | K56: 11202 | L56: 10752 | M56: 450 | N56: 0.93 | O56: 314173 | P56: 305060 | Q56: 9113 | R56: 0.97099369 | S56: 0.94487219 | T56: 0.94599546 | U56: 0.9598286 | V56: -0.0011232736 | W56: 73784 | X56: 71283 | Y56: 72422 | Z56: 70328 | AA56: 0.96610376 | AB56: 0.97108613 | AC56: -0.0049823717
A57: JAKARTA雅加达 | B57: DIFA HERDIANSAH MUNABARI | C57: JKT16R | D57: DC_UJUNG_MENTENG | E57: 2734 | F57: 2638 | G57: 96 | H57: 4975 | I57: 4739 | J57: 236 | K57: 4335 | L57: 4183 | M57: 152 | N57: 0.93 | O57: 134100 | P57: 130270 | Q57: 3830 | R57: 0.97143922 | S57: 0.96488661 | T57: 0.95256281 | U57: 0.96493656 | V57: 0.012323799 | W57: 31211 | X57: 30270 | Y57: 32153 | Z57: 31247 | AA57: 0.96985037 | AB57: 0.97182222 | AC57: -0.0019718517
A58: JAKARTA雅加达 | B58: DIFA HERDIANSAH MUNABARI | C58: JKT10H | D58: KALIBARU_01 | E58: 5437 | F58: 5204 | G58: 233 | H58: 9900 | I58: 9485 | J58: 415 | K58: 9774 | L58: 9463 | M58: 311 | N58: 0.93 | O58: 265828 | P58: 258809 | Q58: 7019 | R58: 0.97359571 | S58: 0.95714548 | T58: 0.95808081 | U58: 0.96818089 | V58: -0.00093532344 | W58: 64443 | X58: 62475 | Y58: 64333 | Z58: 62638 | AA58: 0.96946138 | AB58: 0.97365271 | AC58: -0.0041913287
A59: JAKARTA雅加达 | B59: I MADE DWI PU DJAWARDANA | C59: JKT02R | D59: DC_SRENGSENG | E59: 0 | F59: 0 | G59: 0 | H59: 0 | I59: 0 | J59: 0 | K59: 0 | L59: 0 | M59: 0 | N59: 0.93 | O59: 0 | P59: 0 | Q59: 0 | R59: 0 | S59: 0 | T59: 0 | U59: 0 | V59: 0 | W59: 0 | X59: 0 | Y59: 0 | Z59: 0 | AA59: 0 | AB59: 0 | AC59: 0
... A706: SEMARANG三宝垄 | B706: RENDI | C706: TNU11 | D706: PRINGSURAT_TIMUR | E706: 1110 | F706: 1071 | G706: 39 | H706: 1409 | I706: 1361 | J706: 48 | K706: 1269 | L706: 1246 | M706: 23 | N706: 0.93 | O706: 39279 | P706: 38273 | Q706: 1006 | R706: 0.97438835 | S706: 0.96486486 | T706: 0.96593329 | U706: 0.98187549 | V706: -0.0010684212 | W706: 8967 | X706: 8773 | Y706: 9556 | Z706: 9294 | AA706: 0.97836512 | AB706: 0.97258267 | AC706: 0.005782446
A707: SEMARANG三宝垄 | B707: - | C707: #N/A | D707: BLORA | E707: 0 | F707: 0 | G707: 0 | H707: 0 | I707: 0 | J707: 0 | K707: 0 | L707: 0 | M707: 0 | N707: 0.93 | O707: 0 | P707: 0 | Q707: 0 | R707: 0 | S707: 0 | T707: 0 | U707: 0 | V707: 0 | W707: 0 | X707: 0 | Y707: 0 | Z707: 0 | AA707: 0 | AB707: 0 | AC707: 0
A708: SEMARANG三宝垄 | B708: QOMAR | C708: BOL02 | D708: NGAWEN | E708: 2643 | F708: 2590 | G708: 53 | H708: 2715 | I708: 2661 | J708: 54 | K708: 2528 | L708: 2474 | M708: 54 | N708: 0.93 | O708: 74826 | P708: 73317 | Q708: 1509 | R708: 0.97983321 | S708: 0.97994703 | T708: 0.9801105 | U708: 0.97863924 | V708: -0.00016346735 | W708: 18095 | X708: 17737 | Y708: 18106 | Z708: 17735 | AA708: 0.98021553 | AB708: 0.97950955 | AC708: 0.00070597431
A709: SEMARANG三宝垄 | B709: QOMAR | C709: BOL04 | D709: JEPON | E709: 2568 | F709: 2472 | G709: 96 | H709: 2729 | I709: 2616 | J709: 113 | K709: 2465 | L709: 2379 | M709: 86 | N709: 0.93 | O709: 76533 | P709: 74058 | Q709: 2475 | R709: 0.96766101 | S709: 0.96261682 | T709: 0.95859289 | U709: 0.96511156 | V709: 0.0040239313 | W709: 18127 | X709: 17523 | Y709: 17923 | Z709: 17311 | AA709: 0.96667954 | AB709: 0.96585393 | AC709: 0.00082560811
A710: SEMARANG三宝垄 | B710: QOMAR | C710: BOL05 | D710: KUNDURAN | E710: 4383 | F710: 4210 | G710: 173 | H710: 4715 | I710: 4471 | J710: 244 | K710: 4577 | L710: 4428 | M710: 149 | N710: 0.93 | O710: 130485 | P710: 126072 | Q710: 4413 | R710: 0.96618002 | S710: 0.96052932 | T710: 0.94825027 | U710: 0.96744593 | V710: 0.012279053 | W710: 31473 | X710: 30331 | Y710: 31886 | Z710: 30850 | AA710: 0.96371493 | AB710: 0.96750925 | AC710: -0.0037943215
A711: SEMARANG三宝垄 | B711: QOMAR | C711: CEU01 | D711: CEPU | E711: 2869 | F711: 2735 | G711: 134 | H711: 2980 | I711: 2801 | J711: 179 | K711: 2893 | L711: 2778 | M711: 115 | N711: 0.93 | O711: 84208 | P711: 80497 | Q711: 3711 | R711: 0.95593055 | S711: 0.95329383 | T711: 0.93993289 | U711: 0.96024888 | V711: 0.013360945 | W711: 20018 | X711: 19198 | Y711: 20075 | Z711: 19284 | AA711: 0.95903687 | AB711: 0.96059776 | AC711: -0.0015608916
A712: SEMARANG三宝垄 | B712: QOMAR | C712: CEU02 | D712: RANDUBLATUNG | E712: 2071 | F712: 1993 | G712: 78 | H712: 2152 | I712: 2069 | J712: 83 | K712: 1955 | L712: 1899 | M712: 56 | N712: 0.93 | O712: 62083 | P712: 60246 | Q712: 1837 | R712: 0.97041058 | S712: 0.96233704 | T712: 0.96143123 | U712: 0.9713555 | V712: 0.00090580848 | W712: 14350 | X712: 13898 | Y712: 14812 | Z712: 14402 | AA712: 0.96850174 | AB712: 0.97231974 | AC712: -0.0038179986
A713: SEMARANG三宝垄 | B713: QOMAR | C713: BOL06 | D713: KEDUNGTUBAN | E713: 2405 | F713: 2377 | G713: 28 | H713: 2533 | I713: 2503 | J713: 30 | K713: 2385 | L713: 2358 | M713: 27 | N713: 0.93 | O713: 71148 | P713: 70334 | Q713: 814 | R713: 0.98855906 | S713: 0.98835759 | T713: 0.98815634 | U713: 0.98867925 | V713: 0.000201252 | W713: 16976 | X713: 16791 | Y713: 17067 | Z713: 16878 | AA713: 0.98910226 | AB713: 0.988926 | AC713: 0.00017626448
A714: SEMARANG三宝垄 | B714: QOMAR | C714: BOL07 | D714: TUNJUNGAN | E714: 6476 | F714: 6129 | G714: 347 | H714: 6691 | I714: 6250 | J714: 441 | K714: 6553 | L714: 6245 | M714: 308 | N714: 0.93 | O714: 190973 | P714: 182988 | Q714: 7985 | R714: 0.95818781 | S714: 0.94641754 | T714: 0.93409057 | U714: 0.95299863 | V714: 0.012326972 | W714: 45712 | X714: 43599 | Y714: 45356 | Z714: 43441 | AA714: 0.95377581 | AB714: 0.95777846 | AC714: -0.0040026499
A715: SEMARANG三宝垄 | B715: QOMAR | C715: BOL08 | D715: JATI_BLORA | E715: 1545 | F715: 1433 | G715: 112 | H715: 1459 | I715: 1387 | J715: 72 | K715: 1298 | L715: 1250 | M715: 48 | N715: 0.93 | O715: 41705 | P715: 39961 | Q715: 1744 | R715: 0.95818247 | S715: 0.92750809 | T715: 0.95065113 | U715: 0.96302003 | V715: -0.02314304 | W715: 10119 | X715: 9697 | Y715: 10113 | Z715: 9732 | AA715: 0.95829627 | AB715: 0.96232572 | AC715: -0.004029445
A716: SEMARANG三宝垄 | B716: QOMAR | C716: BOL09 | D716: SAMBONG | E716: 1929 | F716: 1812 | G716: 117 | H716: 2001 | I716: 1877 | J716: 124 | K716: 1860 | L716: 1755 | M716: 105 | N716: 0.93 | O716: 56380 | P716: 53454 | Q716: 2926 | R716: 0.94810216 | S716: 0.93934681 | T716: 0.93803098 | U716: 0.94354839 | V716: 0.0013158273 | W716: 12967 | X716: 12212 | Y716: 13297 | Z716: 12633 | AA716: 0.94177528 | AB716: 0.95006392 | AC716: -0.0082886485
A717: SEMARANG三宝垄 | B717: EDDIE | C717: UNG07 | D717: SUMOWONO | E717: 2205 | F717: 2058 | G717: 147 | H717: 2531 | I717: 2363 | J717: 168 | K717: 2329 | L717: 2210 | M717: 119 | N717: 0.93 | O717: 74005 | P717: 70800 | Q717: 3205 | R717: 0.95669212 | S717: 0.93333333 | T717: 0.93362307 | U717: 0.94890511 | V717: -0.00028974055 | W717: 17145 | X717: 16290 | Y717: 17810 | Z717: 17012 | AA717: 0.95013123 | AB717: 0.95519371 | AC717: -0.0050624778
A718: SEMARANG三宝垄 | B718: EDDIE | C718: AMB01 | D718: AMBARAWA | E718: 1375 | F718: 1297 | G718: 78 | H718: 1541 | I718: 1451 | J718: 90 | K718: 1376 | L718: 1317 | M718: 59 | N718: 0.93 | O718: 47130 | P718: 45526 | Q718: 1604 | R718: 0.96596648 | S718: 0.94327273 | T718: 0.94159637 | U718: 0.95712209 | V718: 0.0016763613 | W718: 10400 | X718: 9991 | Y718: 11172 | Z718: 10808 | AA718: 0.96067308 | AB718: 0.96741855 | AC718: -0.0067454694
A719: SEMARANG三宝垄 | B719: EDDIE | C719: UNG01 | D719: UNGARAN | E719: 3035 | F719: 2865 | G719: 170 | H719: 3638 | I719: 3339 | J719: 299 | K719: 3403 | L719: 3240 | M719: 163 | N719: 0.93 | O719: 99525 | P719: 95584 | Q719: 3941 | R719: 0.96040191 | S719: 0.94398682 | T719: 0.91781198 | U719: 0.95210109 | V719: 0.026174836 | W719: 23700 | X719: 22633 | Y719: 23420 | Z719: 22490 | AA719: 0.9549789 | AB719: 0.96029035 | AC719: -0.0053114472
... A931: SEMARANG三宝垄 | B931: EDDIE | C931: SRG37 | D931: PANGGUNG_LOR | E931: 20 | F931: 20 | G931: 0 | H931: 10 | I931: 10 | J931: 0 | K931: 9 | L931: 9 | M931: 0 | N931: 0.93 | O931: 148 | P931: 148 | Q931: 0 | R931: 1 | S931: 1 | T931: 1 | U931: 1 | V931: 0 | W931: 76 | X931: 76 | Y931: 42 | Z931: 42 | AA931: 1 | AB931: 1 | AC931: 0
A932: SEMARANG三宝垄 | B932: - | C932: #N/A | D932: PUDAKPAYUNG | E932: 0 | F932: 0 | G932: 0 | H932: 0 | I932: 0 | J932: 0 | K932: 0 | L932: 0 | M932: 0 | N932: 0.93 | O932: 0 | P932: 0 | Q932: 0 | R932: 0 | S932: 0 | T932: 0 | U932: 0 | V932: 0 | W932: 0 | X932: 0 | Y932: 0 | Z932: 0 | AA932: 0 | AB932: 0 | AC932: 0
A933: SEMARANG三宝垄 | B933: - | C933: #N/A | D933: TEMBALANG | E933: 0 | F933: 0 | G933: 0 | H933: 0 | I933: 0 | J933: 0 | K933: 0 | L933: 0 | M933: 0 | N933: 0.93 | O933: 0 | P933: 0 | Q933: 0 | R933: 0 | S933: 0 | T933: 0 | U933: 0 | V933: 0 | W933: 0 | X933: 0 | Y933: 0 | Z933: 0 | AA933: 0 | AB933: 0 | AC933: 0
A934: SEMARANG三宝垄 | B934: - | C934: #N/A | D934: BUGANGAN | E934: 0 | F934: 0 | G934: 0 | H934: 0 | I934: 0 | J934: 0 | K934: 0 | L934: 0 | M934: 0 | N934: 0.93 | O934: 0 | P934: 0 | Q934: 0 | R934: 0 | S934: 0 | T934: 0 | U934: 0 | V934: 0 | W934: 0 | X934: 0 | Y934: 0 | Z934: 0 | AA934: 0 | AB934: 0 | AC934: 0
A935: SEMARANG三宝垄 | B935: KUKUH BARAT | C935: TGL03 | D935: DEBONG | E935: 0 | F935: 0 | G935: 0 | H935: 0 | I935: 0 | J935: 0 | K935: 0 | L935: 0 | M935: 0 | N935: 0.93 | O935: 0 | P935: 0 | Q935: 0 | R935: 0 | S935: 0 | T935: 0 | U935: 0 | V935: 0 | W935: 0 | X935: 0 | Y935: 0 | Z935: 0 | AA935: 0 | AB935: 0 | AC935: 0
A936: YOGYAKARTA日惹 | B936: AGUS SULAEMAN | C936: BTL01 | D936: BANTUL | E936: 1489 | F936: 1425 | G936: 64 | H936: 1394 | I936: 1337 | J936: 57 | K936: 1343 | L936: 1304 | M936: 39 | N936: 0.93 | O936: 37792 | P936: 36676 | Q936: 1116 | R936: 0.97046994 | S936: 0.95701813 | T936: 0.95911047 | U936: 0.97096054 | V936: -0.0020923405 | W936: 9745 | X936: 9437 | Y936: 9243 | Z936: 8983 | AA936: 0.96839405 | AB936: 0.9718706 | AC936: -0.0034765566
A937: YOGYAKARTA日惹 | B937: AGUS SULAEMAN | C937: BTL03 | D937: KASIHAN | E937: 5128 | F937: 4503 | G937: 625 | H937: 4407 | I937: 3817 | J937: 590 | K937: 4889 | L937: 4517 | M937: 372 | N937: 0.93 | O937: 140070 | P937: 130350 | Q937: 9720 | R937: 0.93060613 | S937: 0.87812012 | T937: 0.86612208 | U937: 0.92391082 | V937: 0.011998046 | W937: 34421 | X937: 31507 | Y937: 33342 | Z937: 31315 | AA937: 0.91534238 | AB937: 0.93920581 | AC937: -0.023863428
A938: YOGYAKARTA日惹 | B938: AGUS SULAEMAN | C938: BTL04 | D938: SEWON | E938: 3648 | F938: 3442 | G938: 206 | H938: 3183 | I938: 2822 | J938: 361 | K938: 3431 | L938: 3267 | M938: 164 | N938: 0.93 | O938: 96876 | P938: 91522 | Q938: 5354 | R938: 0.94473347 | S938: 0.9435307 | T938: 0.88658498 | U938: 0.95220052 | V938: 0.056945719 | W938: 23893 | X938: 22591 | Y938: 22724 | Z938: 21535 | AA938: 0.94550705 | AB938: 0.94767647 | AC938: -0.0021694131
A939: YOGYAKARTA日惹 | B939: AGUS SULAEMAN | C939: BTL06 | D939: DIRO | E939: 4118 | F939: 3967 | G939: 151 | H939: 3768 | I939: 3646 | J939: 122 | K939: 4154 | L939: 4059 | M939: 95 | N939: 0.93 | O939: 93794 | P939: 90926 | Q939: 2868 | R939: 0.96942235 | S939: 0.96333171 | T939: 0.96762208 | U939: 0.97713048 | V939: -0.0042903663 | W939: 27136 | X939: 26356 | Y939: 22376 | Z939: 21698 | AA939: 0.9712559 | AB939: 0.96969968 | AC939: 0.001556218
A940: YOGYAKARTA日惹 | B940: AGUS SULAEMAN | C940: BTL08 | D940: GOSE | E940: 3030 | F940: 2848 | G940: 182 | H940: 2948 | I940: 2811 | J940: 137 | K940: 3144 | L940: 2937 | M940: 207 | N940: 0.93 | O940: 88632 | P940: 85949 | Q940: 2683 | R940: 0.96972877 | S940: 0.93993399 | T940: 0.95352782 | U940: 0.93416031 | V940: -0.013593822 | W940: 21786 | X940: 20823 | Y940: 20672 | Z940: 20189 | AA940: 0.9557973 | AB940: 0.97663506 | AC940: -0.020837761
A941: YOGYAKARTA日惹 | B941: AGUS SULAEMAN | C941: BTL10 | D941: PERWITA | E941: 1 | F941: 1 | G941: 0 | H941: 0 | I941: 0 | J941: 0 | K941: 0 | L941: 0 | M941: 0 | N941: 0.93 | O941: 11 | P941: 11 | Q941: 0 | R941: 1 | S941: 1 | T941: 0 | U941: 0 | V941: 1 | W941: 3 | X941: 3 | Y941: 2 | Z941: 2 | AA941: 1 | AB941: 1 | AC941: 0
A942: YOGYAKARTA日惹 | B942: AGUS SULAEMAN | C942: BTL11A | D942: TAMANAN | E942: 4470 | F942: 4034 | G942: 436 | H942: 4148 | I942: 3411 | J942: 737 | K942: 4143 | L942: 3633 | M942: 510 | N942: 0.93 | O942: 118150 | P942: 107076 | Q942: 11074 | R942: 0.90627169 | S942: 0.90246085 | T942: 0.82232401 | U942: 0.8769008 | V942: 0.080136839 | W942: 29085 | X942: 26284 | Y942: 27285 | Z942: 24717 | AA942: 0.90369606 | AB942: 0.90588235 | AC942: -0.0021862897
A943: YOGYAKARTA日惹 | B943: AGUS SULAEMAN | C943: BTL11B | D943: WONOCATUR | E943: 0 | F943: 0 | G943: 0 | H943: 0 | I943: 0 | J943: 0 | K943: 0 | L943: 0 | M943: 0 | N943: 0.93 | O943: 1 | P943: 1 | Q943: 0 | R943: 1 | S943: 0 | T943: 0 | U943: 0 | V943: 0 | W943: 0 | X943: 0 | Y943: 0 | Z943: 0 | AA943: 0 | AB943: 0 | AC943: 0
A944: YOGYAKARTA日惹 | B944: AGUS SULAEMAN | C944: BTL12A | D944: SITIMULYO | E944: 2259 | F944: 2144 | G944: 115 | H944: 2148 | I944: 1964 | J944: 184 | K944: 2088 | L944: 2002 | M944: 86 | N944: 0.93 | O944: 60893 | P944: 57676 | Q944: 3217 | R944: 0.94716963 | S944: 0.94909252 | T944: 0.91433892 | U944: 0.95881226 | V944: 0.034753599 | W944: 15258 | X944: 14494 | Y944: 14706 | Z944: 14017 | AA944: 0.94992791 | AB944: 0.95314837 | AC944: -0.0032204681
A945: YOGYAKARTA日惹 | B945: IMAM ARIEF BUDI SANTOSO | C945: BYL01 | D945: BOYOLALI | E945: 0 | F945: 0 | G945: 0 | H945: 0 | I945: 0 | J945: 0 | K945: 0 | L945: 0 | M945: 0 | N945: 0.93 | O945: 1 | P945: 0 | Q945: 1 | R945: 0 | S945: 0 | T945: 0 | U945: 0 | V945: 0 | W945: 0 | X945: 0 | Y945: 1 | Z945: 0 | AA945: 0 | AB945: 0 | AC945: 0
A946: YOGYAKARTA日惹 | B946: IMAM ARIEF BUDI SANTOSO | C946: BYL02 | D946: TERAS | E946: 2536 | F946: 2407 | G946: 129 | H946: 4012 | I946: 3565 | J946: 447 | K946: 2094 | L946: 2006 | M946: 88 | N946: 0.93 | O946: 74205 | P946: 68349 | Q946: 5856 | R946: 0.92108348 | S946: 0.94913249 | T946: 0.88858425 | U946: 0.95797517 | V946: 0.060548245 | W946: 17335 | X946: 16292 | Y946: 16169 | Z946: 14901 | AA946: 0.93983271 | AB946: 0.92157833 | AC946: 0.018254379
... A1586: BALI巴厘 | B1586: I Nyoman Andika Indrananta,S.E.,M.M | C1586: SGA15 | D1586: SUKASADA | E1586: 2949 | F1586: 2759 | G1586: 190 | H1586: 3463 | I1586: 3277 | J1586: 186 | K1586: 2938 | L1586: 2779 | M1586: 159 | N1586: 0.93 | O1586: 93247 | P1586: 90240 | Q1586: 3007 | R1586: 0.96775231 | S1586: 0.93557138 | T1586: 0.94628934 | U1586: 0.94588155 | V1586: -0.010717964 | W1586: 22642 | X1586: 21720 | Y1586: 22905 | Z1586: 22254 | AA1586: 0.95927922 | AB1586: 0.97157826 | AC1586: -0.012299042
A1587: BALI巴厘 | B1587: I Nyoman Andika Indrananta,S.E.,M.M | C1587: #N/A | D1587: CP_SANGSIT | E1587: 0 | F1587: 0 | G1587: 0 | H1587: 0 | I1587: 0 | J1587: 0 | K1587: 0 | L1587: 0 | M1587: 0 | N1587: 0.93 | O1587: 0 | P1587: 0 | Q1587: 0 | R1587: 0 | S1587: 0 | T1587: 0 | U1587: 0 | V1587: 0 | W1587: 0 | X1587: 0 | Y1587: 0 | Z1587: 0 | AA1587: 0 | AB1587: 0 | AC1587: 0
A1588: BALI巴厘 | B1588: Blue | C1588: PYW06 | D1588: PENGADANG | E1588: 1484 | F1588: 1316 | G1588: 168 | H1588: 1659 | I1588: 1457 | J1588: 202 | K1588: 1978 | L1588: 1784 | M1588: 194 | N1588: 0.93 | O1588: 45710 | P1588: 41373 | Q1588: 4337 | R1588: 0.90511923 | S1588: 0.88679245 | T1588: 0.8782399 | U1588: 0.90192113 | V1588: 0.0085525493 | W1588: 11132 | X1588: 9949 | Y1588: 11540 | Z1588: 10612 | AA1588: 0.89372979 | AB1588: 0.91958406 | AC1588: -0.025854267
A1589: BALI巴厘 | B1589: Hujjatul Islam | C1589: DPU03 | D1589: WOJA | E1589: 673 | F1589: 621 | G1589: 52 | H1589: 1489 | I1589: 1263 | J1589: 226 | K1589: 1115 | L1589: 984 | M1589: 131 | N1589: 0.93 | O1589: 32399 | P1589: 29369 | Q1589: 3030 | R1589: 0.9064786 | S1589: 0.92273403 | T1589: 0.84822028 | U1589: 0.88251121 | V1589: 0.074513745 | W1589: 8284 | X1589: 7226 | Y1589: 8038 | Z1589: 7218 | AA1589: 0.87228392 | AB1589: 0.89798457 | AC1589: -0.025700652
A1590: BALI巴厘 | B1590: Blue | C1590: SLO06 | D1590: PRINGGABAYA | E1590: 3296 | F1590: 3114 | G1590: 182 | H1590: 4069 | I1590: 3845 | J1590: 224 | K1590: 2493 | L1590: 2405 | M1590: 88 | N1590: 0.93 | O1590: 96822 | P1590: 93051 | Q1590: 3771 | R1590: 0.96105224 | S1590: 0.94478155 | T1590: 0.94494962 | U1590: 0.96470116 | V1590: -0.00016806567 | W1590: 24107 | X1590: 23133 | Y1590: 25079 | Z1590: 24114 | AA1590: 0.9595968 | AB1590: 0.96152159 | AC1590: -0.0019247942
A1591: BALI巴厘 | B1591: Blue | C1591: SLO09 | D1591: KERUAK | E1591: 2376 | F1591: 2302 | G1591: 74 | H1591: 2559 | I1591: 2456 | J1591: 103 | K1591: 1823 | L1591: 1803 | M1591: 20 | N1591: 0.93 | O1591: 61091 | P1591: 59116 | Q1591: 1975 | R1591: 0.96767118 | S1591: 0.96885522 | T1591: 0.9597499 | U1591: 0.98902907 | V1591: 0.0091053165 | W1591: 16116 | X1591: 15506 | Y1591: 16230 | Z1591: 15733 | AA1591: 0.96214942 | AB1591: 0.9693777 | AC1591: -0.0072282789
A1592: BALI巴厘 | B1592: I Nyoman Andika Indrananta,S.E.,M.M | C1592: BNL04 | D1592: TEMBUKU | E1592: 1140 | F1592: 963 | G1592: 177 | H1592: 1366 | I1592: 1197 | J1592: 169 | K1592: 1511 | L1592: 1314 | M1592: 197 | N1592: 0.93 | O1592: 40636 | P1592: 36180 | Q1592: 4456 | R1592: 0.89034354 | S1592: 0.84473684 | T1592: 0.87628111 | U1592: 0.86962277 | V1592: -0.031544271 | W1592: 9859 | X1592: 8743 | Y1592: 9838 | Z1592: 8777 | AA1592: 0.88680394 | AB1592: 0.89215288 | AC1592: -0.0053489411
A1593: BALI巴厘 | B1593: Hujjatul Islam | C1593: SWW09 | D1593: MOYO | E1593: 1072 | F1593: 738 | G1593: 334 | H1593: 943 | I1593: 703 | J1593: 240 | K1593: 813 | L1593: 649 | M1593: 164 | N1593: 0.93 | O1593: 24846 | P1593: 15344 | Q1593: 9502 | R1593: 0.6175642 | S1593: 0.68843284 | T1593: 0.74549311 | U1593: 0.79827798 | V1593: -0.057060271 | W1593: 6378 | X1593: 4843 | Y1593: 6146 | Z1593: 3898 | AA1593: 0.75932894 | AB1593: 0.63423365 | AC1593: 0.1250953
A1594: BALI巴厘 | B1594: Hujjatul Islam | C1594: WHO05 | D1594: MONTA | E1594: 252 | F1594: 235 | G1594: 17 | H1594: 2048 | I1594: 1525 | J1594: 523 | K1594: 1306 | L1594: 1046 | M1594: 260 | N1594: 0.93 | O1594: 40723 | P1594: 32958 | Q1594: 7765 | R1594: 0.80932151 | S1594: 0.93253968 | T1594: 0.74462891 | U1594: 0.80091884 | V1594: 0.18791078 | W1594: 10229 | X1594: 8012 | Y1594: 10705 | Z1594: 8763 | AA1594: 0.78326327 | AB1594: 0.81858944 | AC1594: -0.035326173
A1595: BALI巴厘 | B1595: Hujjatul Islam | C1595: SWW08 | D1595: LUNYUK | E1595: 999 | F1595: 874 | G1595: 125 | H1595: 99 | I1595: 84 | J1595: 15 | K1595: 772 | L1595: 531 | M1595: 241 | N1595: 0.93 | O1595: 22475 | P1595: 18210 | Q1595: 4265 | R1595: 0.81023359 | S1595: 0.87487487 | T1595: 0.84848485 | U1595: 0.68782383 | V1595: 0.026390026 | W1595: 5670 | X1595: 4056 | Y1595: 5106 | Z1595: 3182 | AA1595: 0.71534392 | AB1595: 0.62318841 | AC1595: 0.09215551
A1596: BALI巴厘 | B1596: Hujjatul Islam | C1596: TAW04 | D1596: BRANG_REA | E1596: 1607 | F1596: 1583 | G1596: 24 | H1596: 12 | I1596: 11 | J1596: 1 | K1596: 878 | L1596: 874 | M1596: 4 | N1596: 0.93 | O1596: 23072 | P1596: 22649 | Q1596: 423 | R1596: 0.98166609 | S1596: 0.98506534 | T1596: 0.91666667 | U1596: 0.99544419 | V1596: 0.068398672 | W1596: 6431 | X1596: 6098 | Y1596: 5263 | Z1596: 5220 | AA1596: 0.94821956 | AB1596: 0.99182975 | AC1596: -0.043610193
A1597: BALI巴厘 | B1597: Hujjatul Islam | C1597: BMU03 | D1597: MPUNDA | E1597: 1586 | F1597: 1112 | G1597: 474 | H1597: 1401 | I1597: 858 | J1597: 543 | K1597: 1306 | L1597: 916 | M1597: 390 | N1597: 0.93 | O1597: 33945 | P1597: 24339 | Q1597: 9606 | R1597: 0.71701281 | S1597: 0.70113493 | T1597: 0.6124197 | U1597: 0.70137825 | V1597: 0.08871523 | W1597: 9130 | X1597: 6378 | Y1597: 8272 | Z1597: 5528 | AA1597: 0.69857612 | AB1597: 0.66827853 | AC1597: 0.030297593
A1598: BALI巴厘 | B1598: Blue | C1598: SLO05 | D1598: REMPUNG | E1598: 2005 | F1598: 1957 | G1598: 48 | H1598: 2208 | I1598: 2170 | J1598: 38 | K1598: 1415 | L1598: 1402 | M1598: 13 | N1598: 0.93 | O1598: 57044 | P1598: 56268 | Q1598: 776 | R1598: 0.98639647 | S1598: 0.97605985 | T1598: 0.98278986 | U1598: 0.99081272 | V1598: -0.0067300047 | W1598: 13957 | X1598: 13773 | Y1598: 15215 | Z1598: 15021 | AA1598: 0.98681665 | AB1598: 0.98724942 | AC1598: -0.00043277377
A1599: BALI巴厘 | B1599: I Nyoman Andika Indrananta,S.E.,M.M | C1599: KKL04 | D1599: BANJARANGKAN | E1599: 1444 | F1599: 1418 | G1599: 26 | H1599: 1287 | I1599: 1262 | J1599: 25 | K1599: 1398 | L1599: 1383 | M1599: 15 | N1599: 0.93 | O1599: 39221 | P1599: 38591 | Q1599: 630 | R1599: 0.98393718 | S1599: 0.98199446 | T1599: 0.98057498 | U1599: 0.98927039 | V1599: 0.0014194793 | W1599: 9821 | X1599: 9712 | Y1599: 9411 | Z1599: 9183 | AA1599: 0.98890133 | AB1599: 0.97577303 | AC1599: 0.013128302
... A1687: BALI巴厘 | B1687: Ika Elfiera Sinaga | C1687: DPS84 | D1687: PADANG_UDAYANA | E1687: 2830 | F1687: 2742 | G1687: 88 | H1687: 2957 | I1687: 2781 | J1687: 176 | K1687: 2968 | L1687: 2880 | M1687: 88 | N1687: 0.93 | O1687: 87548 | P1687: 84368 | Q1687: 3180 | R1687: 0.96367707 | S1687: 0.96890459 | T1687: 0.94048022 | U1687: 0.9703504 | V1687: 0.028424377 | W1687: 20904 | X1687: 20169 | Y1687: 21748 | Z1687: 21100 | AA1687: 0.96483927 | AB1687: 0.97020416 | AC1687: -0.0053648915
A1688: BALI巴厘 | B1688: Ika Elfiera Sinaga | C1688: #N/A | D1688: CP_PEMECUTAN_KAJA | E1688: 0 | F1688: 0 | G1688: 0 | H1688: 0 | I1688: 0 | J1688: 0 | K1688: 0 | L1688: 0 | M1688: 0 | N1688: 0.93 | O1688: 0 | P1688: 0 | Q1688: 0 | R1688: 0 | S1688: 0 | T1688: 0 | U1688: 0 | V1688: 0 | W1688: 0 | X1688: 0 | Y1688: 0 | Z1688: 0 | AA1688: 0 | AB1688: 0 | AC1688: 0
A1689: BALI巴厘 | B1689: Ika Elfiera Sinaga | C1689: #N/A | D1689: KALIMUTU | E1689: 0 | F1689: 0 | G1689: 0 | H1689: 0 | I1689: 0 | J1689: 0 | K1689: 0 | L1689: 0 | M1689: 0 | N1689: 0.93 | O1689: 0 | P1689: 0 | Q1689: 0 | R1689: 0 | S1689: 0 | T1689: 0 | U1689: 0 | V1689: 0 | W1689: 0 | X1689: 0 | Y1689: 0 | Z1689: 0 | AA1689: 0 | AB1689: 0 | AC1689: 0
A1690: BALI巴厘 | B1690: Ida I Dewa Agung Santawya | C1690: MGW25 | D1690: CP_SEMER | E1690: 0 | F1690: 0 | G1690: 0 | H1690: 0 | I1690: 0 | J1690: 0 | K1690: 0 | L1690: 0 | M1690: 0 | N1690: 0.93 | O1690: 0 | P1690: 0 | Q1690: 0 | R1690: 0 | S1690: 0 | T1690: 0 | U1690: 0 | V1690: 0 | W1690: 0 | X1690: 0 | Y1690: 0 | Z1690: 0 | AA1690: 0 | AB1690: 0 | AC1690: 0
A1691: BALI巴厘 | B1691: Ika Elfiera Sinaga | C1691: DPS31 | D1691: KARTINI | E1691: 1936 | F1691: 1763 | G1691: 173 | H1691: 1393 | I1691: 1259 | J1691: 134 | K1691: 2376 | L1691: 2233 | M1691: 143 | N1691: 0.93 | O1691: 76990 | P1691: 72572 | Q1691: 4418 | R1691: 0.94261592 | S1691: 0.9106405 | T1691: 0.90380474 | U1691: 0.93981481 | V1691: 0.0068357579 | W1691: 15868 | X1691: 14936 | Y1691: 18937 | Z1691: 17812 | AA1691: 0.94126544 | AB1691: 0.94059249 | AC1691: 0.00067294899
A1692: BALI巴厘 | B1692: Ika Elfiera Sinaga | C1692: DPS41 | D1692: DENPASAR_BARAT2 | E1692: 0 | F1692: 0 | G1692: 0 | H1692: 0 | I1692: 0 | J1692: 0 | K1692: 0 | L1692: 0 | M1692: 0 | N1692: 0.93 | O1692: 0 | P1692: 0 | Q1692: 0 | R1692: 0 | S1692: 0 | T1692: 0 | U1692: 0 | V1692: 0 | W1692: 0 | X1692: 0 | Y1692: 0 | Z1692: 0 | AA1692: 0 | AB1692: 0 | AC1692: 0
A1693: BALI巴厘 | B1693: Komang Astra Putra Gunawan | C1693: MGW23 | D1693: ULUWATU1 | E1693: 3542 | F1693: 3160 | G1693: 382 | H1693: 3932 | I1693: 3387 | J1693: 545 | K1693: 3554 | L1693: 3178 | M1693: 376 | N1693: 0.93 | O1693: 113737 | P1693: 102766 | Q1693: 10971 | R1693: 0.90354062 | S1693: 0.89215133 | T1693: 0.86139369 | U1693: 0.89420371 | V1693: 0.030757634 | W1693: 26354 | X1693: 23693 | Y1693: 28235 | Z1693: 25767 | AA1693: 0.89902861 | AB1693: 0.91259076 | AC1693: -0.013562146
A1694: BALI巴厘 | B1694: Ika Elfiera Sinaga | C1694: DPS42 | D1694: DC_DENPASAR_BARAT | E1694: 2243 | F1694: 2135 | G1694: 108 | H1694: 2480 | I1694: 2316 | J1694: 164 | K1694: 2487 | L1694: 2400 | M1694: 87 | N1694: 0.93 | O1694: 71971 | P1694: 69704 | Q1694: 2267 | R1694: 0.9685012 | S1694: 0.9518502 | T1694: 0.93387097 | U1694: 0.96501809 | V1694: 0.017979233 | W1694: 16918 | X1694: 16221 | Y1694: 17846 | Z1694: 17338 | AA1694: 0.95880128 | AB1694: 0.97153424 | AC1694: -0.012732961
A1695: BALI巴厘 | B1695: Ika Elfiera Sinaga | C1695: DPS37 | D1695: SOPUTAN | E1695: 0 | F1695: 0 | G1695: 0 | H1695: 0 | I1695: 0 | J1695: 0 | K1695: 0 | L1695: 0 | M1695: 0 | N1695: 0.93 | O1695: 0 | P1695: 0 | Q1695: 0 | R1695: 0 | S1695: 0 | T1695: 0 | U1695: 0 | V1695: 0 | W1695: 0 | X1695: 0 | Y1695: 0 | Z1695: 0 | AA1695: 0 | AB1695: 0 | AC1695: 0
A1696: BALI巴厘 | B1696: Ika Elfiera Sinaga | C1696: DPS01 | D1696: DENPASAR | E1696: 23 | F1696: 0 | G1696: 23 | H1696: 1 | I1696: 0 | J1696: 1 | K1696: 4 | L1696: 4 | M1696: 0 | N1696: 0.93 | O1696: 30 | P1696: 6 | Q1696: 24 | R1696: 0.2 | S1696: 0 | T1696: 0 | U1696: 1 | V1696: 0 | W1696: 30 | X1696: 6 | Y1696: 0 | Z1696: 0 | AA1696: 0.2 | AB1696: 0 | AC1696: 0.2
A1697: BALI巴厘 | B1697: Komang Astra Putra Gunawan | C1697: MGW17 | D1697: KUTA_SELATAN | E1697: 3641 | F1697: 3057 | G1697: 584 | H1697: 4356 | I1697: 3678 | J1697: 678 | K1697: 3331 | L1697: 3010 | M1697: 321 | N1697: 0.93 | O1697: 109891 | P1697: 99024 | Q1697: 10867 | R1697: 0.9011111 | S1697: 0.8396045 | T1697: 0.84435262 | U1697: 0.90363254 | V1697: -0.0047481128 | W1697: 26604 | X1697: 23816 | Y1697: 27302 | Z1697: 24752 | AA1697: 0.89520373 | AB1697: 0.90660025 | AC1697: -0.01139652
A1698: BALI巴厘 | B1698: Ika Elfiera Sinaga | C1698: DPS07 | D1698: SIULAN | E1698: 0 | F1698: 0 | G1698: 0 | H1698: 1 | I1698: 1 | J1698: 0 | K1698: 0 | L1698: 0 | M1698: 0 | N1698: 0.93 | O1698: 10 | P1698: 10 | Q1698: 0 | R1698: 1 | S1698: 0 | T1698: 1 | U1698: 0 | V1698: -1 | W1698: 6 | X1698: 6 | Y1698: 3 | Z1698: 3 | AA1698: 1 | AB1698: 1 | AC1698: 0
A1699: BALI巴厘 | B1699: Ika Elfiera Sinaga | C1699: DPS11 | D1699: SANUR_KAJA | E1699: 0 | F1699: 0 | G1699: 0 | H1699: 0 | I1699: 0 | J1699: 0 | K1699: 0 | L1699: 0 | M1699: 0 | N1699: 0.93 | O1699: 3 | P1699: 3 | Q1699: 0 | R1699: 1 | S1699: 0 | T1699: 0 | U1699: 0 | V1699: 0 | W1699: 0 | X1699: 0 | Y1699: 3 | Z1699: 3 | AA1699: 0 | AB1699: 1 | AC1699: -1
A1700: BALI巴厘 | B1700: Ika Elfiera Sinaga | C1700: DPS19 | D1700: NUSA_KAMBANGAN | E1700: 0 | F1700: 0 | G1700: 0 | H1700: 0 | I1700: 0 | J1700: 0 | K1700: 0 | L1700: 0 | M1700: 0 | N1700: 0.93 | O1700: 9 | P1700: 8 | Q1700: 1 | R1700: 0.88888889 | S1700: 0 | T1700: 0 | U1700: 0 | V1700: 0 | W1700: 4 | X1700: 4 | Y1700: 3 | Z1700: 2 | AA1700: 1 | AB1700: 0.66666667 | AC1700: 0.33333333
A1701: BALI巴厘 | B1701: Hujjatul Islam | C1701: SWW20 | D1701: MOYO_HULU | E1701: 722 | F1701: 400 | G1701: 322 | H1701: 983 | I1701: 381 | J1701: 602 | K1701: 944 | L1701: 461 | M1701: 483 | N1701: 0.93 | O1701: 18231 | P1701: 5889 | Q1701: 12342 | R1701: 0.32302123 | S1701: 0.55401662 | T1701: 0.38758901 | U1701: 0.48834746 | V1701: 0.16642761 | W1701: 5032 | X1701: 2170 | Y1701: 4463 | Z1701: 1092 | AA1701: 0.43124006 | AB1701: 0.24467847 | AC1701: 0.1865616
... A1717: BALI巴厘 | B1717: Prisilia Nansiana Akong | C1717: KOE17 | D1717: KUPANG_TIMUR | E1717: 1256 | F1717: 871 | G1717: 385 | H1717: 1195 | I1717: 905 | J1717: 290 | K1717: 1123 | L1717: 864 | M1717: 259 | N1717: 0.93 | O1717: 13022 | P1717: 10898 | Q1717: 2124 | R1717: 0.83689141 | S1717: 0.69347134 | T1717: 0.75732218 | U1717: 0.76936776 | V1717: -0.063850838 | W1717: 4538 | X1717: 3443 | Y1717: 2562 | Z1717: 2229 | AA1717: 0.75870428 | AB1717: 0.87002342 | AC1717: -0.11131914

Sheet Display Retur
A1: 网管-雅加达退件率09月28日 NM-Monitoring Retur Agent Jakarta 28 Sep 2026
A2: Cara Penarikan: • %Retur: JMS - Operasi - Monitor - Laporan Total Retur (Refine) - Sisi Deliver & Retur Logic: Retur = Total Regis Retur - Total Void Retur Persentase Retur = Total Retur/Total Delivery Retur Abnormal JMS - Penilaian - Paket Abnormal - Persen Retur Logic: Paket Retur Abnormal : Scan paket bermasalah atau scan simpan gudang dengan alasan yang abnormal pada saat proses retur %Retur Abnormal : Total Retur Abnormal / Retur · Fake Retur JMS - Operasi - Monitor - Monitor Call Bot - Detail - Respon Panggilan: "bersedia terima paket" Logic: Total Fake Retur = Total Retur (Respon Panggilan: "bersedia terima paket") Persentase Fake Retur = Total Fake Retur/Total Retur | H2: 取值路径: ·退件率: JMS-操作平台-数据监控-退件量报表(新) 逻辑: 退件量=退件登记票数-退件作废票数 退件率=退件量/派件量 异常退件 JMS-经营指标-异常件-退件率监控 逻辑: 异常退件:退件流程中扫问题件或留仓件扫描(异常原因) 异常退件率:异常退件量/退件总票数 ·虚假退件 JMS-操作平台-数据监控-机器人呼叫监控-机器人呼呼叫响。应:"愿意接受快件" 逻辑: 虚假退件量=退件量(机器人呼叫响应:"愿意接受快件") 虚假退件率=虚假退件量/退件量
A3: 代理区 Agent | B3: RM | C3: 网点代码 Kode DP | D3: 网点名称 Nama DP | E3: Total Delivery 28 Sep 2026 | F3: 退件量-退件 登记票数 Jumlah Regist Retur 28 Sep 2026 | G3: 退件量-退件 确认票数 Jumlah Konfirmasi Retur 28 Sep 2026 | H3: 退件量-退件签 收票数 Jumlah TTD Retur 28 Sep 2026 | I3: 退件量-退件作 废票数 Jumlah Void Retur 28 Sep 2026 | J3: Total Delivery 27 Sep 2026 | K3: 退件量-退件 登记票数 Jumlah Regist Retur 27 Sep 2026 | L3: 退件量-退件 确认票数 Jumlah Konfirmasi Retur 27 Sep 2026 | M3: 退件量-退件签 收票数 Jumlah TTD Retur 27 Sep 2026 | N3: 退件量-退件作 废票数 Jumlah Void Retur 27 Sep 2026 | O3: Total Delivery 26 Sep 2026 | P3: 退件量-退件 登记票数 Jumlah Regist Retur 26 Sep 2026 | Q3: 退件量-退件 确认票数 Jumlah Konfirmasi Retur 26 Sep 2026 | R3: 退件量-退件签 收票数 Jumlah TTD Retur 26 Sep 2026 | S3: 退件量-退件作 废票数 Jumlah Void Retur 26 Sep 2026 | T3: 目标值 Target | U3: Total Delivery Bulanan | V3: 退件量-退件登记票数 Jumlah Regist Retur Bulanan | W3: 退件量-退件确认票数 Jumlah Konfirmasi Retur Bulanan | X3: 退件量-退件作废票数 Jumlah Void Retur Bulanan | Y3: 退件量-退件签收票数 Jumlah TTD Retur Bulanan | Z3: 月累计 退件率 %Retur Bulanan | AA3: 退件率 %Retur | AD3: 对比昨天 Perbandingan H-1 | AE3: Total Delivery Mingguan 22 Sep - 28 Sep | AF3: 退件量-退件登记票数 Jumlah Regist Retur Mingguan 22 Sep - 28 Sep | AG3: 退件量-退件作废票数 Jumlah Void Retur Mingguan 22 Sep - 28 Sep | AH3: Total Delivery Mingguan 15 Sep - 21 Sep | AI3: 退件量-退件登记票数 Jumlah Regist Retur Mingguan 15 Sep - 21 Sep | AJ3: 退件量-退件作废票数 Jumlah Void Retur Mingguan 15 Sep - 21 Sep | AK3: 周度率 Persentase Mingguan | AM3: 对比上周 Perbandingan Mingguan
AA4: ='Display ALL DP'!L8 -> 46293 | AB4: =AA4-1 -> 46292 | AC4: =AA4-2 -> 46291 | AK4: =TEXT(AR12,"DD MMM")&" - "&TEXT(AR11,"DD MMM") -> 22 Sep - 28 Sep | AL4: =TEXT(AR14,"DD MMM")&" - "&TEXT(AR13,"DD MMM") -> 15 Sep - 21 Sep
D5: AGENT40 | E5: 5745327 | F5: 157927 | G5: 107797 | H5: 2956 | I5: 9 | J5: 7015829 | K5: 155450 | L5: 155027 | M5: 14504 | N5: 27 | O5: 6915162 | P5: 161850 | Q5: 161571 | R5: 57265 | S5: 54 | T5: 0.015 | U5: 202740139 | V5: 4546620 | W5: 4491801 | X5: 4450 | Y5: 3944727 | Z5: 0.022403901 | AA5: 0.027486338 | AB5: 0.022153191 | AC5: 0.023397283 | AD5: 0.005333147 | AE5: 47788214 | AF5: 1102873 | AG5: 476 | AH5: 48361911 | AI5: 1123932 | AJ5: 1107 | AK5: 0.023068387 | AL5: 0.023217135 | AM5: -0.00014874796 | AN5: 5
A7: BALI巴厘 | B7: Blue | C7: SLO02 | D7: LABUAN_LOMBOK | E7: 3248 | F7: 164 | G7: 128 | H7: 0 | I7: 0 | J7: 3311 | K7: 169 | L7: 168 | M7: 0 | N7: 0 | O7: 3957 | P7: 232 | Q7: 232 | R7: 3 | S7: 0 | T7: 0.015 | U7: 96270 | V7: 5429 | W7: 5390 | X7: 3 | Y7: 4462 | Z7: 0.056362314 | AA7: 0.050492611 | AB7: 0.051041981 | AC7: 0.058630275 | AD7: -0.00054937044 | AE7: 23170 | AF7: 1341 | AG7: 0 | AH7: 23569 | AI7: 1505 | AJ7: 3 | AK7: 0.057876565 | AL7: 0.063727778 | AM7: -0.0058512135
A8: BALI巴厘 | B8: Blue | C8: SLO09 | D8: KERUAK | E8: 2759 | F8: 181 | G8: 123 | H8: 0 | I8: 0 | J8: 2528 | K8: 283 | L8: 283 | M8: 0 | N8: 0 | O8: 3142 | P8: 253 | Q8: 253 | R8: 0 | S8: 0 | T8: 0.015 | U8: 77332 | V8: 6884 | W8: 6826 | X8: 1 | Y8: 5491 | Z8: 0.089005845 | AA8: 0.06560348 | AB8: 0.1119462 | AC8: 0.080521961 | AD8: -0.046342723 | AE8: 19997 | AF8: 1749 | AG8: 0 | AH8: 19666 | AI8: 1907 | AJ8: 1 | AK8: 0.087463119 | AL8: 0.09691854 | AM8: -0.0094554201
A9: BALI巴厘 | B9: Blue | C9: SLO05 | D9: REMPUNG | E9: 2059 | F9: 118 | G9: 87 | H9: 0 | I9: 0 | J9: 2240 | K9: 89 | L9: 88 | M9: 0 | N9: 0 | O9: 2599 | P9: 74 | Q9: 74 | R9: 1 | S9: 0 | T9: 0.015 | U9: 66921 | V9: 2607 | W9: 2574 | X9: 0 | Y9: 2136 | Z9: 0.038956381 | AA9: 0.057309373 | AB9: 0.039732143 | AC9: 0.028472489 | AD9: 0.017577231 | AE9: 15545 | AF9: 619 | AG9: 0 | AH9: 16691 | AI9: 723 | AJ9: 0 | AK9: 0.039819878 | AL9: 0.043316758 | AM9: -0.0034968798
A10: BALI巴厘 | B10: Blue | C10: SLO02B | D10: MASBAGIK_1 | E10: 3256 | F10: 120 | G10: 90 | H10: 0 | I10: 0 | J10: 3343 | K10: 121 | L10: 121 | M10: 0 | N10: 0 | O10: 3946 | P10: 59 | Q10: 59 | R10: 1 | S10: 0 | T10: 0.015 | U10: 94560 | V10: 2517 | W10: 2487 | X10: 1 | Y10: 2023 | Z10: 0.026607445 | AA10: 0.036855037 | AB10: 0.036195034 | AC10: 0.01495185 | AD10: 0.00066000245 | AE10: 23143 | AF10: 706 | AG10: 0 | AH10: 23420 | AI10: 651 | AJ10: 1 | AK10: 0.030505985 | AL10: 0.027754056 | AM10: 0.0027519282
A11: BALI巴厘 | B11: Blue | C11: SLO08A | D11: LABUAN_HAJI | E11: 1655 | F11: 63 | G11: 44 | H11: 0 | I11: 0 | J11: 1848 | K11: 45 | L11: 45 | M11: 0 | N11: 0 | O11: 1994 | P11: 59 | Q11: 59 | R11: 1 | S11: 0 | T11: 0.015 | U11: 49976 | V11: 1666 | W11: 1647 | X11: 0 | Y11: 1363 | Z11: 0.033336001 | AA11: 0.038066465 | AB11: 0.024350649 | AC11: 0.029588766 | AD11: 0.013715816 | AE11: 12190 | AF11: 398 | AG11: 0 | AH11: 12182 | AI11: 465 | AJ11: 0 | AK11: 0.032649713 | AL11: 0.038171072 | AM11: -0.0055213592 | AQ11: =AA4 -> 46293 | AR11: =AA4 -> 46293
A12: BALI巴厘 | B12: Blue | C12: SLO01 | D12: SELONG | E12: 3718 | F12: 200 | G12: 118 | H12: 0 | I12: 0 | J12: 3745 | K12: 189 | L12: 189 | M12: 0 | N12: 0 | O12: 4096 | P12: 152 | Q12: 150 | R12: 1 | S12: 0 | T12: 0.015 | U12: 106317 | V12: 4606 | W12: 4517 | X12: 3 | Y12: 3666 | Z12: 0.043295052 | AA12: 0.053792361 | AB12: 0.05046729 | AC12: 0.037109375 | AD12: 0.0033250718 | AE12: 25416 | AF12: 1237 | AG12: 0 | AH12: 26400 | AI12: 1205 | AJ12: 0 | AK12: 0.048670129 | AL12: 0.045643939 | AM12: 0.0030261897 | AR12: =AR11-6 -> 46287
A13: BALI巴厘 | B13: Blue | C13: SLO03 | D13: SIKUR | E13: 3745 | F13: 167 | G13: 120 | H13: 0 | I13: 0 | J13: 3784 | K13: 133 | L13: 132 | M13: 0 | N13: 0 | O13: 4591 | P13: 154 | Q13: 154 | R13: 2 | S13: 0 | T13: 0.015 | U13: 111584 | V13: 3811 | W13: 3760 | X13: 0 | Y13: 3085 | Z13: 0.034153642 | AA13: 0.04459279 | AB13: 0.035147992 | AC13: 0.03354389 | AD13: 0.0094447988 | AE13: 27233 | AF13: 979 | AG13: 0 | AH13: 27954 | AI13: 908 | AJ13: 0 | AK13: 0.035949032 | AL13: 0.032481935 | AM13: 0.0034670978 | AR13: =AR12-1 -> 46286
A14: BALI巴厘 | B14: Blue | C14: SLO04 | D14: SAKRA_BARAT | E14: 3845 | F14: 107 | G14: 79 | H14: 0 | I14: 0 | J14: 3686 | K14: 189 | L14: 189 | M14: 0 | N14: 0 | O14: 4227 | P14: 65 | Q14: 65 | R14: 2 | S14: 0 | T14: 0.015 | U14: 104475 | V14: 3982 | W14: 3952 | X14: 1 | Y14: 3267 | Z14: 0.03810481 | AA14: 0.027828349 | AB14: 0.051275095 | AC14: 0.015377336 | AD14: -0.023446746 | AE14: 26340 | AF14: 985 | AG14: 1 | AH14: 26159 | AI14: 1165 | AJ14: 0 | AK14: 0.037357631 | AL14: 0.044535342 | AM14: -0.0071777106 | AR14: =AR13-6 -> 46280
A15: BALI巴厘 | B15: Blue | C15: SLO06 | D15: PRINGGABAYA | E15: 4005 | F15: 314 | G15: 237 | H15: 0 | I15: 0 | J15: 4337 | K15: 320 | L15: 318 | M15: 0 | N15: 0 | O15: 4923 | P15: 251 | Q15: 250 | R15: 7 | S15: 1 | T15: 0.015 | U15: 126228 | V15: 7521 | W15: 7440 | X15: 2 | Y15: 6059 | Z15: 0.059566816 | AA15: 0.078401998 | AB15: 0.073783721 | AC15: 0.050782043 | AD15: 0.004618276 | AE15: 29850 | AF15: 1944 | AG15: 1 | AH15: 31865 | AI15: 2010 | AJ15: 0 | AK15: 0.065092127 | AL15: 0.063078613 | AM15: 0.0020135144 | AR15: 46266
A16: BALI巴厘 | B16: Blue | C16: AMI09 | D16: DASAN_CERMEN | E16: 2794 | F16: 120 | G16: 87 | H16: 0 | I16: 0 | J16: 2504 | K16: 180 | L16: 180 | M16: 0 | N16: 0 | O16: 2778 | P16: 144 | Q16: 144 | R16: 2 | S16: 0 | T16: 0.015 | U16: 73856 | V16: 4793 | W16: 4755 | X16: 3 | Y16: 4027 | Z16: 0.064855936 | AA16: 0.042949177 | AB16: 0.071884984 | AC16: 0.051835853 | AD16: -0.028935807 | AE16: 17781 | AF16: 1275 | AG16: 0 | AH16: 18558 | AI16: 1246 | AJ16: 0 | AK16: 0.071705753 | AL16: 0.067140856 | AM16: 0.0045648976
A17: BALI巴厘 | B17: Blue | C17: AMI01 | D17: MATARAM | E17: 2702 | F17: 127 | G17: 94 | H17: 0 | I17: 0 | J17: 2413 | K17: 129 | L17: 129 | M17: 1 | N17: 1 | O17: 2677 | P17: 137 | Q17: 137 | R17: 3 | S17: 0 | T17: 0.015 | U17: 74031 | V17: 3449 | W17: 3416 | X17: 3 | Y17: 2804 | Z17: 0.046548068 | AA17: 0.047002221 | AB17: 0.053046001 | AC17: 0.05117669 | AD17: -0.0060437803 | AE17: 17712 | AF17: 880 | AG17: 2 | AH17: 18343 | AI17: 902 | AJ17: 0 | AK17: 0.049570912 | AL17: 0.049174072 | AM17: 0.00039684052
A18: BALI巴厘 | B18: Blue | C18: AMI04A | D18: MONJOK_1 | E18: 2800 | F18: 132 | G18: 98 | H18: 0 | I18: 0 | J18: 2516 | K18: 137 | L18: 137 | M18: 0 | N18: 0 | O18: 2826 | P18: 131 | Q18: 131 | R18: 0 | S18: 1 | T18: 0.015 | U18: 75271 | V18: 4043 | W18: 4009 | X18: 2 | Y18: 3358 | Z18: 0.053686015 | AA18: 0.047142857 | AB18: 0.05445151 | AC18: 0.046001415 | AD18: -0.0073086532 | AE18: 18131 | AF18: 937 | AG18: 1 | AH18: 18624 | AI18: 1053 | AJ18: 0 | AK18: 0.05162429 | AL18: 0.056539948 | AM18: -0.0049156586
A19: BALI巴厘 | B19: Blue | C19: AMI02 | D19: KESRA | E19: 5231 | F19: 355 | G19: 264 | H19: 0 | I19: 0 | J19: 5066 | K19: 317 | L19: 317 | M19: 1 | N19: 0 | O19: 5603 | P19: 327 | Q19: 327 | R19: 10 | S19: 0 | T19: 0.015 | U19: 154187 | V19: 9025 | W19: 8934 | X19: 0 | Y19: 7512 | Z19: 0.058532821 | AA19: 0.067864653 | AB19: 0.062574023 | AC19: 0.058361592 | AD19: 0.0052906301 | AE19: 36801 | AF19: 2340 | AG19: 0 | AH19: 39161 | AI19: 2306 | AJ19: 0 | AK19: 0.063585229 | AL19: 0.058885115 | AM19: 0.0047001134
A20: BALI巴厘 | B20: Blue | C20: AMI04 | D20: TAMAN_SARI | E20: 2456 | F20: 144 | G20: 93 | H20: 0 | I20: 0 | J20: 2135 | K20: 117 | L20: 117 | M20: 0 | N20: 0 | O20: 2602 | P20: 142 | Q20: 142 | R20: 1 | S20: 0 | T20: 0.015 | U20: 68951 | V20: 3373 | W20: 3321 | X20: 0 | Y20: 2725 | Z20: 0.048918797 | AA20: 0.058631922 | AB20: 0.054800937 | AC20: 0.054573405 | AD20: 0.0038309851 | AE20: 16183 | AF20: 866 | AG20: 0 | AH20: 17219 | AI20: 878 | AJ20: 0 | AK20: 0.053512946 | AL20: 0.050990185 | AM20: 0.0025227604
A21: BALI巴厘 | B21: Blue | C21: AMI15 | D21: AMPENAN | E21: 2524 | F21: 154 | G21: 108 | H21: 0 | I21: 0 | J21: 2368 | K21: 149 | L21: 149 | M21: 0 | N21: 0 | O21: 2637 | P21: 148 | Q21: 148 | R21: 4 | S21: 0 | T21: 0.015 | U21: 73148 | V21: 4569 | W21: 4522 | X21: 0 | Y21: 3858 | Z21: 0.062462405 | AA21: 0.061014263 | AB21: 0.062922297 | AC21: 0.056124384 | AD21: -0.0019080342 | AE21: 17155 | AF21: 1052 | AG21: 0 | AH21: 18241 | AI21: 1164 | AJ21: 0 | AK21: 0.061323229 | AL21: 0.063812291 | AM21: -0.0024890616
A22: BALI巴厘 | B22: Blue | C22: AMI06 | D22: SERUNI | E22: 2451 | F22: 114 | G22: 83 | H22: 0 | I22: 0 | J22: 2246 | K22: 123 | L22: 123 | M22: 0 | N22: 0 | O22: 2728 | P22: 179 | Q22: 179 | R22: 0 | S22: 0 | T22: 0.015 | U22: 71494 | V22: 3742 | W22: 3708 | X22: 6 | Y22: 2955 | Z22: 0.052256133 | AA22: 0.046511628 | AB22: 0.054764025 | AC22: 0.065615836 | AD22: -0.008252397 | AE22: 17108 | AF22: 960 | AG22: 0 | AH22: 17680 | AI22: 936 | AJ22: 1 | AK22: 0.056114099 | AL22: 0.052884615 | AM22: 0.0032294833
A23: BALI巴厘 | B23: Blue | C23: AMI13 | D23: SEGANTENG | E23: 2599 | F23: 172 | G23: 141 | H23: 0 | I23: 0 | J23: 2293 | K23: 108 | L23: 107 | M23: 0 | N23: 0 | O23: 2547 | P23: 204 | Q23: 204 | R23: 7 | S23: 0 | T23: 0.015 | U23: 70884 | V23: 4296 | W23: 4263 | X23: 0 | Y23: 3625 | Z23: 0.060606061 | AA23: 0.0661793 | AB23: 0.047099869 | AC23: 0.080094229 | AD23: 0.019079431 | AE23: 16671 | AF23: 992 | AG23: 0 | AH23: 17799 | AI23: 1108 | AJ23: 0 | AK23: 0.059504529 | AL23: 0.062250688 | AM23: -0.0027461594
A24: BALI巴厘 | B24: Blue | C24: AMI12 | D24: KARANG_GENTENG | E24: 2390 | F24: 124 | G24: 81 | H24: 0 | I24: 0 | J24: 2261 | K24: 112 | L24: 112 | M24: 0 | N24: 0 | O24: 2765 | P24: 130 | Q24: 130 | R24: 6 | S24: 0 | T24: 0.015 | U24: 70266 | V24: 3605 | W24: 3562 | X24: 2 | Y24: 3017 | Z24: 0.051276578 | AA24: 0.051882845 | AB24: 0.049535604 | AC24: 0.047016275 | AD24: 0.0023472415 | AE24: 16883 | AF24: 904 | AG24: 0 | AH24: 17420 | AI24: 868 | AJ24: 0 | AK24: 0.053544986 | AL24: 0.049827784 | AM24: 0.0037172019
A25: BALI巴厘 | B25: Blue | C25: TAN05 | D25: BAYAN_1 | E25: 863 | F25: 22 | G25: 13 | H25: 0 | I25: 0 | J25: 1317 | K25: 54 | L25: 54 | M25: 0 | N25: 0 | O25: 1584 | P25: 48 | Q25: 48 | R25: 0 | S25: 0 | T25: 0.015 | U25: 40710 | V25: 1449 | W25: 1440 | X25: 2 | Y25: 1236 | Z25: 0.035544092 | AA25: 0.025492468 | AB25: 0.041002278 | AC25: 0.03030303 | AD25: -0.01550981 | AE25: 9414 | AF25: 299 | AG25: 0 | AH25: 9931 | AI25: 339 | AJ25: 0 | AK25: 0.031761207 | AL25: 0.034135535 | AM25: -0.0023743285
A26: BALI巴厘 | B26: Blue | C26: TAN03 | D26: PEMENANG | E26: 1463 | F26: 113 | G26: 84 | H26: 0 | I26: 0 | J26: 1535 | K26: 73 | L26: 73 | M26: 0 | N26: 0 | O26: 1722 | P26: 102 | Q26: 102 | R26: 0 | S26: 0 | T26: 0.015 | U26: 42823 | V26: 2824 | W26: 2791 | X26: 6 | Y26: 2377 | Z26: 0.065805759 | AA26: 0.077238551 | AB26: 0.047557003 | AC26: 0.059233449 | AD26: 0.029681548 | AE26: 10380 | AF26: 666 | AG26: 0 | AH26: 10188 | AI26: 637 | AJ26: 5 | AK26: 0.06416185 | AL26: 0.062033765 | AM26: 0.0021280845
A27: BALI巴厘 | B27: Blue | C27: GER03 | D27: NARMADA | E27: 3465 | F27: 176 | G27: 135 | H27: 0 | I27: 0 | J27: 3780 | K27: 203 | L27: 203 | M27: 0 | N27: 0 | O27: 4222 | P27: 145 | Q27: 145 | R27: 8 | S27: 0 | T27: 0.015 | U27: 102627 | V27: 4925 | W27: 4880 | X27: 3 | Y27: 4115 | Z27: 0.047960088 | AA27: 0.050793651 | AB27: 0.053703704 | AC27: 0.034343913 | AD27: -0.0029100529 | AE27: 25143 | AF27: 1197 | AG27: 0 | AH27: 25601 | AI27: 1360 | AJ27: 1 | AK27: 0.047607684 | AL27: 0.053083864 | AM27: -0.0054761799
... A222: JAKARTA雅加达 | B222: DIFA HERDIANSAH MUNABARI | C222: JKT56 | D222: CP_UJUNG_MENTENG | E222: 0 | F222: 0 | G222: 0 | H222: 0 | I222: 0 | J222: 0 | K222: 0 | L222: 0 | M222: 0 | N222: 0 | O222: 0 | P222: 0 | Q222: 0 | R222: 0 | S222: 0 | T222: 0.015 | U222: 0 | V222: 0 | W222: 0 | X222: 0 | Y222: 0 | Z222: 0 | AA222: 0 | AB222: 0 | AC222: 0 | AD222: 0 | AE222: 0 | AF222: 0 | AG222: 0 | AH222: 0 | AI222: 0 | AJ222: 0 | AK222: 0 | AL222: 0 | AM222: 0
A223: JAKARTA雅加达 | B223: DIFA HERDIANSAH MUNABARI | C223: #N/A | D223: CP_PISANGAN_TIMUR_2 | E223: 0 | F223: 0 | G223: 0 | H223: 0 | I223: 0 | J223: 0 | K223: 0 | L223: 0 | M223: 0 | N223: 0 | O223: 0 | P223: 0 | Q223: 0 | R223: 0 | S223: 0 | T223: 0.015 | U223: 0 | V223: 0 | W223: 0 | X223: 0 | Y223: 0 | Z223: 0 | AA223: 0 | AB223: 0 | AC223: 0 | AD223: 0 | AE223: 0 | AF223: 0 | AG223: 0 | AH223: 0 | AI223: 0 | AJ223: 0 | AK223: 0 | AL223: 0 | AM223: 0
A224: JAKARTA雅加达 | B224: DIFA HERDIANSAH MUNABARI | C224: JKT56F | D224: CP_KAYU_TINGGI_1 | E224: 0 | F224: 0 | G224: 0 | H224: 0 | I224: 0 | J224: 0 | K224: 0 | L224: 0 | M224: 0 | N224: 0 | O224: 0 | P224: 0 | Q224: 0 | R224: 0 | S224: 0 | T224: 0.015 | U224: 0 | V224: 0 | W224: 0 | X224: 0 | Y224: 0 | Z224: 0 | AA224: 0 | AB224: 0 | AC224: 0 | AD224: 0 | AE224: 0 | AF224: 0 | AG224: 0 | AH224: 0 | AI224: 0 | AJ224: 0 | AK224: 0 | AL224: 0 | AM224: 0
A225: JAKARTA雅加达 | B225: DIFA HERDIANSAH MUNABARI | C225: JKT56D | D225: CP_PENGGILINGAN_2 | E225: 0 | F225: 0 | G225: 0 | H225: 0 | I225: 0 | J225: 0 | K225: 0 | L225: 0 | M225: 0 | N225: 0 | O225: 0 | P225: 0 | Q225: 0 | R225: 0 | S225: 0 | T225: 0.015 | U225: 0 | V225: 0 | W225: 0 | X225: 0 | Y225: 0 | Z225: 0 | AA225: 0 | AB225: 0 | AC225: 0 | AD225: 0 | AE225: 0 | AF225: 0 | AG225: 0 | AH225: 0 | AI225: 0 | AJ225: 0 | AK225: 0 | AL225: 0 | AM225: 0
A226: JAKARTA雅加达 | B226: DIFA HERDIANSAH MUNABARI | C226: JKT30E | D226: CP_ANCOL_BARAT_2 | E226: 0 | F226: 0 | G226: 0 | H226: 0 | I226: 0 | J226: 0 | K226: 0 | L226: 0 | M226: 0 | N226: 0 | O226: 0 | P226: 0 | Q226: 0 | R226: 0 | S226: 0 | T226: 0.015 | U226: 0 | V226: 0 | W226: 0 | X226: 0 | Y226: 0 | Z226: 0 | AA226: 0 | AB226: 0 | AC226: 0 | AD226: 0 | AE226: 0 | AF226: 0 | AG226: 0 | AH226: 0 | AI226: 0 | AJ226: 0 | AK226: 0 | AL226: 0 | AM226: 0
A227: JAKARTA雅加达 | B227: DIFA HERDIANSAH MUNABARI | C227: JKT16O | D227: DC_PULO_GADUNG | E227: 0 | F227: 0 | G227: 0 | H227: 0 | I227: 0 | J227: 0 | K227: 0 | L227: 0 | M227: 0 | N227: 0 | O227: 0 | P227: 0 | Q227: 0 | R227: 0 | S227: 0 | T227: 0.015 | U227: 0 | V227: 0 | W227: 0 | X227: 0 | Y227: 0 | Z227: 0 | AA227: 0 | AB227: 0 | AC227: 0 | AD227: 0 | AE227: 0 | AF227: 0 | AG227: 0 | AH227: 0 | AI227: 0 | AJ227: 0 | AK227: 0 | AL227: 0 | AM227: 0
A228: JAKARTA雅加达 | B228: DIFA HERDIANSAH MUNABARI | C228: JKT16Q | D228: PULOGEBANG_01 | E228: 10494 | F228: 332 | G228: 249 | H228: 0 | I228: 0 | J228: 14973 | K228: 471 | L228: 471 | M228: 95 | N228: 0 | O228: 15915 | P228: 299 | Q228: 299 | R228: 121 | S228: 0 | T228: 0.015 | U228: 447467 | V228: 10737 | W228: 10652 | X228: 7 | Y228: 9652 | Z228: 0.023979422 | AA228: 0.031637126 | AB228: 0.031456622 | AC228: 0.018787308 | AD228: 0.00018050406 | AE228: 105907 | AF228: 2589 | AG228: 0 | AH228: 104014 | AI228: 2597 | AJ228: 0 | AK228: 0.024445976 | AL228: 0.024967793 | AM228: -0.00052181661
A229: JAKARTA雅加达 | B229: DIFA HERDIANSAH MUNABARI | C229: JKT57G | D229: CP_PULO_GADUNG | E229: 10491 | F229: 178 | G229: 119 | H229: 0 | I229: 0 | J229: 15729 | K229: 250 | L229: 250 | M229: 33 | N229: 0 | O229: 14692 | P229: 335 | Q229: 335 | R229: 186 | S229: 0 | T229: 0.015 | U229: 436905 | V229: 7793 | W229: 7734 | X229: 2 | Y229: 7117 | Z229: 0.017832252 | AA229: 0.016966924 | AB229: 0.015894208 | AC229: 0.022801525 | AD229: 0.0010727159 | AE229: 102257 | AF229: 1708 | AG229: 0 | AH229: 101813 | AI229: 1990 | AJ229: 0 | AK229: 0.016703013 | AL229: 0.019545638 | AM229: -0.0028426246
A230: JAKARTA雅加达 | B230: DIFA HERDIANSAH MUNABARI | C230: JKT10B | D230: ROROTAN | E230: 5034 | F230: 207 | G230: 138 | H230: 3 | I230: 0 | J230: 7894 | K230: 143 | L230: 143 | M230: 1 | N230: 0 | O230: 8149 | P230: 161 | Q230: 161 | R230: 59 | S230: 0 | T230: 0.015 | U230: 225527 | V230: 4931 | W230: 4862 | X230: 6 | Y230: 4400 | Z230: 0.02183774 | AA230: 0.041120381 | AB230: 0.018115024 | AC230: 0.019757025 | AD230: 0.023005357 | AE230: 53237 | AF230: 1173 | AG230: 1 | AH230: 53093 | AI230: 1254 | AJ230: 0 | AK230: 0.022014764 | AL230: 0.023618933 | AM230: -0.0016041686
A231: JAKARTA雅加达 | B231: DIFA HERDIANSAH MUNABARI | C231: JKT51G | D231: CP_UTAN_KAYU | E231: 0 | F231: 0 | G231: 0 | H231: 0 | I231: 0 | J231: 0 | K231: 0 | L231: 0 | M231: 0 | N231: 0 | O231: 0 | P231: 0 | Q231: 0 | R231: 0 | S231: 0 | T231: 0.015 | U231: 156 | V231: 721 | W231: 721 | X231: 1 | Y231: 717 | Z231: 4.6153846 | AA231: 0 | AB231: 0 | AC231: 0 | AD231: 0 | AE231: 0 | AF231: 0 | AG231: 0 | AH231: 4 | AI231: 5 | AJ231: 0 | AK231: 0 | AL231: 1.25 | AM231: -1.25
A232: JAKARTA雅加达 | B232: DIFA HERDIANSAH MUNABARI | C232: JKT16P | D232: DC_CAKUNG | E232: 7348 | F232: 284 | G232: 217 | H232: 0 | I232: 0 | J232: 12326 | K232: 187 | L232: 187 | M232: 64 | N232: 0 | O232: 12043 | P232: 267 | Q232: 266 | R232: 177 | S232: 0 | T232: 0.015 | U232: 371243 | V232: 7103 | W232: 7035 | X232: 1 | Y232: 6499 | Z232: 0.019130327 | AA232: 0.038649973 | AB232: 0.015171183 | AC232: 0.022170556 | AD232: 0.02347879 | AE232: 79875 | AF232: 1809 | AG232: 0 | AH232: 81794 | AI232: 1886 | AJ232: 1 | AK232: 0.022647887 | AL232: 0.0230457 | AM232: -0.00039781285
A233: JAKARTA雅加达 | B233: DIFA HERDIANSAH MUNABARI | C233: JKT16R | D233: DC_UJUNG_MENTENG | E233: 3046 | F233: 105 | G233: 73 | H233: 0 | I233: 0 | J233: 5287 | K233: 15 | L233: 15 | M233: 1 | N233: 0 | O233: 4599 | P233: 95 | Q233: 93 | R233: 42 | S233: 0 | T233: 0.015 | U233: 145372 | V233: 2811 | W233: 2777 | X233: 6 | Y233: 2592 | Z233: 0.019295325 | AA233: 0.034471438 | AB233: 0.0028371477 | AC233: 0.020656664 | AD233: 0.03163429 | AE233: 33407 | AF233: 607 | AG233: 1 | AH233: 35011 | AI233: 679 | AJ233: 1 | AK233: 0.018139911 | AL233: 0.019365342 | AM233: -0.0012254315
A234: JAKARTA雅加达 | B234: DIFA HERDIANSAH MUNABARI | C234: JKT10H | D234: KALIBARU_01 | E234: 6205 | F234: 279 | G234: 200 | H234: 1 | I234: 0 | J234: 10679 | K234: 285 | L234: 285 | M234: 45 | N234: 0 | O234: 10608 | P234: 245 | Q234: 245 | R234: 135 | S234: 0 | T234: 0.015 | U234: 291840 | V234: 8000 | W234: 7921 | X234: 2 | Y234: 7238 | Z234: 0.027405428 | AA234: 0.044963739 | AB234: 0.026687892 | AC234: 0.023095777 | AD234: 0.018275847 | AE234: 70428 | AF234: 2029 | AG234: 1 | AH234: 70530 | AI234: 2002 | AJ234: 0 | AK234: 0.028795365 | AL234: 0.028385084 | AM234: 0.00041028112
A235: JAKARTA雅加达 | B235: I MADE DWI PU DJAWARDANA | C235: JKT02R | D235: DC_SRENGSENG | E235: 0 | F235: 0 | G235: 0 | H235: 0 | I235: 0 | J235: 0 | K235: 0 | L235: 0 | M235: 0 | N235: 0 | O235: 0 | P235: 0 | Q235: 0 | R235: 0 | S235: 0 | T235: 0.015 | U235: 0 | V235: 0 | W235: 0 | X235: 0 | Y235: 0 | Z235: 0 | AA235: 0 | AB235: 0 | AC235: 0 | AD235: 0 | AE235: 0 | AF235: 0 | AG235: 0 | AH235: 0 | AI235: 0 | AJ235: 0 | AK235: 0 | AL235: 0 | AM235: 0
... A882: SEMARANG三宝垄 | B882: RENDI | C882: TNU11 | D882: PRINGSURAT_TIMUR | E882: 1174 | F882: 12 | G882: 10 | H882: 1 | I882: 0 | J882: 1460 | K882: 15 | L882: 14 | M882: 3 | N882: 0 | O882: 1335 | P882: 19 | Q882: 19 | R882: 7 | S882: 0 | T882: 0.015 | U882: 41911 | V882: 467 | W882: 463 | X882: 0 | Y882: 421 | Z882: 0.011142659 | AA882: 0.010221465 | AB882: 0.010273973 | AC882: 0.01423221 | AD882: -5.2507526e-05 | AE882: 9524 | AF882: 111 | AG882: 0 | AH882: 10201 | AI882: 110 | AJ882: 0 | AK882: 0.011654767 | AL882: 0.010783257 | AM882: 0.00087151036
A883: SEMARANG三宝垄 | B883: - | C883: #N/A | D883: BLORA | E883: 0 | F883: 0 | G883: 0 | H883: 0 | I883: 0 | J883: 0 | K883: 0 | L883: 0 | M883: 0 | N883: 0 | O883: 0 | P883: 0 | Q883: 0 | R883: 0 | S883: 0 | T883: 0.015 | U883: 0 | V883: 0 | W883: 0 | X883: 0 | Y883: 0 | Z883: 0 | AA883: 0 | AB883: 0 | AC883: 0 | AD883: 0 | AE883: 0 | AF883: 0 | AG883: 0 | AH883: 0 | AI883: 0 | AJ883: 0 | AK883: 0 | AL883: 0 | AM883: 0
A884: SEMARANG三宝垄 | B884: QOMAR | C884: BOL02 | D884: NGAWEN | E884: 2962 | F884: 36 | G884: 26 | H884: 0 | I884: 0 | J884: 2961 | K884: 32 | L884: 32 | M884: 2 | N884: 0 | O884: 2718 | P884: 27 | Q884: 27 | R884: 11 | S884: 0 | T884: 0.015 | U884: 80632 | V884: 813 | W884: 803 | X884: 0 | Y884: 715 | Z884: 0.010082846 | AA884: 0.01215395 | AB884: 0.01080716 | AC884: 0.0099337748 | AD884: 0.0013467903 | AE884: 19652 | AF884: 213 | AG884: 0 | AH884: 19561 | AI884: 216 | AJ884: 0 | AK884: 0.010838591 | AL884: 0.01104238 | AM884: -0.00020378875
A885: SEMARANG三宝垄 | B885: QOMAR | C885: BOL04 | D885: JEPON | E885: 2754 | F885: 43 | G885: 34 | H885: 0 | I885: 0 | J885: 2868 | K885: 25 | L885: 24 | M885: 3 | N885: 0 | O885: 2623 | P885: 47 | Q885: 47 | R885: 18 | S885: 0 | T885: 0.015 | U885: 82161 | V885: 1153 | W885: 1143 | X885: 1 | Y885: 1039 | Z885: 0.014021251 | AA885: 0.015613653 | AB885: 0.0087168759 | AC885: 0.017918414 | AD885: 0.006896777 | AE885: 19375 | AF885: 304 | AG885: 0 | AH885: 19298 | AI885: 304 | AJ885: 0 | AK885: 0.015690323 | AL885: 0.015752928 | AM885: -6.2605184e-05
A886: SEMARANG三宝垄 | B886: QOMAR | C886: BOL05 | D886: KUNDURAN | E886: 4465 | F886: 60 | G886: 42 | H886: 0 | I886: 0 | J886: 4866 | K886: 70 | L886: 70 | M886: 0 | N886: 0 | O886: 4783 | P886: 15 | Q886: 15 | R886: 4 | S886: 0 | T886: 0.015 | U886: 138324 | V886: 1340 | W886: 1322 | X886: 0 | Y886: 1156 | Z886: 0.0096874006 | AA886: 0.01343785 | AB886: 0.014385532 | AC886: 0.003136107 | AD886: -0.00094768232 | AE886: 32896 | AF886: 320 | AG886: 0 | AH886: 33712 | AI886: 348 | AJ886: 0 | AK886: 0.0097276265 | AL886: 0.010322734 | AM886: -0.00059510729
A887: SEMARANG三宝垄 | B887: QOMAR | C887: CEU01 | D887: CEPU | E887: 3087 | F887: 43 | G887: 32 | H887: 0 | I887: 0 | J887: 3101 | K887: 95 | L887: 95 | M887: 0 | N887: 0 | O887: 3096 | P887: 85 | Q887: 85 | R887: 26 | S887: 0 | T887: 0.015 | U887: 89615 | V887: 1756 | W887: 1743 | X887: 7 | Y887: 1505 | Z887: 0.019516822 | AA887: 0.013929381 | AB887: 0.030635279 | AC887: 0.02745478 | AD887: -0.016705898 | AE887: 21368 | AF887: 486 | AG887: 0 | AH887: 21457 | AI887: 495 | AJ887: 7 | AK887: 0.022744291 | AL887: 0.022743161 | AM887: 1.1297878e-06
A888: SEMARANG三宝垄 | B888: QOMAR | C888: CEU02 | D888: RANDUBLATUNG | E888: 2194 | F888: 24 | G888: 17 | H888: 2 | I888: 0 | J888: 2307 | K888: 19 | L888: 19 | M888: 4 | N888: 0 | O888: 2140 | P888: 25 | Q888: 25 | R888: 19 | S888: 0 | T888: 0.015 | U888: 67079 | V888: 762 | W888: 753 | X888: 0 | Y888: 698 | Z888: 0.01135974 | AA888: 0.010938924 | AB888: 0.0082358041 | AC888: 0.011682243 | AD888: 0.0027031203 | AE888: 15535 | AF888: 178 | AG888: 0 | AH888: 16045 | AI888: 191 | AJ888: 0 | AK888: 0.011457998 | AL888: 0.01190402 | AM888: -0.00044602188
A889: SEMARANG三宝垄 | B889: QOMAR | C889: BOL06 | D889: KEDUNGTUBAN | E889: 2468 | F889: 27 | G889: 17 | H889: 0 | I889: 0 | J889: 2641 | K889: 28 | L889: 28 | M889: 2 | N889: 0 | O889: 2440 | P889: 18 | Q889: 18 | R889: 8 | S889: 0 | T889: 0.015 | U889: 74252 | V889: 626 | W889: 616 | X889: 2 | Y889: 552 | Z889: 0.008403814 | AA889: 0.010940032 | AB889: 0.010602045 | AC889: 0.0073770492 | AD889: 0.00033798773 | AE889: 17667 | AF889: 176 | AG889: 0 | AH889: 17781 | AI889: 139 | AJ889: 0 | AK889: 0.0099620762 | AL889: 0.0078173331 | AM889: 0.0021447431
A890: SEMARANG三宝垄 | B890: QOMAR | C890: BOL07 | D890: TUNJUNGAN | E890: 6971 | F890: 129 | G890: 90 | H890: 0 | I890: 0 | J890: 7095 | K890: 123 | L890: 123 | M890: 0 | N890: 1 | O890: 6982 | P890: 124 | Q890: 124 | R890: 18 | S890: 0 | T890: 0.015 | U890: 205158 | V890: 3139 | W890: 3098 | X890: 3 | Y890: 2663 | Z890: 0.01528578 | AA890: 0.018505236 | AB890: 0.017195208 | AC890: 0.017759954 | AD890: 0.0013100281 | AE890: 49310 | AF890: 874 | AG890: 1 | AH890: 48978 | AI890: 783 | AJ890: 1 | AK890: 0.01770432 | AL890: 0.015966352 | AM890: 0.0017379674
A891: SEMARANG三宝垄 | B891: QOMAR | C891: BOL08 | D891: JATI_BLORA | E891: 1591 | F891: 33 | G891: 18 | H891: 0 | I891: 0 | J891: 1555 | K891: 30 | L891: 30 | M891: 0 | N891: 0 | O891: 1431 | P891: 16 | Q891: 16 | R891: 0 | S891: 0 | T891: 0.015 | U891: 44738 | V891: 419 | W891: 404 | X891: 2 | Y891: 325 | Z891: 0.0093209352 | AA891: 0.020741672 | AB891: 0.019292605 | AC891: 0.011180992 | AD891: 0.0014490674 | AE891: 10963 | AF891: 145 | AG891: 0 | AH891: 10828 | AI891: 88 | AJ891: 0 | AK891: 0.013226307 | AL891: 0.0081270779 | AM891: 0.0050992287
A892: SEMARANG三宝垄 | B892: QOMAR | C892: BOL09 | D892: SAMBONG | E892: 2073 | F892: 59 | G892: 24 | H892: 0 | I892: 0 | J892: 2248 | K892: 13 | L892: 13 | M892: 0 | N892: 0 | O892: 2125 | P892: 77 | Q892: 77 | R892: 16 | S892: 0 | T892: 0.015 | U892: 62431 | V892: 717 | W892: 682 | X892: 2 | Y892: 572 | Z892: 0.011452644 | AA892: 0.028461167 | AB892: 0.0057829181 | AC892: 0.036235294 | AD892: 0.022678249 | AE892: 14381 | AF892: 209 | AG892: 0 | AH892: 14811 | AI892: 199 | AJ892: 0 | AK892: 0.014533064 | AL892: 0.01343596 | AM892: 0.0010971047
A893: SEMARANG三宝垄 | B893: EDDIE | C893: UNG07 | D893: SUMOWONO | E893: 2426 | F893: 34 | G893: 23 | H893: 1 | I893: 0 | J893: 2721 | K893: 52 | L893: 52 | M893: 11 | N893: 0 | O893: 2584 | P893: 78 | Q893: 78 | R893: 45 | S893: 0 | T893: 0.015 | U893: 80143 | V893: 1296 | W893: 1284 | X893: 0 | Y893: 1169 | Z893: 0.016171094 | AA893: 0.014014839 | AB893: 0.019110621 | AC893: 0.030185759 | AD893: -0.0050957819 | AE893: 18691 | AF893: 321 | AG893: 0 | AH893: 19404 | AI893: 305 | AJ893: 0 | AK893: 0.017174041 | AL893: 0.015718409 | AM893: 0.0014556324
A894: SEMARANG三宝垄 | B894: EDDIE | C894: AMB01 | D894: AMBARAWA | E894: 1451 | F894: 24 | G894: 20 | H894: 0 | I894: 0 | J894: 1633 | K894: 47 | L894: 47 | M894: 11 | N894: 0 | O894: 1561 | P894: 35 | Q894: 35 | R894: 21 | S894: 0 | T894: 0.015 | U894: 50690 | V894: 863 | W894: 859 | X894: 0 | Y894: 782 | Z894: 0.017025054 | AA894: 0.016540317 | AB894: 0.028781384 | AC894: 0.022421525 | AD894: -0.012241067 | AE894: 11244 | AF894: 210 | AG894: 0 | AH894: 12241 | AI894: 246 | AJ894: 0 | AK894: 0.018676628 | AL894: 0.020096397 | AM894: -0.0014197698
A895: SEMARANG三宝垄 | B895: EDDIE | C895: UNG01 | D895: UNGARAN | E895: 3419 | F895: 71 | G895: 54 | H895: 0 | I895: 0 | J895: 3791 | K895: 69 | L895: 69 | M895: 16 | N895: 0 | O895: 3660 | P895: 102 | Q895: 102 | R895: 61 | S895: 0 | T895: 0.015 | U895: 107255 | V895: 2124 | W895: 2106 | X895: 0 | Y895: 1931 | Z895: 0.019803273 | AA895: 0.020766306 | AB895: 0.018201002 | AC895: 0.027868852 | AD895: 0.0025653036 | AE895: 25777 | AF895: 517 | AG895: 0 | AH895: 25724 | AI895: 563 | AJ895: 0 | AK895: 0.02005664 | AL895: 0.021886176 | AM895: -0.0018295367
... A1107: SEMARANG三宝垄 | B1107: EDDIE | C1107: SRG37 | D1107: PANGGUNG_LOR | E1107: 0 | F1107: 0 | G1107: 0 | H1107: 0 | I1107: 0 | J1107: 0 | K1107: 0 | L1107: 0 | M1107: 0 | N1107: 0 | O1107: 0 | P1107: 0 | Q1107: 0 | R1107: 0 | S1107: 0 | T1107: 0.015 | U1107: 0 | V1107: 2 | W1107: 2 | X1107: 0 | Y1107: 2 | Z1107: 0 | AA1107: 0 | AB1107: 0 | AC1107: 0 | AD1107: 0 | AE1107: 0 | AF1107: 0 | AG1107: 0 | AH1107: 0 | AI1107: 1 | AJ1107: 0 | AK1107: 0 | AL1107: 0 | AM1107: 0
A1108: SEMARANG三宝垄 | B1108: - | C1108: #N/A | D1108: PUDAKPAYUNG | E1108: 0 | F1108: 0 | G1108: 0 | H1108: 0 | I1108: 0 | J1108: 0 | K1108: 0 | L1108: 0 | M1108: 0 | N1108: 0 | O1108: 0 | P1108: 0 | Q1108: 0 | R1108: 0 | S1108: 0 | T1108: 0.015 | U1108: 0 | V1108: 0 | W1108: 0 | X1108: 0 | Y1108: 0 | Z1108: 0 | AA1108: 0 | AB1108: 0 | AC1108: 0 | AD1108: 0 | AE1108: 0 | AF1108: 0 | AG1108: 0 | AH1108: 0 | AI1108: 0 | AJ1108: 0 | AK1108: 0 | AL1108: 0 | AM1108: 0
A1109: SEMARANG三宝垄 | B1109: - | C1109: #N/A | D1109: TEMBALANG | E1109: 0 | F1109: 0 | G1109: 0 | H1109: 0 | I1109: 0 | J1109: 0 | K1109: 0 | L1109: 0 | M1109: 0 | N1109: 0 | O1109: 0 | P1109: 0 | Q1109: 0 | R1109: 0 | S1109: 0 | T1109: 0.015 | U1109: 0 | V1109: 0 | W1109: 0 | X1109: 0 | Y1109: 0 | Z1109: 0 | AA1109: 0 | AB1109: 0 | AC1109: 0 | AD1109: 0 | AE1109: 0 | AF1109: 0 | AG1109: 0 | AH1109: 0 | AI1109: 0 | AJ1109: 0 | AK1109: 0 | AL1109: 0 | AM1109: 0
A1110: SEMARANG三宝垄 | B1110: - | C1110: #N/A | D1110: BUGANGAN | E1110: 0 | F1110: 0 | G1110: 0 | H1110: 0 | I1110: 0 | J1110: 0 | K1110: 0 | L1110: 0 | M1110: 0 | N1110: 0 | O1110: 0 | P1110: 0 | Q1110: 0 | R1110: 0 | S1110: 0 | T1110: 0.015 | U1110: 0 | V1110: 0 | W1110: 0 | X1110: 0 | Y1110: 0 | Z1110: 0 | AA1110: 0 | AB1110: 0 | AC1110: 0 | AD1110: 0 | AE1110: 0 | AF1110: 0 | AG1110: 0 | AH1110: 0 | AI1110: 0 | AJ1110: 0 | AK1110: 0 | AL1110: 0 | AM1110: 0
A1111: SEMARANG三宝垄 | B1111: KUKUH BARAT | C1111: TGL03 | D1111: DEBONG | E1111: 0 | F1111: 0 | G1111: 0 | H1111: 0 | I1111: 0 | J1111: 0 | K1111: 0 | L1111: 0 | M1111: 0 | N1111: 0 | O1111: 0 | P1111: 0 | Q1111: 0 | R1111: 0 | S1111: 0 | T1111: 0.015 | U1111: 0 | V1111: 0 | W1111: 0 | X1111: 0 | Y1111: 0 | Z1111: 0 | AA1111: 0 | AB1111: 0 | AC1111: 0 | AD1111: 0 | AE1111: 0 | AF1111: 0 | AG1111: 0 | AH1111: 0 | AI1111: 0 | AJ1111: 0 | AK1111: 0 | AL1111: 0 | AM1111: 0
A1112: YOGYAKARTA日惹 | B1112: AGUS SULAEMAN | C1112: BTL01 | D1112: BANTUL | E1112: 1648 | F1112: 46 | G1112: 29 | H1112: 0 | I1112: 0 | J1112: 1543 | K1112: 31 | L1112: 31 | M1112: 2 | N1112: 0 | O1112: 1662 | P1112: 51 | Q1112: 51 | R1112: 10 | S1112: 0 | T1112: 0.015 | U1112: 46420 | V1112: 1100 | W1112: 1083 | X1112: 4 | Y1112: 949 | Z1112: 0.023610513 | AA1112: 0.027912621 | AB1112: 0.020090732 | AC1112: 0.030685921 | AD1112: 0.007821889 | AE1112: 11348 | AF1112: 269 | AG1112: 0 | AH1112: 11072 | AI1112: 277 | AJ1112: 2 | AK1112: 0.023704618 | AL1112: 0.024837428 | AM1112: -0.0011328102
A1113: YOGYAKARTA日惹 | B1113: AGUS SULAEMAN | C1113: BTL03 | D1113: KASIHAN | E1113: 6105 | F1113: 176 | G1113: 105 | H1113: 7 | I1113: 0 | J1113: 5192 | K1113: 187 | L1113: 187 | M1113: 0 | N1113: 0 | O1113: 5745 | P1113: 299 | Q1113: 298 | R1113: 49 | S1113: 0 | T1113: 0.015 | U1113: 169925 | V1113: 4540 | W1113: 4457 | X1113: 6 | Y1113: 3785 | Z1113: 0.02668236 | AA1113: 0.028828829 | AB1113: 0.036016949 | AC1113: 0.052045257 | AD1113: -0.0071881203 | AE1113: 40554 | AF1113: 1191 | AG1113: 2 | AH1113: 40996 | AI1113: 1222 | AJ1113: 2 | AK1113: 0.029318933 | AL1113: 0.029759001 | AM1113: -0.0004400681
A1114: YOGYAKARTA日惹 | B1114: AGUS SULAEMAN | C1114: BTL04 | D1114: SEWON | E1114: 4211 | F1114: 71 | G1114: 48 | H1114: 1 | I1114: 0 | J1114: 3321 | K1114: 62 | L1114: 61 | M1114: 0 | N1114: 0 | O1114: 3761 | P1114: 84 | Q1114: 84 | R1114: 13 | S1114: 0 | T1114: 0.015 | U1114: 110821 | V1114: 1999 | W1114: 1973 | X1114: 0 | Y1114: 1751 | Z1114: 0.018038097 | AA1114: 0.016860603 | AB1114: 0.018669076 | AC1114: 0.022334486 | AD1114: -0.0018084724 | AE1114: 26881 | AF1114: 495 | AG1114: 0 | AH1114: 26550 | AI1114: 564 | AJ1114: 0 | AK1114: 0.018414494 | AL1114: 0.021242938 | AM1114: -0.0028284443
A1115: YOGYAKARTA日惹 | B1115: AGUS SULAEMAN | C1115: BTL06 | D1115: DIRO | E1115: 4384 | F1115: 101 | G1115: 73 | H1115: 1 | I1115: 0 | J1115: 4163 | K1115: 69 | L1115: 68 | M1115: 7 | N1115: 0 | O1115: 4283 | P1115: 120 | Q1115: 120 | R1115: 71 | S1115: 0 | T1115: 0.015 | U1115: 106877 | V1115: 2147 | W1115: 2109 | X1115: 2 | Y1115: 1886 | Z1115: 0.0200698 | AA1115: 0.023038321 | AB1115: 0.016574586 | AC1115: 0.028017745 | AD1115: 0.0064637355 | AE1115: 30157 | AF1115: 540 | AG1115: 2 | AH1115: 25280 | AI1115: 520 | AJ1115: 0 | AK1115: 0.017839971 | AL1115: 0.02056962 | AM1115: -0.0027296494
A1116: YOGYAKARTA日惹 | B1116: AGUS SULAEMAN | C1116: BTL08 | D1116: GOSE | E1116: 3217 | F1116: 61 | G1116: 41 | H1116: 0 | I1116: 1 | J1116: 3310 | K1116: 66 | L1116: 66 | M1116: 0 | N1116: 0 | O1116: 3389 | P1116: 70 | Q1116: 70 | R1116: 19 | S1116: 0 | T1116: 0.015 | U1116: 101468 | V1116: 1950 | W1116: 1929 | X1116: 6 | Y1116: 1725 | Z1116: 0.01915875 | AA1116: 0.018650917 | AB1116: 0.019939577 | AC1116: 0.02065506 | AD1116: -0.00128866 | AE1116: 24604 | AF1116: 460 | AG1116: 2 | AH1116: 23709 | AI1116: 491 | AJ1116: 0 | AK1116: 0.018614859 | AL1116: 0.020709435 | AM1116: -0.0020945759
A1117: YOGYAKARTA日惹 | B1117: AGUS SULAEMAN | C1117: BTL10 | D1117: PERWITA | E1117: 0 | F1117: 0 | G1117: 0 | H1117: 0 | I1117: 0 | J1117: 0 | K1117: 0 | L1117: 0 | M1117: 0 | N1117: 0 | O1117: 0 | P1117: 0 | Q1117: 0 | R1117: 0 | S1117: 0 | T1117: 0.015 | U1117: 0 | V1117: 18 | W1117: 18 | X1117: 0 | Y1117: 18 | Z1117: 0 | AA1117: 0 | AB1117: 0 | AC1117: 0 | AD1117: 0 | AE1117: 0 | AF1117: 0 | AG1117: 0 | AH1117: 0 | AI1117: 3 | AJ1117: 0 | AK1117: 0 | AL1117: 0 | AM1117: 0
A1118: YOGYAKARTA日惹 | B1118: AGUS SULAEMAN | C1118: BTL11A | D1118: TAMANAN | E1118: 5857 | F1118: 124 | G1118: 84 | H1118: 6 | I1118: 0 | J1118: 5291 | K1118: 72 | L1118: 72 | M1118: 0 | N1118: 0 | O1118: 5145 | P1118: 145 | Q1118: 144 | R1118: 52 | S1118: 0 | T1118: 0.015 | U1118: 156549 | V1118: 3657 | W1118: 3591 | X1118: 0 | Y1118: 3233 | Z1118: 0.023360098 | AA1118: 0.021171248 | AB1118: 0.013608014 | AC1118: 0.028182702 | AD1118: 0.0075632345 | AE1118: 37834 | AF1118: 828 | AG1118: 0 | AH1118: 38290 | AI1118: 952 | AJ1118: 0 | AK1118: 0.021885077 | AL1118: 0.024862888 | AM1118: -0.0029778116
A1119: YOGYAKARTA日惹 | B1119: AGUS SULAEMAN | C1119: BTL11B | D1119: WONOCATUR | E1119: 0 | F1119: 2 | G1119: 1 | H1119: 0 | I1119: 0 | J1119: 0 | K1119: 1 | L1119: 1 | M1119: 1 | N1119: 0 | O1119: 0 | P1119: 0 | Q1119: 0 | R1119: 0 | S1119: 0 | T1119: 0.015 | U1119: 0 | V1119: 8 | W1119: 7 | X1119: 0 | Y1119: 6 | Z1119: 0 | AA1119: 0 | AB1119: 0 | AC1119: 0 | AD1119: 0 | AE1119: 0 | AF1119: 3 | AG1119: 0 | AH1119: 0 | AI1119: 1 | AJ1119: 0 | AK1119: 0 | AL1119: 0 | AM1119: 0
A1120: YOGYAKARTA日惹 | B1120: AGUS SULAEMAN | C1120: BTL12A | D1120: SITIMULYO | E1120: 2651 | F1120: 74 | G1120: 50 | H1120: 1 | I1120: 0 | J1120: 2568 | K1120: 50 | L1120: 50 | M1120: 1 | N1120: 0 | O1120: 2587 | P1120: 66 | Q1120: 66 | R1120: 24 | S1120: 0 | T1120: 0.015 | U1120: 72864 | V1120: 1445 | W1120: 1420 | X1120: 1 | Y1120: 1255 | Z1120: 0.019817743 | AA1120: 0.027913995 | AB1120: 0.019470405 | AC1120: 0.025512176 | AD1120: 0.0084435897 | AE1120: 18265 | AF1120: 341 | AG1120: 0 | AH1120: 17782 | AI1120: 364 | AJ1120: 0 | AK1120: 0.018669587 | AL1120: 0.020470138 | AM1120: -0.0018005517
A1121: YOGYAKARTA日惹 | B1121: IMAM ARIEF BUDI SANTOSO | C1121: BYL01 | D1121: BOYOLALI | E1121: 0 | F1121: 0 | G1121: 0 | H1121: 0 | I1121: 0 | J1121: 0 | K1121: 0 | L1121: 0 | M1121: 0 | N1121: 0 | O1121: 0 | P1121: 0 | Q1121: 0 | R1121: 0 | S1121: 0 | T1121: 0.015 | U1121: 0 | V1121: 1 | W1121: 1 | X1121: 0 | Y1121: 1 | Z1121: 0 | AA1121: 0 | AB1121: 0 | AC1121: 0 | AD1121: 0 | AE1121: 0 | AF1121: 1 | AG1121: 0 | AH1121: 0 | AI1121: 0 | AJ1121: 0 | AK1121: 0 | AL1121: 0 | AM1121: 0
A1122: YOGYAKARTA日惹 | B1122: IMAM ARIEF BUDI SANTOSO | C1122: BYL02 | D1122: TERAS | E1122: 2924 | F1122: 71 | G1122: 57 | H1122: 13 | I1122: 0 | J1122: 3579 | K1122: 46 | L1122: 45 | M1122: 6 | N1122: 0 | O1122: 2316 | P1122: 55 | Q1122: 54 | R1122: 33 | S1122: 0 | T1122: 0.015 | U1122: 83536 | V1122: 1460 | W1122: 1441 | X1122: 1 | Y1122: 1302 | Z1122: 0.017465524 | AA1122: 0.024281806 | AB1122: 0.012852752 | AC1122: 0.023747841 | AD1122: 0.011429054 | AE1122: 18947 | AF1122: 354 | AG1122: 1 | AH1122: 18517 | AI1122: 394 | AJ1122: 0 | AK1122: 0.018630918 | AL1122: 0.021277745 | AM1122: -0.002646827
... A1634: SURABAYA泗水 | B1634: - | C1634: TCSPG101 | D1634: TCSPG101 | E1634: 0 | F1634: 0 | G1634: 0 | H1634: 0 | I1634: 0 | J1634: 0 | K1634: 0 | L1634: 0 | M1634: 0 | N1634: 0 | O1634: 0 | P1634: 0 | Q1634: 0 | R1634: 0 | S1634: 0 | T1634: 0.015 | U1634: 0 | V1634: 0 | W1634: 0 | X1634: 0 | Y1634: 0 | Z1634: 0 | AA1634: 0 | AB1634: 0 | AC1634: 0 | AD1634: 0 | AE1634: 0 | AF1634: 0 | AG1634: 0 | AH1634: 0 | AI1634: 0 | AJ1634: 0 | AK1634: 0 | AL1634: 0 | AM1634: 0

Sheet 06.30
B1: ="网管-雅加达网点质量达成 "&TEXT(R2,"YYYY-MM-DD")&" "&"NM - Pencapaian Ketepatan Waktu Kehadiran Sprinter "&TEXT(R2,"YYYY-MM-DD") -> 网管-雅加达网点质量达成 2026-09-28 NM - Pencapaian Ketepatan Waktu Kehadiran Sprinter 2026-09-28 | R1: Date
R2: ='06.30, 07.30, & 12.00'!F4 -> 46293 | S2: =EOMONTH(R2,-1)+1 -> 46266 | T2: report kualitas agent | W2: =COUNTIFS(#REF!,I:I,#REF!,1,#REF!,"<="&#REF!) -> #REF! | X2: =COUNTIFS(#REF!,I:I,#REF!,1) -> #REF! | Y2: =W2/X2 -> #REF!
R3: =R2-2 -> 46291 | S3: =EOMONTH(R3,-1)+1 -> 46266 | T3: report ramadan
C4: 定义: 一派质量考核项 1. 快递员出勤准点率 = 当天当地时间06:30前打卡且当日有签收的快递员人数/ 当天已打卡且有签收的快递员人数 2. 0730出仓率 = 0730前出仓量/ 一班应签收量 3. 1200签收率 = 1200前签收量/ 一班应签收量 4. 一班：散货数量,按照散货班次第一班 目标：90% 质量达成 1. 交件准点率: 准点交件票数 / 应交件票数*100% 目标: 93% 2. 全天签收率 = 按规划时效网点当天签收票数/应签收票数 目标：A92%，B90%，C90% 非平台质量 1. 非平台揽收及时率 = (实际揽收及时量 + 揽收失败及时量)/ 订单量 目标：98% 2. 非平台COD退件率 = (退件登记票数 - 退件作废票数) / 派件量
C6: 代理区 Agent | D6: Fungsi DP | E6: 代理区编码 Kode Agent | F6: 网点 Nama Drop point | G6: Nama agent | I6: 代理区编码 Kode Agent | J6: 快递员出勤准点率 Tingkat Ketepatan Waktu Kehadiran Spirnter
R7: =R2-1 -> 46292
J8: Target | K8: =$R$2 -> 46293 | L8: =R7 -> 46292 | M8: =R3 -> 46291 | N8: 月度达成 Pencapaian Bulanan
C9: JAKARTA雅加达 | D9: Pickup Delivery | E9: AGENT40 | F9: CP_PLUIT_PERMAI | G9: CP_PLUIT_PERMAI | H9: CP_PLUIT_PERMAI | I9: CP_PLUIT_PERMAI | J9: 0.9 | K9: =IFERROR(SUMIFS(#REF!,#REF!,$I9,#REF!,$R$2)/SUMIFS(#REF!,#REF!,$I9,#REF!,$R$2),"-") -> - | L9: =IFERROR(SUMIFS(#REF!,#REF!,$I9,#REF!,$R$7)/SUMIFS(#REF!,#REF!,$I9,#REF!,$R$7),"-") -> - | M9: =IFERROR(SUMIFS(#REF!,#REF!,$I9,#REF!,$R$3)/SUMIFS(#REF!,#REF!,$I9,#REF!,$R$3),"-") -> - | N9: =IFERROR(SUMIFS(#REF!,#REF!,$I9,#REF!,"<="&$R$2,#REF!,">="&$S$2)/SUMIFS(#REF!,#REF!,$I9,#REF!,"<="&$R$2,#REF!,">="&$S$2),"-") -> -
C10: JAKARTA雅加达 | D10: Pickup Delivery | E10: AGENT40 | F10: CP_DANAUSUNTER_UTARA | G10: CP_DANAUSUNTER_UTARA | H10: CP_DANAUSUNTER_UTARA | I10: CP_DANAUSUNTER_UTARA | J10: 0.9 | K10: =IFERROR(SUMIFS(#REF!,#REF!,$I10,#REF!,$R$2)/SUMIFS(#REF!,#REF!,$I10,#REF!,$R$2),"-") -> - | L10: =IFERROR(SUMIFS(#REF!,#REF!,$I10,#REF!,$R$7)/SUMIFS(#REF!,#REF!,$I10,#REF!,$R$7),"-") -> - | M10: =IFERROR(SUMIFS(#REF!,#REF!,$I10,#REF!,$R$3)/SUMIFS(#REF!,#REF!,$I10,#REF!,$R$3),"-") -> - | N10: =IFERROR(SUMIFS(#REF!,#REF!,$I10,#REF!,"<="&$R$2,#REF!,">="&$S$2)/SUMIFS(#REF!,#REF!,$I10,#REF!,"<="&$R$2,#REF!,">="&$S$2),"-") -> -
C11: JAKARTA雅加达 | D11: Pickup Delivery | E11: AGENT40 | F11: KAMAL_MUARA | G11: KAMAL_MUARA | H11: KAMAL_MUARA | I11: KAMAL_MUARA | J11: 0.9 | K11: =IFERROR(SUMIFS(#REF!,#REF!,$I11,#REF!,$R$2)/SUMIFS(#REF!,#REF!,$I11,#REF!,$R$2),"-") -> - | L11: =IFERROR(SUMIFS(#REF!,#REF!,$I11,#REF!,$R$7)/SUMIFS(#REF!,#REF!,$I11,#REF!,$R$7),"-") -> - | M11: =IFERROR(SUMIFS(#REF!,#REF!,$I11,#REF!,$R$3)/SUMIFS(#REF!,#REF!,$I11,#REF!,$R$3),"-") -> - | N11: =IFERROR(SUMIFS(#REF!,#REF!,$I11,#REF!,"<="&$R$2,#REF!,">="&$S$2)/SUMIFS(#REF!,#REF!,$I11,#REF!,"<="&$R$2,#REF!,">="&$S$2),"-") -> -
C12: JAKARTA雅加达 | D12: Pickup Delivery | E12: AGENT40 | F12: TELUK_GONG | G12: TELUK_GONG | H12: TELUK_GONG | I12: TELUK_GONG | J12: 0.9 | K12: =IFERROR(SUMIFS(#REF!,#REF!,$I12,#REF!,$R$2)/SUMIFS(#REF!,#REF!,$I12,#REF!,$R$2),"-") -> - | L12: =IFERROR(SUMIFS(#REF!,#REF!,$I12,#REF!,$R$7)/SUMIFS(#REF!,#REF!,$I12,#REF!,$R$7),"-") -> - | M12: =IFERROR(SUMIFS(#REF!,#REF!,$I12,#REF!,$R$3)/SUMIFS(#REF!,#REF!,$I12,#REF!,$R$3),"-") -> - | N12: =IFERROR(SUMIFS(#REF!,#REF!,$I12,#REF!,"<="&$R$2,#REF!,">="&$S$2)/SUMIFS(#REF!,#REF!,$I12,#REF!,"<="&$R$2,#REF!,">="&$S$2),"-") -> -
C13: JAKARTA雅加达 | D13: Pickup Delivery | E13: AGENT40 | F13: CP_TELUK_GONG_RAYA | G13: CP_TELUK_GONG_RAYA | H13: CP_TELUK_GONG_RAYA | I13: CP_TELUK_GONG_RAYA | J13: 0.9 | K13: =IFERROR(SUMIFS(#REF!,#REF!,$I13,#REF!,$R$2)/SUMIFS(#REF!,#REF!,$I13,#REF!,$R$2),"-") -> - | L13: =IFERROR(SUMIFS(#REF!,#REF!,$I13,#REF!,$R$7)/SUMIFS(#REF!,#REF!,$I13,#REF!,$R$7),"-") -> - | M13: =IFERROR(SUMIFS(#REF!,#REF!,$I13,#REF!,$R$3)/SUMIFS(#REF!,#REF!,$I13,#REF!,$R$3),"-") -> - | N13: =IFERROR(SUMIFS(#REF!,#REF!,$I13,#REF!,"<="&$R$2,#REF!,">="&$S$2)/SUMIFS(#REF!,#REF!,$I13,#REF!,"<="&$R$2,#REF!,">="&$S$2),"-") -> -
C14: JAKARTA雅加达 | D14: Pickup Delivery | E14: AGENT40 | F14: CP_PADEMANGAN_4 | G14: CP_PADEMANGAN_4 | H14: CP_PADEMANGAN_4 | I14: CP_PADEMANGAN_4 | J14: 0.9 | K14: =IFERROR(SUMIFS(#REF!,#REF!,$I14,#REF!,$R$2)/SUMIFS(#REF!,#REF!,$I14,#REF!,$R$2),"-") -> - | L14: =IFERROR(SUMIFS(#REF!,#REF!,$I14,#REF!,$R$7)/SUMIFS(#REF!,#REF!,$I14,#REF!,$R$7),"-") -> - | M14: =IFERROR(SUMIFS(#REF!,#REF!,$I14,#REF!,$R$3)/SUMIFS(#REF!,#REF!,$I14,#REF!,$R$3),"-") -> - | N14: =IFERROR(SUMIFS(#REF!,#REF!,$I14,#REF!,"<="&$R$2,#REF!,">="&$S$2)/SUMIFS(#REF!,#REF!,$I14,#REF!,"<="&$R$2,#REF!,">="&$S$2),"-") -> -
C15: JAKARTA雅加达 | D15: Pickup Delivery | E15: AGENT40 | F15: CP_ANCOL_SELATAN_1 | G15: CP_ANCOL_SELATAN_1 | H15: CP_ANCOL_SELATAN_1 | I15: CP_ANCOL_SELATAN_1 | J15: 0.9 | K15: =IFERROR(SUMIFS(#REF!,#REF!,$I15,#REF!,$R$2)/SUMIFS(#REF!,#REF!,$I15,#REF!,$R$2),"-") -> - | L15: =IFERROR(SUMIFS(#REF!,#REF!,$I15,#REF!,$R$7)/SUMIFS(#REF!,#REF!,$I15,#REF!,$R$7),"-") -> - | M15: =IFERROR(SUMIFS(#REF!,#REF!,$I15,#REF!,$R$3)/SUMIFS(#REF!,#REF!,$I15,#REF!,$R$3),"-") -> - | N15: =IFERROR(SUMIFS(#REF!,#REF!,$I15,#REF!,"<="&$R$2,#REF!,">="&$S$2)/SUMIFS(#REF!,#REF!,$I15,#REF!,"<="&$R$2,#REF!,">="&$S$2),"-") -> -
C16: JAKARTA雅加达 | D16: Pickup Delivery | E16: AGENT40 | F16: KEPULAUAN_SERIBU | G16: KEPULAUAN_SERIBU | H16: KEPULAUAN_SERIBU | I16: KEPULAUAN_SERIBU | J16: 0.9 | K16: =IFERROR(SUMIFS(#REF!,#REF!,$I16,#REF!,$R$2)/SUMIFS(#REF!,#REF!,$I16,#REF!,$R$2),"-") -> - | L16: =IFERROR(SUMIFS(#REF!,#REF!,$I16,#REF!,$R$7)/SUMIFS(#REF!,#REF!,$I16,#REF!,$R$7),"-") -> - | M16: =IFERROR(SUMIFS(#REF!,#REF!,$I16,#REF!,$R$3)/SUMIFS(#REF!,#REF!,$I16,#REF!,$R$3),"-") -> - | N16: =IFERROR(SUMIFS(#REF!,#REF!,$I16,#REF!,"<="&$R$2,#REF!,">="&$S$2)/SUMIFS(#REF!,#REF!,$I16,#REF!,"<="&$R$2,#REF!,">="&$S$2),"-") -> -
C17: JAKARTA雅加达 | D17: Pickup Delivery | E17: AGENT40 | F17: TANAH_ABANG | G17: TANAH_ABANG | H17: TANAH_ABANG | I17: TANAH_ABANG | J17: 0.9 | K17: =IFERROR(SUMIFS(#REF!,#REF!,$I17,#REF!,$R$2)/SUMIFS(#REF!,#REF!,$I17,#REF!,$R$2),"-") -> - | L17: =IFERROR(SUMIFS(#REF!,#REF!,$I17,#REF!,$R$7)/SUMIFS(#REF!,#REF!,$I17,#REF!,$R$7),"-") -> - | M17: =IFERROR(SUMIFS(#REF!,#REF!,$I17,#REF!,$R$3)/SUMIFS(#REF!,#REF!,$I17,#REF!,$R$3),"-") -> - | N17: =IFERROR(SUMIFS(#REF!,#REF!,$I17,#REF!,"<="&$R$2,#REF!,">="&$S$2)/SUMIFS(#REF!,#REF!,$I17,#REF!,"<="&$R$2,#REF!,">="&$S$2),"-") -> -
C18: JAKARTA雅加达 | D18: Pickup Delivery | E18: AGENT40 | F18: SENEN | G18: SENEN | H18: SENEN | I18: SENEN | J18: 0.9 | K18: =IFERROR(SUMIFS(#REF!,#REF!,$I18,#REF!,$R$2)/SUMIFS(#REF!,#REF!,$I18,#REF!,$R$2),"-") -> - | L18: =IFERROR(SUMIFS(#REF!,#REF!,$I18,#REF!,$R$7)/SUMIFS(#REF!,#REF!,$I18,#REF!,$R$7),"-") -> - | M18: =IFERROR(SUMIFS(#REF!,#REF!,$I18,#REF!,$R$3)/SUMIFS(#REF!,#REF!,$I18,#REF!,$R$3),"-") -> - | N18: =IFERROR(SUMIFS(#REF!,#REF!,$I18,#REF!,"<="&$R$2,#REF!,">="&$S$2)/SUMIFS(#REF!,#REF!,$I18,#REF!,"<="&$R$2,#REF!,">="&$S$2),"-") -> -
C19: JAKARTA雅加达 | D19: Pickup Delivery | E19: AGENT40 | F19: CP_PINANGSIA_RAYA | G19: CP_PINANGSIA_RAYA | H19: CP_PINANGSIA_RAYA | I19: CP_PINANGSIA_RAYA | J19: 0.9 | K19: =IFERROR(SUMIFS(#REF!,#REF!,$I19,#REF!,$R$2)/SUMIFS(#REF!,#REF!,$I19,#REF!,$R$2),"-") -> - | L19: =IFERROR(SUMIFS(#REF!,#REF!,$I19,#REF!,$R$7)/SUMIFS(#REF!,#REF!,$I19,#REF!,$R$7),"-") -> - | M19: =IFERROR(SUMIFS(#REF!,#REF!,$I19,#REF!,$R$3)/SUMIFS(#REF!,#REF!,$I19,#REF!,$R$3),"-") -> - | N19: =IFERROR(SUMIFS(#REF!,#REF!,$I19,#REF!,"<="&$R$2,#REF!,">="&$S$2)/SUMIFS(#REF!,#REF!,$I19,#REF!,"<="&$R$2,#REF!,">="&$S$2),"-") -> -
C20: JAKARTA雅加达 | D20: Pickup Delivery | E20: AGENT40 | F20: JOHAR_BARU_01 | G20: JOHAR_BARU_01 | H20: JOHAR_BARU_01 | I20: JOHAR_BARU_01 | J20: 0.9 | K20: =IFERROR(SUMIFS(#REF!,#REF!,$I20,#REF!,$R$2)/SUMIFS(#REF!,#REF!,$I20,#REF!,$R$2),"-") -> - | L20: =IFERROR(SUMIFS(#REF!,#REF!,$I20,#REF!,$R$7)/SUMIFS(#REF!,#REF!,$I20,#REF!,$R$7),"-") -> - | M20: =IFERROR(SUMIFS(#REF!,#REF!,$I20,#REF!,$R$3)/SUMIFS(#REF!,#REF!,$I20,#REF!,$R$3),"-") -> - | N20: =IFERROR(SUMIFS(#REF!,#REF!,$I20,#REF!,"<="&$R$2,#REF!,">="&$S$2)/SUMIFS(#REF!,#REF!,$I20,#REF!,"<="&$R$2,#REF!,">="&$S$2),"-") -> -
... C1674: BALI巴厘 | D1674: Pickup Delivery | E1674: AGENT21 | F1674: KUPANG_TIMUR | G1674: KUPANG_TIMUR | H1674: KUPANG_TIMUR | I1674: KUPANG_TIMUR | J1674: 0.9 | K1674: =IFERROR(SUMIFS(#REF!,#REF!,$I1674,#REF!,$R$2)/SUMIFS(#REF!,#REF!,$I1674,#REF!,$R$2),"-") -> - | L1674: =IFERROR(SUMIFS(#REF!,#REF!,$I1674,#REF!,$R$7)/SUMIFS(#REF!,#REF!,$I1674,#REF!,$R$7),"-") -> - | M1674: =IFERROR(SUMIFS(#REF!,#REF!,$I1674,#REF!,$R$3)/SUMIFS(#REF!,#REF!,$I1674,#REF!,$R$3),"-") -> - | N1674: =IFERROR(SUMIFS(#REF!,#REF!,$I1674,#REF!,"<="&$R$2,#REF!,">="&$S$2)/SUMIFS(#REF!,#REF!,$I1674,#REF!,"<="&$R$2,#REF!,">="&$S$2),"-") -> -
C1675: 合计 Total | J1675: - | K1675: =SUMIFS(#REF!,#REF!,$R$2,#REF!,1)/SUMIFS(#REF!,#REF!,$R$2,#REF!,1) -> #REF! | L1675: =SUMIFS(#REF!,#REF!,$R$7,#REF!,1)/SUMIFS(#REF!,#REF!,$R$7,#REF!,1) -> #REF! | M1675: =SUMIFS(#REF!,#REF!,$R$3,#REF!,1)/SUMIFS(#REF!,#REF!,$R$3,#REF!,1) -> #REF! | N1675: =SUMIFS(#REF!,#REF!,"<="&$R$2,#REF!,">="&$S$2,#REF!,1)/SUMIFS(#REF!,#REF!,"<="&$R$2,#REF!,">="&$S$2,#REF!,1) -> #REF!
A1677: a
C1678: 定义: 一派质量考核项 快递员出勤准点率 = 当天当地时间06:30前打卡且当日有签收的快递员人数/ 当天已打卡且有签收的快递员人数 0730出仓率 = 0730前出仓量/ 一班应签收量 1200签收率 = 1200前签收量/ 一班应签收量 一班：散货数量,按照散货班次第一班 目标：90% 非平台揽收及时率 JMS - 经营指标 - 时效 - 订单收派件时效监控-DB-订单录入时间 未算订单来源 : SHOPEE, SHOPEECB, MAGELLAN, TOKOPEDIA, KURIRREKOMENDASI, LAZADA, BUKALAPAK, BUKASEND, BUKAEXPRESS, TTREVERSE, TOKOREVERSE 揽收操作及时率 = (实际揽收及时量 + 揽收失败及时量)/ 订单量*100% 目标：97% 交件准点率 JMS - 经营指标 - 时效 - 交件准点率(新) 取值时间: 按规划到件日期统计 天-1 交件准点率: 准点交件票数 / 应交件票数*100% 目标: 93% 全天签收率 JMS-经营指标-末端-实际签收(半截路由) 取值时间：T-1 如果退件 = Y，预测签收时间 + 7 天 全天签收率 = 按规划时效网点当天签收票数/应签收票数 目标：A92%，B90%，C90% 非平台COD退件率 JMS -操作平台-数据监控-退件量报表(新) COD: Y 未算订单来源 : SHOPEE, SHOPEECB, MAGELLAN, TOKOPEDIA, KURIRREKOMENDASI, LAZADA, BUKALAPAK, BUKASEND, BUKAEXPRESS, TTREVERSE, TOKOREVERSE 退件量=退件登记票数-退件作废票数 退件率=退件量/派件量 | V1678: Penjelasan: PU Rate Non-ecomm JMS - Penilaian - SLA - SLA Order PU - Deliv (Refine)-Waktu Upload Sumber Order yang Tidak Masuk : SHOPEE, SHOPEECB, MAGELLAN, TOKOPEDIA, KURIRREKOMENDASI, LAZADA, BUKALAPAK, BUKASEND, BUKAEXPRESS, TTREVERSE, TOKOREVERSE % On Time Pickup + Gagal Pick up = (On Time Pick Up + On Time Gagal Pick Up) / Total Order * 100% Target : 97% TPTW JMS - Penilaian - Laporan SLA - TPTW (New) Waktu Penarikan: Berdasarkan Waktu Perencanaan Sampai H-1 Tingkat Pengiriman Tepat Waktu: Total kirim tepat waktu / Total seharusnya kirim Target: 96% TTD Aktual JMS-Penilaian-Incoming-TTD Aktual(Rute Statis) Waktu Penarikan: T-1 Jika Retur = Y, maka waktu prediksi + 7 hari Persentase Keseluruhan Hari TTD = Jumlah TTD Hari H/Jumlah Seharusnya TTD Target: A92%, B90%, C90% Persentase TTD EZ 3 Hari 3 kali Delivery JMS-Penilaian-Incoming-TTD Aktual(Rute Statis) Waktu Penarikan: T-3, Jenis Layanan: EZ, Status Retur: N Persentase TTD EZ 3 Hari 3 kali Delivery = jumlah pesanan EZ yang ditandatangani dalam 3 hari / jumlah pesanan EZ yang seharusnya ditandatangani Retur COD Non-ecomm JMS - Operasi - Monitor - Laporan Total Retur (Refine) - Sisi Delivery & Retur COD: Y; Sumber Order yang Tidak Masuk : SHOPEE, SHOPEECB, MAGELLAN, TOKOPEDIA, KURIRREKOMENDASI, LAZADA, BUKALAPAK, BUKASEND, BUKAEXPRESS, TTREVERSE, TOKOREVERSE Total Retur = Total Regis Retur - Total Void Retur

Sheet RM Pencapaian Harian
A1: =CONCATENATE("网管-RM达成率 (日) ",TEXT($D$3,"DD MMM YYYY")," NM-Pencapaian RM Harian berdasarkan DP/CP yang di-handle") -> 网管-RM达成率 (日) 28 Sep 2026 NM-Pencapaian RM Harian berdasarkan DP/CP yang di-handle
A2: 代理区 Regional | B2: RM | C2: Jumlah DP/CP | D2: RM打卡准点率 Absensi 6.30 Tepat Waktu | H2: 0730出仓率 Keluar Gudang 0730 | L2: 1200前签收率 TTD Sebelum 1200 | P2: 全天签收率 TTD All Ritase | T2: 退件率 %Retur
D3: ='Display ALL DP'!L8 -> 46293 | E3: =D3-1 -> 46292 | F3: =D3-2 -> 46291 | G3: 对比昨天 vs H-1 | H3: =D3 -> 46293 | I3: =E3 -> 46292 | J3: =F3 -> 46291 | K3: 对比昨天 vs H-1 | L3: =D3 -> 46293 | M3: =E3 -> 46292 | N3: =F3 -> 46291 | O3: 对比昨天 vs H-1 | P3: =D3 -> 46293 | Q3: =E3 -> 46292 | R3: =F3 -> 46291 | S3: 对比昨天 vs H-1 | T3: =D3 -> 46293 | U3: =E3 -> 46292 | V3: =F3 -> 46291 | W3: 对比昨天 vs H-1
A4: 目标值 Target | D4: 0.9 | E4: 0.9 | F4: 0.9 | H4: 0.9 | I4: 0.9 | J4: 0.9 | L4: 0.9 | M4: 0.9 | N4: 0.9 | P4: 0.93 | Q4: 0.93 | R4: 0.93 | T4: 0.015 | U4: 0.015 | V4: 0.015
A5: TOTAL JAWA-BALI | C5: 1712 | D5: 0.93388683 | E5: 0.92744662 | F5: 0.93296717 | G5: 0.0064402184 | H5: 0.95230033 | I5: 0.94527776 | J5: 0.955688 | K5: 0.0070225708 | L5: 0.88426861 | M5: 0.87546588 | N5: 0.9007146 | O5: 0.0088027279 | P5: 0.94431698 | Q5: 0.9362754 | R5: 0.95602066 | S5: 0.0080415768 | T5: 0.027486338 | U5: 0.022153191 | V5: 0.023397283 | W5: 0.005333147
A6: JAKARTA雅加达 | B6: Total Regional | C6: 111 | D6: 0.92235966 | E6: 0.91631478 | F6: 0.91632101 | G6: 0.0060448782 | H6: 0.93915966 | I6: 0.94195959 | J6: 0.95488666 | K6: -0.0027999318 | L6: 0.85177854 | M6: 0.80407146 | N6: 0.85528484 | O6: 0.047707084 | P6: 0.94532117 | Q6: 0.91672685 | R6: 0.9477744 | S6: 0.028594323 | T6: 0.028168664 | U6: 0.019018451 | V6: 0.018001944 | W6: 0.0091502128
A7: JAKARTA雅加达 | B7: AGISTA PRIYANTONO | C7: 11 | D7: 0.9 | E7: 0.92477064 | F7: 0.91580756 | G7: -0.024770642 | H7: 0.92042275 | I7: 0.96140514 | J7: 0.95479523 | K7: -0.040982382 | L7: 0.87739612 | M7: 0.85069881 | N7: 0.88512063 | O7: 0.02669731 | P7: 0.95043937 | Q7: 0.95080013 | R7: 0.96926075 | S7: -0.00036076172 | T7: 0.031004074 | U7: 0.019446942 | V7: 0.01300754 | W7: 0.011557131
A8: JAKARTA雅加达 | B8: ANDI PRASETIYO | C8: 7 | D8: 0.92346939 | E8: 0.88918919 | F8: 0.88860759 | G8: 0.034280199 | H8: 0.9548826 | I8: 0.98489001 | J8: 0.98821844 | K8: -0.030007408 | L8: 0.83912221 | M8: 0.74356293 | N8: 0.84042972 | O8: 0.095559278 | P8: 0.94081424 | Q8: 0.847225 | R8: 0.9334356 | S8: 0.093589246 | T8: 0.038234521 | U8: 0.025579492 | V8: 0.025355629 | W8: 0.012655029
A9: JAKARTA雅加达 | B9: ARIS YULIANTO | C9: 11 | D9: 0.89705882 | E9: 0.88012618 | F9: 0.89835575 | G9: 0.016932641 | H9: 0.92523824 | I9: 0.94262295 | J9: 0.94795356 | K9: -0.017384715 | L9: 0.79572322 | M9: 0.78722476 | N9: 0.81554929 | O9: 0.0084984659 | P9: 0.93489733 | Q9: 0.94403567 | R9: 0.95002131 | S9: -0.0091383408 | T9: 0.029642513 | U9: 0.015563364 | V9: 0.022938285 | W9: 0.014079149
A10: JAKARTA雅加达 | B10: JHOSVANDO ANANG WINARTO | C10: 10 | D10: 0.92517007 | E10: 0.91075515 | F10: 0.92066806 | G10: 0.014414919 | H10: 0.94136359 | I10: 0.96003982 | J10: 0.96976328 | K10: -0.01867623 | L10: 0.8551055 | M10: 0.81833049 | N10: 0.84969167 | O10: 0.036775014 | P10: 0.94432765 | Q10: 0.90628976 | R10: 0.92916859 | S10: 0.038037899 | T10: 0.024979184 | U10: 0.017984027 | V10: 0.019665161 | W10: 0.006995157
A11: JAKARTA雅加达 | B11: DIFA HERDIANSAH MUNABARI | C11: 14 | D11: 0.95982143 | E11: 0.95196507 | F11: 0.92027972 | G11: 0.0078563631 | H11: 0.98306495 | I11: 0.97664033 | J11: 0.97852592 | K11: 0.0064246241 | L11: 0.86466437 | M11: 0.84470236 | N11: 0.87348908 | O11: 0.019962014 | P11: 0.94445273 | Q11: 0.93616493 | R11: 0.95729365 | S11: 0.0082877973 | T11: 0.03225671 | U11: 0.021517024 | V11: 0.020462827 | W11: 0.010739686
A12: JAKARTA雅加达 | B12: I MADE DWI PU DJAWARDANA | C12: 13 | D12: 0.90848214 | E12: 0.9 | F12: 0.91322314 | G12: 0.0084821429 | H12: 0.89692917 | I12: 0.86831499 | J12: 0.90314293 | K12: 0.028614173 | L12: 0.86360038 | M12: 0.80942354 | N12: 0.87658767 | O12: 0.054176844 | P12: 0.9386646 | Q12: 0.90262028 | R12: 0.94644483 | S12: 0.036044315 | T12: 0.020801267 | U12: 0.017375108 | V12: 0.01343971 | W12: 0.0034261588
A13: JAKARTA雅加达 | B13: MUHAMMAD BANDI BANDANUJI | C13: 14 | D13: 0.91651543 | E13: 0.92393321 | F13: 0.93902439 | G13: -0.0074177832 | H13: 0.96867242 | I13: 0.95552469 | J13: 0.96277059 | K13: 0.013147732 | L13: 0.88134925 | M13: 0.83985352 | N13: 0.87495921 | O13: 0.041495736 | P13: 0.94981343 | Q13: 0.91759599 | R13: 0.93785257 | S13: 0.032217446 | T13: 0.023397031 | U13: 0.015720141 | V13: 0.017543335 | W13: 0.0076768908
A14: JAKARTA雅加达 | B14: BIMO WIRA ANGGORO | C14: 10 | D14: 0.95104895 | E14: 0.94883721 | F14: 0.92688172 | G14: 0.0022117417 | H14: 0.95087384 | I14: 0.87449836 | J14: 0.96915062 | K14: 0.076375482 | L14: 0.82734185 | M14: 0.75761233 | N14: 0.83586021 | O14: 0.069729527 | P14: 0.94303077 | Q14: 0.91425975 | R14: 0.93673584 | S14: 0.02877102 | T14: 0.026404688 | U14: 0.015537402 | V14: 0.013903951 | W14: 0.010867286
A15: JAKARTA雅加达 | B15: SAMSUL MAARIF | C15: 12 | D15: 0.92832765 | E15: 0.93485915 | F15: 0.91808874 | G15: -0.0065315099 | H15: 0.96272855 | I15: 0.96904637 | J15: 0.97435722 | K15: -0.0063178222 | L15: 0.84836498 | M15: 0.77734313 | N15: 0.86356579 | O15: 0.071021851 | P15: 0.95350952 | Q15: 0.89960538 | R15: 0.95061497 | S15: 0.053904134 | T15: 0.032215462 | U15: 0.021264 | V15: 0.016514846 | W15: 0.010951462
A16: JAKARTA雅加达 | B16: SIDIQ HASPARI | C16: 9 | D16: 0.91289199 | E16: 0.88947368 | F16: 0.91778523 | G16: 0.023418302 | H16: 0.91753701 | I16: 0.93975384 | J16: 0.92239928 | K16: -0.022216835 | L16: 0.85475131 | M16: 0.78925818 | N16: 0.82526578 | O16: 0.065493132 | P16: 0.94953029 | Q16: 0.9211339 | R16: 0.9505172 | S16: 0.028396389 | T16: 0.02479286 | U16: 0.020425104 | V16: 0.019725813 | W16: 0.0043677559
A17: TANGERANG唐格朗 | B17: Total Regional | C17: 108 | D17: 0.95488722 | E17: 0.94751147 | F17: 0.95918038 | G17: 0.0073757521 | H17: 0.9483129 | I17: 0.93759569 | J17: 0.95109704 | K17: 0.010717209 | L17: 0.9124301 | M17: 0.9013785 | N17: 0.91891274 | O17: 0.011051595 | P17: 0.95708371 | Q17: 0.95398942 | R17: 0.96644291 | S17: 0.0030942869 | T17: 0.023726982 | U17: 0.018861442 | V17: 0.019114608 | W17: 0.0048655402
... A25: TANGERANG唐格朗 | B25: RAHMAN | C25: 9 | D25: 0.9537037 | E25: 0.97716895 | F25: 0.97379913 | G25: -0.023465246 | H25: 0.93977392 | I25: 0.93775877 | J25: 0.95200039 | K25: 0.0020151508 | L25: 0.92624622 | M25: 0.92251695 | N25: 0.93504795 | O25: 0.0037292686 | P25: 0.94844686 | Q25: 0.94549691 | R25: 0.96331534 | S25: 0.0029499431 | T25: 0.027996278 | U25: 0.016261328 | V25: 0.016723998 | W25: 0.01173495
A26: TANGERANG唐格朗 | B26: - | C26: 3 | D26: 0.90322581 | E26: 0.92134831 | F26: 0.90425532 | G26: -0.018122508 | H26: 0 | I26: 0 | J26: - | K26: 0 | L26: 0 | M26: 0 | N26: - | O26: 0 | P26: 0.93636243 | Q26: 0.94743398 | R26: 0.95613079 | S26: -0.011071552 | T26: 0.01961034 | U26: 0.01615431 | V26: 0.017843289 | W26: 0.0034560302
A27: BEKASI勿加西 | B27: Total Regional | C27: 48 | D27: 0.94929847 | E27: 0.93951972 | F27: 0.93868324 | G27: 0.009778754 | H27: 0.95008104 | I27: 0.94714972 | J27: 0.95740338 | K27: 0.0029313174 | L27: 0.90021651 | M27: 0.90140943 | N27: 0.91643228 | O27: -0.0011929207 | P27: 0.94380321 | Q27: 0.94601995 | R27: 0.95944495 | S27: -0.0022167376 | T27: 0.024931664 | U27: 0.017824081 | V27: 0.015736019 | W27: 0.0071075826
A28: BEKASI勿加西 | B28: ANDREW | C28: 6 | D28: 0.93818985 | E28: 0.90625 | F28: 0.93885602 | G28: 0.031939845 | H28: 0.97259538 | I28: 0.96320727 | J28: 0.97246589 | K28: 0.0093881082 | L28: 0.90835817 | M28: 0.89306655 | N28: 0.9160401 | O28: 0.015291616 | P28: 0.95369082 | Q28: 0.94166752 | R28: 0.96305942 | S28: 0.012023301 | T28: 0.030667487 | U28: 0.020438067 | V28: 0.016524769 | W28: 0.01022942
A29: BEKASI勿加西 | B29: SUTRISNA | C29: 8 | D29: 0.95341615 | E29: 0.96706587 | F29: 0.96638655 | G29: -0.013649719 | H29: 0.93909895 | I29: 0.94159084 | J29: 0.95576301 | K29: -0.002491893 | L29: 0.89357156 | M29: 0.90578221 | N29: 0.92419196 | O29: -0.012210657 | P29: 0.93751937 | Q29: 0.94916615 | R29: 0.96656104 | S29: -0.011646781 | T29: 0.02637187 | U29: 0.020303827 | V29: 0.015619877 | W29: 0.006068043
A30: BEKASI勿加西 | B30: FIRMAN ARIANTO | C30: 5 | D30: 0.92462312 | E30: 0.93867925 | F30: 0.91121495 | G30: -0.01405613 | H30: 0.95748377 | I30: 0.91159276 | J30: 0.94827949 | K30: 0.045891014 | L30: 0.90335558 | M30: 0.89234279 | N30: 0.91856472 | O30: 0.01101279 | P30: 0.93928988 | Q30: 0.92759744 | R30: 0.95046524 | S30: 0.011692442 | T30: 0.029275892 | U30: 0.018057199 | V30: 0.016405087 | W30: 0.011218693
A31: BEKASI勿加西 | B31: ADIT | C31: 7 | D31: 0.94977169 | E31: 0.94211288 | F31: 0.93557423 | G31: 0.0076588096 | H31: 0.96015232 | I31: 0.95058041 | J31: 0.96079233 | K31: 0.0095719048 | L31: 0.92091663 | M31: 0.92113122 | N31: 0.93300958 | O31: -0.00021459023 | P31: 0.95614498 | Q31: 0.95283384 | R31: 0.96264134 | S31: 0.0033111407 | T31: 0.020762905 | U31: 0.016275279 | V31: 0.017690094 | W31: 0.0044876269
A32: BEKASI勿加西 | B32: DENDEN | C32: 8 | D32: 0.96766744 | E32: 0.94141414 | F32: 0.9658444 | G32: 0.026253295 | H32: 0.94767465 | I32: 0.93681284 | J32: 0.95503251 | K32: 0.01086181 | L32: 0.88702574 | M32: 0.88511994 | N32: 0.90078457 | O32: 0.0019057984 | P32: 0.93895009 | Q32: 0.94698241 | R32: 0.95476101 | S32: -0.0080323227 | T32: 0.030763137 | U32: 0.015599553 | V32: 0.016972783 | W32: 0.015163584
A33: BEKASI勿加西 | B33: ABDUL MALIK | C33: 8 | D33: 0.94210526 | E33: 0.946875 | F33: 0.92974589 | G33: -0.0047697368 | H33: 0.96873604 | I33: 0.96086045 | J33: 0.95937317 | K33: 0.0078755956 | L33: 0.90523113 | M33: 0.91426673 | N33: 0.92523579 | O33: -0.0090356004 | P33: 0.95313619 | Q33: 0.94732155 | R33: 0.96204642 | S33: 0.0058146354 | T33: 0.020930905 | U33: 0.016665298 | V33: 0.015719229 | W33: 0.0042656065
A34: BEKASI勿加西 | B34: LUTHFI | C34: 6 | D34: 0.95816733 | E34: 0.93857965 | F34: 0.92014519 | G34: 0.019587676 | H34: 0.90353401 | I34: 0.93881459 | J34: 0.94545402 | K34: -0.035280575 | L34: 0.87988786 | M34: 0.88424381 | N34: 0.89515019 | O34: -0.0043559573 | P34: 0.92088538 | Q34: 0.94465216 | R34: 0.9531627 | S34: -0.02376678 | T34: 0.021535464 | U34: 0.019461078 | V34: 0.011480265 | W34: 0.0020743857
A35: BOGOR茂物 | B35: Total Regional | C35: 88 | D35: 0.94158628 | E35: 0.93716249 | F35: 0.94572174 | G35: 0.004423787 | H35: 0.96665489 | I35: 0.96011638 | J35: 0.93979418 | K35: 0.0065385141 | L35: 0.93072135 | M35: 0.93465426 | N35: 0.94057794 | O35: -0.003932906 | P35: 0.97238357 | Q35: 0.9784341 | R35: 0.98281464 | S35: -0.0060505314 | T35: 0.020822465 | U35: 0.018219527 | V35: 0.016805255 | W35: 0.0026029379
A36: BOGOR茂物 | B36: AHMAD TOFIK YULFIKAR | C36: 14 | D36: 0.95021962 | E36: 0.95782313 | F36: 0.94948187 | G36: -0.0076035099 | H36: 0.96611874 | I36: 0.94819768 | J36: 0.84231809 | K36: 0.017921067 | L36: 0.92715099 | M36: 0.93514163 | N36: 0.93543086 | O36: -0.0079906481 | P36: 0.9650298 | Q36: 0.97084707 | R36: 0.97606467 | S36: -0.0058172748 | T36: 0.020523139 | U36: 0.016553599 | V36: 0.015848171 | W36: 0.0039695397
A37: BOGOR茂物 | B37: FALDY FEDIANSYAH | C37: 18 | D37: 0.95516569 | E37: 0.94982079 | F37: 0.94037479 | G37: 0.0053449035 | H37: 0.96619427 | I37: 0.95482583 | J37: 0.96653064 | K37: 0.011368437 | L37: 0.92033523 | M37: 0.92027668 | N37: 0.93699885 | O37: 5.8553923e-05 | P37: 0.96047303 | Q37: 0.96976477 | R37: 0.97782353 | S37: -0.0092917446 | T37: 0.024490343 | U37: 0.022267602 | V37: 0.020214666 | W37: 0.0022227415
A38: BOGOR茂物 | B38: HERI SUSANTO | C38: 14 | D38: 0.92596685 | E38: 0.94354839 | F38: 0.93295019 | G38: -0.017581536 | H38: 0.96883897 | I38: 0.97400606 | J38: 0.97581503 | K38: -0.0051670874 | L38: 0.94386836 | M38: 0.94755774 | N38: 0.9532166 | O38: -0.0036893875 | P38: 0.98466693 | Q38: 0.98844329 | R38: 0.99149339 | S38: -0.0037763599 | T38: 0.017265088 | U38: 0.016403309 | V38: 0.015280136 | W38: 0.00086177863
... A47: BANDUNG万隆 | B47: Deden Ery Riswandi | C47: 12 | D47: 0.90059347 | E47: 0.8765625 | F47: 0.88824383 | G47: 0.024030972 | H47: 0.94128086 | I47: 0.94268171 | J47: 0.94769087 | K47: -0.0014008502 | L47: 0.69160567 | M47: 0.70701823 | N47: 0.75969767 | O47: -0.01541256 | P47: 0.86491347 | Q47: 0.85029871 | R47: 0.8948454 | S47: 0.014614765 | T47: 0.036427154 | U47: 0.026902319 | V47: 0.033221975 | W47: 0.0095248342
A48: BANDUNG万隆 | B48: Dedy | C48: 1 | D48: - | E48: - | F48: - | G48: - | H48: - | I48: 1 | J48: 1 | K48: - | L48: - | M48: 1 | N48: 1 | O48: - | P48: - | Q48: 1 | R48: 1 | S48: - | T48: 0 | U48: - | V48: 0 | W48: -
A49: BANDUNG万隆 | B49: Didi | C49: 24 | D49: 0.95500562 | E49: 0.96476306 | F49: 0.9689298 | G49: -0.0097574377 | H49: 0.97928426 | I49: 0.9771819 | J49: 0.98186757 | K49: 0.0021023558 | L49: 0.8885553 | M49: 0.87965708 | N49: 0.90519525 | O49: 0.0088982181 | P49: 0.93991439 | Q49: 0.92479193 | R49: 0.94886185 | S49: 0.015122451 | T49: 0.019822769 | U49: 0.017488309 | V49: 0.019442043 | W49: 0.0023344608
A50: BANDUNG万隆 | B50: Edo Rudiana | C50: 18 | D50: 0.9826518 | E50: 0.98518519 | F50: 0.97740785 | G50: -0.0025333884 | H50: 0.94439676 | I50: 0.92451875 | J50: 0.97052819 | K50: 0.019878008 | L50: 0.9247257 | M50: 0.92146226 | N50: 0.94325969 | O50: 0.003263436 | P50: 0.95503798 | Q50: 0.94235181 | R50: 0.9602182 | S50: 0.012686162 | T50: 0.018495684 | U50: 0.014499996 | V50: 0.015415525 | W50: 0.0039956887
A51: BANDUNG万隆 | B51: Eki Rizqiana Pahlevi | C51: 20 | D51: 0.90115668 | E51: 0.89098532 | F51: 0.91775326 | G51: 0.010171352 | H51: 0.95355647 | I51: 0.96347959 | J51: 0.96673159 | K51: -0.00992312 | L51: 0.85170438 | M51: 0.87203349 | N51: 0.88603464 | O51: -0.020329109 | P51: 0.93041892 | Q51: 0.92771805 | R51: 0.93998688 | S51: 0.0027008768 | T51: 0.025494569 | U51: 0.016882774 | V51: 0.017591549 | W51: 0.0086117949
A52: BANDUNG万隆 | B52: Feri Malik | C52: 15 | D52: 0.9432133 | E52: 0.95121951 | F52: 0.93966624 | G52: -0.0080062158 | H52: 0.96298796 | I52: 0.95690294 | J52: 0.96646955 | K52: 0.0060850197 | L52: 0.90733866 | M52: 0.91071141 | N52: 0.9293533 | O52: -0.0033727494 | P52: 0.93289666 | Q52: 0.90428225 | R52: 0.9404162 | S52: 0.028614413 | T52: 0.017809187 | U52: 0.014754118 | V52: 0.011739818 | W52: 0.0030550689
A53: BANDUNG万隆 | B53: Hasby | C53: 17 | D53: 0.99101412 | E53: 0.98837209 | F53: 0.98576973 | G53: 0.0026420276 | H53: 0.98887999 | I53: 0.988696 | J53: 0.99082308 | K53: 0.00018398803 | L53: 0.93167838 | M53: 0.93259655 | N53: 0.94639546 | O53: -0.00091817984 | P53: 0.96512492 | Q53: 0.96322605 | R53: 0.9686044 | S53: 0.0018988679 | T53: 0.014847243 | U53: 0.014655546 | V53: 0.014326231 | W53: 0.00019169744
