Workbook

Sheet ALL DP DATA
B1: ="网管-雅加达网点质量达成 "&TEXT(BA2,"YYYY-MM-DD")&" "&"NM - Pencapaian Kualitas DropPoint Jakarta "&TEXT(BA2,"YYYY-MM-DD") -> 网管-雅加达网点质量达成 2026-09-23 NM - Pencapaian Kualitas DropPoint Jakarta 2026-09-23 | BA1: Date
BA2: ='06.30, 07.30, & 12.00'!F4 -> 46288 | BB2: =EOMONTH(BA2,-1)+1 -> 46266 | BC2: report kualitas agent | BF2: =COUNTIFS('[10]Raw Abnsensi'!P:P,I:I,'[10]Raw Abnsensi'!Q:Q,1,'[10]Raw Abnsensi'!O:O,"<="&#REF!) -> 0 | BG2: =COUNTIFS('[10]Raw Abnsensi'!P:P,I:I,'[10]Raw Abnsensi'!Q:Q,1) -> 0 | BH2: =BF2/BG2 -> #DIV/0!
BA3: =BA2-2 -> 46286 | BB3: =EOMONTH(BA3,-1)+1 -> 46266 | BC3: report ramadan
C4: 定义: 一派质量考核项 1. 快递员出勤准点率 = 当天当地时间06:30前打卡且当日有签收的快递员人数/ 当天已打卡且有签收的快递员人数 2. 0730出仓率 = 0730前出仓量/ 一班应签收量 3. 1200签收率 = 1200前签收量/ 一班应签收量 4. 一班：散货数量,按照散货班次第一班 目标：90% 质量达成 1. 交件准点率: 准点交件票数 / 应交件票数*100% 目标: 93% 2. 全天签收率 = 按规划时效网点当天签收票数/应签收票数 目标：A92%，B90%，C90% 非平台质量 1. 非平台揽收及时率 = (实际揽收及时量 + 揽收失败及时量)/ 订单量 目标：98% 2. 非平台COD退件率 = (退件登记票数 - 退件作废票数) / 派件量 | U4: Penjelasan: Penilaian Kualitas Delivery Ritase Pertama 1. Tingkat Ketepatan Waktu Kehadiran Spirnter = Jumlah sprinter yang melakukan absen sebelum 06.30 waktu setempat dan melakukan TTD/ jumlah sprinter yang melakukan absen dan melakukan TTD 2. Persentase Deliv 7.30 = Total delivery sebelum jam 7.30/ Total Seharusnya TTD Rit 1 3. Persentase TTD 12.00 = Total TTD sebelum jam 1200/ Total seharusnya TTD Rit 1 4. Ritase Pertama: Jumlah penyebaran paket massal kargo Rit 1 Target : 90% Pencapaian Kualitas 1. TPTW = Total kirim tepat waktu / Total seharusnya kirim Target: 93% 2. Persentase TTD = Jumlah TTD Hari H/Jumlah Seharusnya TTD Target: A92%, B90%, C90% Kualitas Non Platform 1. % Pickup Non-ecommerce = (On Time Pick Up + On Time Gagal Pick Up) / Total Order Target : 98% 2. % Retur COD Non-Ecommerce = (Jumlah regis retur - jumlah batal retur)/ jumlah delivery
C6: 代理区 Agent | D6: Fungsi DP | E6: 代理区编码 Kode Agent | F6: 网点 Nama Drop point | G6: Nama agent | I6: 代理区编码 Kode Agent | J6: 一派质量达成 Penilaian Kualitas Delivery Ritase Pertama | Y6: 二派质量达成 Penilaian Kualitas Delivery Ritase Kedua | AD6: 全天收派质量达成 Pencapaian Kualitas Operasional Harian
J7: 快递员出勤准点率 Tingkat Ketepatan Waktu Kehadiran Spirnter | O7: 0730出仓率 Persenase Keluar Gudang 0730 | T7: 1200签收率 Persentase TTD 1200 | Y7: 二派签收率 Persentase TTD Delivery Kedua | AD7: 交件准点率 TPTW | AI7: 全天签收率 Persentase TTD | AN7: 非平台揽收及时率 % Pickup Non- Ecommerce | AS7: 非平台COD退件率 % Retur COD Non-Ecommerce | BA7: =BA2-1 -> 46287
J8: Target | K8: 46288 | L8: =BA7 -> 46287 | M8: =BA3 -> 46286 | N8: 月度达成 Pencapaian Bulanan | O8: Target | P8: =$BA$2 -> 46288 | Q8: =BA7 -> 46287 | R8: =BA3 -> 46286 | S8: 月度达成 Pencapaian Bulanan | T8: Target | U8: =$BA$2 -> 46288 | V8: =BA7 -> 46287 | W8: =BA3 -> 46286 | X8: 月度达成 Pencapaian Bulanan | Y8: Target | Z8: =$BA$2 -> 46288 | AA8: =BA7 -> 46287 | AB8: =BA3 -> 46286 | AC8: 月度达成 Pencapaian Bulanan | AD8: Target | AE8: =$BA$2 -> 46288 | AF8: =BA7 -> 46287 | AG8: =BA3 -> 46286 | AH8: 月度达成 Pencapaian Bulanan | AI8: Target | AJ8: =$BA$2 -> 46288 | AK8: =BA7 -> 46287 | AL8: =BA3 -> 46286 | AM8: 月度达成 Pencapaian Bulanan | AN8: Target | AO8: =$BA$2 -> 46288 | AP8: =BA7 -> 46287 | AQ8: =BA3 -> 46286 | AR8: 月度达成 Pencapaian Bulanan | AS8: 目标 Target | AT8: =$BA$2 -> 46288 | AU8: =BA7 -> 46287 | AV8: =BA3 -> 46286 | AW8: 月度达成 Pencapaian Bulanan
C9: JAKARTA雅加达 | D9: Pickup Delivery | E9: AGENT40 | F9: CP_PLUIT_PERMAI | G9: CP_PLUIT_PERMAI | H9: CP_PLUIT_PERMAI | I9: CP_PLUIT_PERMAI | J9: 0.9 | K9: 0.92424242 | L9: 0.83076923 | M9: 0.98113208 | N9: 0.90545455 | O9: 0.9 | P9: 0.93410752 | Q9: 0.95202602 | R9: 0.99277485 | S9: 0.94921213 | T9: 0.9 | U9: 0.78131524 | V9: 0.8165063 | W9: 0.84475688 | X9: 0.73188334 | Y9: 0.92 | Z9: 0.94675249 | AA9: 0.93269977 | AB9: 0.95739242 | AC9: 0.92021914 | AD9: 0.92 | AE9: 0.99590829 | AF9: 0.98400657 | AG9: 0.94816026 | AH9: 0.96078385 | AI9: 0.92 | AJ9: 0.95661012 | AK9: 0.95102887 | AL9: 0.96319593 | AM9: 0.93854595 | AN9: 0.99 | AO9: 1 | AP9: 1 | AQ9: 1 | AR9: 1 | AS9: 0.08721821 | AT9: 0.033333333 | AU9: 0.068181818 | AV9: 0.096774194 | AW9: 0.052564103
C10: JAKARTA雅加达 | D10: Pickup Delivery | E10: AGENT40 | F10: CP_DANAUSUNTER_UTARA | G10: CP_DANAUSUNTER_UTARA | H10: CP_DANAUSUNTER_UTARA | I10: CP_DANAUSUNTER_UTARA | J10: 0.9 | K10: 0.92622951 | L10: 0.93442623 | M10: 0.84848485 | N10: 0.87910842 | O10: 0.9 | P10: 0.96811316 | Q10: 0.98247044 | R10: 0.96653472 | S10: 0.98540779 | T10: 0.9 | U10: 0.81982738 | V10: 0.88952303 | W10: 0.82367758 | X10: 0.80042759 | Y10: 0.92 | Z10: 0.94382583 | AA10: 0.96983464 | AB10: 0.96629213 | AC10: 0.96142044 | AD10: 0.92 | AE10: 0.99829932 | AF10: 0.98959049 | AG10: 0.99553877 | AH10: 0.99297429 | AI10: 0.92 | AJ10: 0.95041783 | AK10: 0.97465599 | AL10: 0.97027348 | AM10: 0.96996905 | AN10: 0.99 | AO10: 1 | AP10: 1 | AQ10: 1 | AR10: 1 | AS10: 0.08721821 | AT10: 0.082191781 | AU10: 0.033707865 | AV10: 0.069444444 | AW10: 0.058858152
C11: JAKARTA雅加达 | D11: Pickup Delivery | E11: AGENT40 | F11: KAMAL_MUARA | G11: KAMAL_MUARA | H11: KAMAL_MUARA | I11: KAMAL_MUARA | J11: 0.9 | K11: 0.93333333 | L11: 1 | M11: 0.92592593 | N11: 0.93161094 | O11: 0.9 | P11: 0.99531773 | Q11: 0.99472097 | R11: 0.98459043 | S11: 0.93744423 | T11: 0.9 | U11: 0.86555184 | V11: 0.87631976 | W11: 0.83049473 | X11: 0.88741236 | Y11: 0.92 | Z11: 0.94259259 | AA11: 0.94259116 | AB11: 0.9391771 | AC11: 0.95048448 | AD11: 0.92 | AE11: 0.99039201 | AF11: 0.99487904 | AG11: 0.92824727 | AH11: 0.94384375 | AI11: 0.92 | AJ11: 0.94759317 | AK11: 0.95487572 | AL11: 0.95535714 | AM11: 0.96456061 | AN11: 0.99 | AO11: 1 | AP11: 1 | AQ11: 1 | AR11: 1 | AS11: 0.08721821 | AT11: 0 | AU11: 0 | AV11: 0 | AW11: 0.027888446
C12: JAKARTA雅加达 | D12: Pickup Delivery | E12: AGENT40 | F12: TELUK_GONG | G12: TELUK_GONG | H12: TELUK_GONG | I12: TELUK_GONG | J12: 0.9 | K12: 0.90909091 | L12: 0.94782609 | M12: 0.96907216 | N12: 0.92098197 | O12: 0.9 | P12: 0.88403909 | Q12: 0.95120928 | R12: 0.84336678 | S12: 0.91364197 | T12: 0.9 | U12: 0.82084691 | V12: 0.86607018 | W12: 0.83036046 | X12: 0.82505947 | Y12: 0.92 | Z12: 0.93807881 | AA12: 0.98320925 | AB12: 0.93460009 | AC12: 0.97310476 | AD12: 0.92 | AE12: 0.95677656 | AF12: 0.98510882 | AG12: 0.8552556 | AH12: 0.9292313 | AI12: 0.92 | AJ12: 0.942028 | AK12: 0.984925 | AL12: 0.95788097 | AM12: 0.97807776 | AN12: 0.99 | AO12: 1 | AP12: 1 | AQ12: 1 | AR12: 1 | AS12: 0.08721821 | AT12: 0.050847458 | AU12: 0.13207547 | AV12: 0.14893617 | AW12: 0.073170732
C13: JAKARTA雅加达 | D13: Pickup Delivery | E13: AGENT40 | F13: CP_TELUK_GONG_RAYA | G13: CP_TELUK_GONG_RAYA | H13: CP_TELUK_GONG_RAYA | I13: CP_TELUK_GONG_RAYA | J13: 0.9 | K13: 0.94230769 | L13: 0.94117647 | M13: 0.95555556 | N13: 0.88833333 | O13: 0.9 | P13: 0.97674419 | Q13: 0.98520436 | R13: 0.88888889 | S13: 0.96187703 | T13: 0.9 | U13: 0.9253167 | V13: 0.9410024 | W13: 0.92852371 | X13: 0.93818404 | Y13: 0.92 | Z13: 0.95964487 | AA13: 0.97040537 | AB13: 0.95680864 | AC13: 0.95904655 | AD13: 0.92 | AE13: 0.98178849 | AF13: 0.97372919 | AG13: 0.97650757 | AH13: 0.9683292 | AI13: 0.92 | AJ13: 0.96968688 | AK13: 0.97857673 | AL13: 0.97288081 | AM13: 0.97433506 | AN13: 0.99 | AO13: 1 | AP13: 1 | AQ13: 1 | AR13: 1 | AS13: 0.08721821 | AT13: 0.074074074 | AU13: 0.03030303 | AV13: 0 | AW13: 0.0464
C14: JAKARTA雅加达 | D14: Pickup Delivery | E14: AGENT40 | F14: CP_PADEMANGAN_4 | G14: CP_PADEMANGAN_4 | H14: CP_PADEMANGAN_4 | I14: CP_PADEMANGAN_4 | J14: 0.9 | K14: - | L14: - | M14: - | N14: - | O14: 0.9 | P14: - | Q14: - | R14: - | S14: 0.125 | T14: 0.9 | U14: - | V14: - | W14: - | X14: 0.96428571 | Y14: 0.92 | Z14: - | AA14: - | AB14: - | AC14: 1 | AD14: 0.92 | AE14: - | AF14: - | AG14: - | AH14: 0.99639617 | AI14: 0.92 | AJ14: - | AK14: - | AL14: 1 | AM14: 0.97222222 | AN14: 0.99 | AO14: - | AP14: - | AQ14: - | AR14: 1 | AS14: 0.08721821 | AT14: - | AU14: - | AV14: - | AW14: -
C15: JAKARTA雅加达 | D15: Pickup Delivery | E15: AGENT40 | F15: CP_ANCOL_SELATAN_1 | G15: CP_ANCOL_SELATAN_1 | H15: CP_ANCOL_SELATAN_1 | I15: CP_ANCOL_SELATAN_1 | J15: 0.9 | K15: 0.97674419 | L15: 1 | M15: 0.98230088 | N15: 0.98857143 | O15: 0.9 | P15: 0.9900879 | Q15: 0.99287024 | R15: 0.99223164 | S15: 0.9820134 | T15: 0.9 | U15: 0.91228726 | V15: 0.91882257 | W15: 0.92683616 | X15: 0.91994037 | Y15: 0.92 | Z15: 0.95785861 | AA15: 0.95816161 | AB15: 0.96641131 | AC15: 0.96758705 | AD15: 0.92 | AE15: 0.99876874 | AF15: 0.99689574 | AG15: 0.99286673 | AH15: 0.99341032 | AI15: 0.92 | AJ15: 0.96829987 | AK15: 0.97122827 | AL15: 0.97794749 | AM15: 0.97846079 | AN15: 0.99 | AO15: 1 | AP15: 1 | AQ15: 1 | AR15: 1 | AS15: 0.08721821 | AT15: 0.02955665 | AU15: 0.027210884 | AV15: 0.03875969 | AW15: 0.031204854
C16: JAKARTA雅加达 | D16: Pickup Delivery | E16: AGENT40 | F16: KEPULAUAN_SERIBU | G16: KEPULAUAN_SERIBU | H16: KEPULAUAN_SERIBU | I16: KEPULAUAN_SERIBU | J16: 0.9 | K16: 0.96774194 | L16: 1 | M16: 1 | N16: 0.96091205 | O16: 0.9 | P16: 0.99951503 | Q16: 0.99929972 | R16: 0.99927405 | S16: 0.95204887 | T16: 0.9 | U16: 0.98884578 | V16: 0.99054622 | W16: 0.98983666 | X16: 0.95135434 | Y16: 0.92 | Z16: - | AA16: - | AB16: - | AC16: 0 | AD16: 0.92 | AE16: 0.77777778 | AF16: 0.75 | AG16: 0 | AH16: 0.52791878 | AI16: 0.92 | AJ16: 0.99224054 | AK16: 0.99684874 | AL16: 0.99600726 | AM16: 0.9942172 | AN16: 0.99 | AO16: 1 | AP16: 1 | AQ16: 1 | AR16: 1 | AS16: 0.08721821 | AT16: 0 | AU16: 0.16666667 | AV16: 0.066666667 | AW16: 0.06504065
C17: JAKARTA雅加达 | D17: Pickup Delivery | E17: AGENT40 | F17: TANAH_ABANG | G17: TANAH_ABANG | H17: TANAH_ABANG | I17: TANAH_ABANG | J17: 0.9 | K17: 0.93939394 | L17: 0.95049505 | M17: 0.89411765 | N17: 0.88490214 | O17: 0.9 | P17: 0.99354257 | Q17: 0.99566929 | R17: 0.99654079 | S17: 0.99423061 | T17: 0.9 | U17: 0.74290434 | V17: 0.7726378 | W17: 0.72643413 | X17: 0.72306913 | Y17: 0.92 | Z17: 0.8966651 | AA17: 0.88411753 | AB17: 0.89467238 | AC17: 0.87895285 | AD17: 0.92 | AE17: 0.99334357 | AF17: 0.99740035 | AG17: 0.99665459 | AH17: 0.98431476 | AI17: 0.92 | AJ17: 0.90928251 | AK17: 0.91112898 | AL17: 0.92375539 | AM17: 0.90242405 | AN17: 0.99 | AO17: 1 | AP17: 1 | AQ17: 1 | AR17: 1 | AS17: 0.08721821 | AT17: 0.026666667 | AU17: 0.051282051 | AV17: 0.029850746 | AW17: 0.047067901
C18: JAKARTA雅加达 | D18: Pickup Delivery | E18: AGENT40 | F18: SENEN | G18: SENEN | H18: SENEN | I18: SENEN | J18: 0.9 | K18: 0.96694215 | L18: 0.99186992 | M18: 0.99090909 | N18: 0.98224195 | O18: 0.9 | P18: 0.99232883 | Q18: 0.98442979 | R18: 0.9965358 | S18: 0.9923751 | T18: 0.9 | U18: 0.87634532 | V18: 0.90110815 | W18: 0.87690531 | X18: 0.8873132 | Y18: 0.92 | Z18: 0.92819919 | AA18: 0.94320798 | AB18: 0.92096386 | AC18: 0.93562211 | AD18: 0.92 | AE18: 0.98431373 | AF18: 0.99263894 | AG18: 0.98 | AH18: 0.97885164 | AI18: 0.92 | AJ18: 0.94895758 | AK18: 0.95727686 | AL18: 0.94832162 | AM18: 0.95378303 | AN18: 0.99 | AO18: 1 | AP18: 1 | AQ18: 1 | AR18: 1 | AS18: 0.08721821 | AT18: 0.024390244 | AU18: 0.088888889 | AV18: 0.08974359 | AW18: 0.062371134
C19: JAKARTA雅加达 | D19: Pickup Delivery | E19: AGENT40 | F19: CP_PINANGSIA_RAYA | G19: CP_PINANGSIA_RAYA | H19: CP_PINANGSIA_RAYA | I19: CP_PINANGSIA_RAYA | J19: 0.9 | K19: 0.82352941 | L19: 0.77777778 | M19: 0.94117647 | N19: 0.8062954 | O19: 0.9 | P19: 0.98984772 | Q19: 0.98318318 | R19: 0.97513812 | S19: 0.88711148 | T19: 0.9 | U19: 0.68758653 | V19: 0.83243243 | W19: 0.63259669 | X19: 0.64048212 | Y19: 0.92 | Z19: 0.80130293 | AA19: 0.8717765 | AB19: 0.88649706 | AC19: 0.8111236 | AD19: 0.92 | AE19: 0.99786849 | AF19: 0.99606054 | AG19: 0.99359085 | AH19: 0.99423485 | AI19: 0.92 | AJ19: 0.87485277 | AK19: 0.91865403 | AL19: 0.9298685 | AM19: 0.85770933 | AN19: 0.99 | AO19: 1 | AP19: 1 | AQ19: 1 | AR19: 1 | AS19: 0.08721821 | AT19: 0 | AU19: 0 | AV19: 0 | AW19: 0.064705882
C20: JAKARTA雅加达 | D20: Pickup Delivery | E20: AGENT40 | F20: JOHAR_BARU_01 | G20: JOHAR_BARU_01 | H20: JOHAR_BARU_01 | I20: JOHAR_BARU_01 | J20: 0.9 | K20: 0.90909091 | L20: 0.94214876 | M20: 0.96581197 | N20: 0.93839031 | O20: 0.9 | P20: 0.99536889 | Q20: 0.9933916 | R20: 0.99740035 | S20: 0.99357817 | T20: 0.9 | U20: 0.86649633 | V20: 0.87507994 | W20: 0.86424032 | X20: 0.8733851 | Y20: 0.92 | Z20: 0.93645251 | AA20: 0.9354699 | AB20: 0.96459166 | AC20: 0.94715225 | AD20: 0.92 | AE20: 0.9897541 | AF20: 0.93696145 | AG20: 0.93188854 | AH20: 0.97890625 | AI20: 0.92 | AJ20: 0.95140205 | AK20: 0.95037061 | AL20: 0.96623825 | AM20: 0.96321995 | AN20: 0.99 | AO20: 1 | AP20: 1 | AQ20: 1 | AR20: 1 | AS20: 0.08721821 | AT20: 0.04 | AU20: 0.083333333 | AV20: 0.11111111 | AW20: 0.067936508
C21: JAKARTA雅加达 | D21: Pickup Delivery | E21: AGENT40 | F21: CP_ZAINUL_ARIFIN | G21: CP_ZAINUL_ARIFIN | H21: CP_ZAINUL_ARIFIN | I21: CP_ZAINUL_ARIFIN | J21: 0.9 | K21: 0.94117647 | L21: 0.9375 | M21: 0.86666667 | N21: 0.92368421 | O21: 0.9 | P21: 0.98912481 | Q21: 0.98351893 | R21: 0.98442368 | S21: 0.97867512 | T21: 0.9 | U21: 0.89124806 | V21: 0.91135857 | W21: 0.87601246 | X21: 0.8578615 | Y21: 0.92 | Z21: 0.95732839 | AA21: 0.9143898 | AB21: 0.97163121 | AC21: 0.9171443 | AD21: 0.92 | AE21: 0.99270219 | AF21: 0.98702787 | AG21: 0.9548751 | AH21: 0.98779018 | AI21: 0.92 | AJ21: 0.97406915 | AK21: 0.95692492 | AL21: 0.98202765 | AM21: 0.95361222 | AN21: 0.99 | AO21: 1 | AP21: 1 | AQ21: 1 | AR21: 1 | AS21: 0.08721821 | AT21: 0.28571429 | AU21: 0.11111111 | AV21: 0.33333333 | AW21: 0.10714286
C22: JAKARTA雅加达 | D22: Pickup Delivery | E22: AGENT40 | F22: CP_MANGGA_BESAR_2 | G22: CP_MANGGA_BESAR_2 | H22: CP_MANGGA_BESAR_2 | I22: CP_MANGGA_BESAR_2 | J22: 0.9 | K22: 0.91111111 | L22: 0.88888889 | M22: 0.93023256 | N22: 0.90576923 | O22: 0.9 | P22: 0.98052081 | Q22: 0.87150259 | R22: 0.84868249 | S22: 0.91466735 | T22: 0.9 | U22: 0.90670494 | V22: 0.9253886 | W22: 0.92016697 | X22: 0.89318072 | Y22: 0.92 | Z22: 0.94169096 | AA22: 0.96193497 | AB22: 0.97201018 | AC22: 0.961468 | AD22: 0.92 | AE22: 0.99571198 | AF22: 0.98270002 | AG22: 0.97805451 | AH22: 0.98849734 | AI22: 0.92 | AJ22: 0.956909 | AK22: 0.97432621 | AL22: 0.98427673 | AM22: 0.97553506 | AN22: 0.99 | AO22: 1 | AP22: 1 | AQ22: 1 | AR22: 1 | AS22: 0.08721821 | AT22: 0.090909091 | AU22: 0.038461538 | AV22: 0.2173913 | AW22: 0.11036036
C23: JAKARTA雅加达 | D23: Pickup Delivery | E23: AGENT40 | F23: CP_CEGER | G23: CP_CEGER | H23: CP_CEGER | I23: CP_CEGER | J23: 0.9 | K23: 0.91025641 | L23: 0.89171975 | M23: 0.83760684 | N23: 0.88892252 | O23: 0.9 | P23: 0.79209142 | Q23: 0.87173218 | R23: 0.69431997 | S23: 0.83118624 | T23: 0.9 | U23: 0.69952318 | V23: 0.76631559 | W23: 0.55334867 | X23: 0.66682709 | Y23: 0.92 | Z23: 0.93426847 | AA23: 0.97147016 | AB23: 0.97141081 | AC23: 0.95459178 | AD23: 0.92 | AE23: 0.99073814 | AF23: 0.88910615 | AG23: 0.60989011 | AH23: 0.76035508 | AI23: 0.92 | AJ23: 0.94528859 | AK23: 0.97360603 | AL23: 0.97537495 | AM23: 0.9654318 | AN23: 0.99 | AO23: 1 | AP23: 1 | AQ23: 1 | AR23: 1 | AS23: 0.08721821 | AT23: 0.083333333 | AU23: 0.11009174 | AV23: 0.092105263 | AW23: 0.060373216
C24: JAKARTA雅加达 | D24: Pickup Delivery | E24: AGENT40 | F24: KAMPUNG_TENGAH | G24: KAMPUNG_TENGAH | H24: KAMPUNG_TENGAH | I24: KAMPUNG_TENGAH | J24: 0.9 | K24: 0.89655172 | L24: 0.91034483 | M24: 0.89830508 | N24: 0.88980464 | O24: 0.9 | P24: 0.97742284 | Q24: 0.98377384 | R24: 0.96802885 | S24: 0.97194203 | T24: 0.9 | U24: 0.6890837 | V24: 0.743727 | W24: 0.69831731 | X24: 0.69395992 | Y24: 0.92 | Z24: 0.84397304 | AA24: 0.88049991 | AB24: 0.86593297 | AC24: 0.8918048 | AD24: 0.92 | AE24: 0.90990991 | AF24: 0.99885649 | AG24: 0.96875 | AH24: 0.93989665 | AI24: 0.92 | AJ24: 0.88326354 | AK24: 0.91219017 | AL24: 0.90339341 | AM24: 0.92282311 | AN24: 0.99 | AO24: 1 | AP24: 1 | AQ24: 1 | AR24: 1 | AS24: 0.08721821 | AT24: 0.096153846 | AU24: 0.14942529 | AV24: 0.11320755 | AW24: 0.06984127
C25: JAKARTA雅加达 | D25: Pickup Delivery | E25: AGENT40 | F25: CP_CIJANTUNG | G25: CP_CIJANTUNG | H25: CP_CIJANTUNG | I25: CP_CIJANTUNG | J25: 0.9 | K25: 0.95535714 | L25: 0.95327103 | M25: 0.93975904 | N25: 0.94112516 | O25: 0.9 | P25: 0.99169727 | Q25: 0.9860831 | R25: 0.99196095 | S25: 0.98270384 | T25: 0.9 | U25: 0.82692001 | V25: 0.85780557 | W25: 0.8630491 | X25: 0.81370802 | Y25: 0.92 | Z25: 0.92160706 | AA25: 0.91079713 | AB25: 0.90606061 | AC25: 0.92198472 | AD25: 0.92 | AE25: 0.99934182 | AF25: 0.99493002 | AG25: 0.99818367 | AH25: 0.98947127 | AI25: 0.92 | AJ25: 0.93433269 | AK25: 0.92938144 | AL25: 0.93726865 | AM25: 0.94481608 | AN25: 0.99 | AO25: 1 | AP25: 1 | AQ25: 1 | AR25: 1 | AS25: 0.08721821 | AT25: 0.0625 | AU25: 0.047169811 | AV25: 0.040540541 | AW25: 0.048004315
C26: JAKARTA雅加达 | D26: Pickup Delivery | E26: AGENT40 | F26: DC_MAKASAR | G26: DC_MAKASAR | H26: DC_MAKASAR | I26: DC_MAKASAR | J26: 0.9 | K26: 0.92792793 | L26: 0.93396226 | M26: 0.94444444 | N26: 0.93178947 | O26: 0.9 | P26: 0.99297495 | Q26: 0.99423148 | R26: 0.92830995 | S26: 0.88306956 | T26: 0.9 | U26: 0.7159438 | V26: 0.73855601 | W26: 0.71690055 | X26: 0.70475258 | Y26: 0.92 | Z26: 0.922505 | AA26: 0.90595675 | AB26: 0.87412141 | AC26: 0.91519778 | AD26: 0.92 | AE26: 0.99831579 | AF26: 0.99858824 | AG26: 0.99757804 | AH26: 0.99728191 | AI26: 0.92 | AJ26: 0.92872444 | AK26: 0.92759829 | AL26: 0.92217176 | AM26: 0.93883172 | AN26: 0.99 | AO26: 1 | AP26: 1 | AQ26: 1 | AR26: 1 | AS26: 0.08721821 | AT26: 0.054054054 | AU26: 0.050505051 | AV26: 0.066666667 | AW26: 0.040465632
C27: JAKARTA雅加达 | D27: Pickup Delivery | E27: AGENT40 | F27: DC_CIRACAS | G27: DC_CIRACAS | H27: DC_CIRACAS | I27: DC_CIRACAS | J27: 0.9 | K27: 0.96116505 | L27: 0.91262136 | M27: 0.95 | N27: 0.9503834 | O27: 0.9 | P27: 0.97050531 | Q27: 0.97083333 | R27: 0.96315171 | S27: 0.94288315 | T27: 0.9 | U27: 0.88418998 | V27: 0.88805556 | W27: 0.85339083 | X27: 0.88498906 | Y27: 0.92 | Z27: 0.93360223 | AA27: 0.94250132 | AB27: 0.92282697 | AC27: 0.94698223 | AD27: 0.92 | AE27: 0.63636364 | AF27: 0.71428571 | AG27: 0.81818182 | AH27: 0.8 | AI27: 0.92 | AJ27: 0.9557059 | AK27: 0.95729393 | AL27: 0.95480973 | AM27: 0.9661947 | AN27: 0.99 | AO27: 1 | AP27: 1 | AQ27: 1 | AR27: 1 | AS27: 0.08721821 | AT27: 0.18181818 | AU27: 0.15625 | AV27: 0.078431373 | AW27: 0.068507157
C28: JAKARTA雅加达 | D28: Pickup Delivery | E28: AGENT40 | F28: CP_RAYA_KELAPA | G28: CP_RAYA_KELAPA | H28: CP_RAYA_KELAPA | I28: CP_RAYA_KELAPA | J28: 0.9 | K28: 0.98214286 | L28: 0.92727273 | M28: 1 | N28: 0.98148148 | O28: 0.9 | P28: 0.98346056 | Q28: 0.79710145 | R28: 0.9885664 | S28: 0.94959789 | T28: 0.9 | U28: 0.88517812 | V28: 0.91181005 | W28: 0.87598945 | X28: 0.89827069 | Y28: 0.92 | Z28: 0.94021485 | AA28: 0.95805566 | AB28: 0.95130238 | AC28: 0.96102302 | AD28: 0.92 | AE28: 0.99825 | AF28: 0.99796866 | AG28: 0.95523371 | AH28: 0.99351018 | AI28: 0.92 | AJ28: 0.95666982 | AK28: 0.96842105 | AL28: 0.95891089 | AM28: 0.97267958 | AN28: 0.99 | AO28: 1 | AP28: 1 | AQ28: 1 | AR28: 1 | AS28: 0.08721821 | AT28: 0.041666667 | AU28: 0.15217391 | AV28: 0.17241379 | AW28: 0.071261682
C29: JAKARTA雅加达 | D29: Pickup Delivery | E29: AGENT40 | F29: CP_PONDOK_BAMBU | G29: CP_PONDOK_BAMBU | H29: CP_PONDOK_BAMBU | I29: CP_PONDOK_BAMBU | J29: 0.9 | K29: 0.84615385 | L29: 0.90909091 | M29: 0.90740741 | N29: 0.92008197 | O29: 0.9 | P29: 0.97858805 | Q29: 0.9675507 | R29: 0.96270018 | S29: 0.96329022 | T29: 0.9 | U29: 0.89371606 | V29: 0.94399376 | W29: 0.9333063 | X29: 0.9062252 | Y29: 0.92 | Z29: 0.96634001 | AA29: 0.97586957 | AB29: 0.98104485 | AC29: 0.97626637 | AD29: 0.92 | AE29: 0.99733575 | AF29: 0.92455275 | AG29: 0.93585986 | AH29: 0.96329382 | AI29: 0.92 | AJ29: 0.97289535 | AK29: 0.98546908 | AL29: 0.9873168 | AM29: 0.98300886 | AN29: 0.99 | AO29: 1 | AP29: 1 | AQ29: 1 | AR29: 1 | AS29: 0.08721821 | AT29: 0.060150376 | AU29: 0.058823529 | AV29: 0.033783784 | AW29: 0.020739165
C30: JAKARTA雅加达 | D30: Pickup Delivery | E30: AGENT40 | F30: DC_JATINEGARA | G30: DC_JATINEGARA | H30: DC_JATINEGARA | I30: DC_JATINEGARA | J30: 0.9 | K30: 0.92647059 | L30: 0.890625 | M30: 0.8852459 | N30: 0.90682415 | O30: 0.9 | P30: 0.93793295 | Q30: 0.93209238 | R30: 0.96934461 | S30: 0.96499888 | T30: 0.9 | U30: 0.81019673 | V30: 0.84453637 | W30: 0.82980973 | X30: 0.83010175 | Y30: 0.92 | Z30: 0.92131148 | AA30: 0.94173 | AB30: 0.92005242 | AC30: 0.93631883 | AD30: 0.92 | AE30: - | AF30: 1 | AG30: 0.5 | AH30: 0.53333333 | AI30: 0.92 | AJ30: 0.94169857 | AK30: 0.95110327 | AL30: 0.95065913 | AM30: 0.95465175 | AN30: 0.99 | AO30: - | AP30: 1 | AQ30: 1 | AR30: 1 | AS30: 0.08721821 | AT30: 0.12820513 | AU30: 0.16071429 | AV30: 0.13888889 | AW30: 0.061978546
C31: JAKARTA雅加达 | D31: Pickup Delivery | E31: AGENT40 | F31: SETIABUDI | G31: SETIABUDI | H31: SETIABUDI | I31: SETIABUDI | J31: 0.9 | K31: 0.98913043 | L31: 0.96703297 | M31: 0.9375 | N31: 0.97087379 | O31: 0.9 | P31: 0.99169149 | Q31: 0.98930966 | R31: 0.99681326 | S31: 0.98244798 | T31: 0.9 | U31: 0.91863929 | V31: 0.90269976 | W31: 0.86456342 | X31: 0.83869249 | Y31: 0.92 | Z31: 0.937583 | AA31: 0.9432967 | AB31: 0.92666667 | AC31: 0.9079418 | AD31: 0.92 | AE31: 0.9976834 | AF31: 0.99229216 | AG31: 0.99325726 | AH31: 0.99489227 | AI31: 0.92 | AJ31: 0.95652603 | AK31: 0.96305492 | AL31: 0.96098297 | AM31: 0.92899189 | AN31: 0.99 | AO31: 1 | AP31: 1 | AQ31: 1 | AR31: 1 | AS31: 0.08721821 | AT31: 0.14 | AU31: 0.12698413 | AV31: 0.21153846 | AW31: 0.073355818
C32: JAKARTA雅加达 | D32: Pickup Delivery | E32: AGENT40 | F32: KLENDER | G32: KLENDER | H32: KLENDER | I32: KLENDER | J32: 0.9 | K32: 0.94594595 | L32: 0.97260274 | M32: 0.9516129 | N32: 0.94416562 | O32: 0.9 | P32: 0.98818067 | Q32: 0.98712584 | R32: 0.98542805 | S32: 0.98490012 | T32: 0.9 | U32: 0.89067117 | V32: 0.88960412 | W32: 0.88797814 | X32: 0.89051041 | Y32: 0.92 | Z32: 0.94549366 | AA32: 0.9460719 | AB32: 0.93478261 | AC32: 0.95524671 | AD32: 0.92 | AE32: 0.99789079 | AF32: 0.98734686 | AG32: 0.99197056 | AH32: 0.99037748 | AI32: 0.92 | AJ32: 0.94948107 | AK32: 0.95664976 | AL32: 0.95604748 | AM32: 0.9664403 | AN32: 0.99 | AO32: 1 | AP32: 1 | AQ32: 1 | AR32: 1 | AS32: 0.08721821 | AT32: 0.085106383 | AU32: 0.027027027 | AV32: 0.028571429 | AW32: 0.047268908
C33: JAKARTA雅加达 | D33: Pickup Delivery | E33: AGENT40 | F33: CP_JATINEGARA_BARAT | G33: CP_JATINEGARA_BARAT | H33: CP_JATINEGARA_BARAT | I33: CP_JATINEGARA_BARAT | J33: 0.9 | K33: 0.9375 | L33: 0.98461538 | M33: 0.94642857 | N33: 0.93021767 | O33: 0.9 | P33: 0.91350312 | Q33: 0.86079916 | R33: 0.6400626 | S33: 0.87846099 | T33: 0.9 | U33: 0.80057665 | V33: 0.83102638 | W33: 0.78967136 | X33: 0.79399896 | Y33: 0.92 | Z33: 0.94335169 | AA33: 0.9249917 | AB33: 0.97194389 | AC33: 0.94565631 | AD33: 0.92 | AE33: 0.9960849 | AF33: 0.98428886 | AG33: 0.82363436 | AH33: 0.9521112 | AI33: 0.92 | AJ33: 0.94705444 | AK33: 0.94901388 | AL33: 0.9613826 | AM33: 0.95868955 | AN33: 0.99 | AO33: 1 | AP33: 1 | AQ33: 1 | AR33: 1 | AS33: 0.08721821 | AT33: 0.076923077 | AU33: 0.093023256 | AV33: 0.071428571 | AW33: 0.079507279
C34: JAKARTA雅加达 | D34: Pickup Delivery | E34: AGENT40 | F34: TEBET | G34: TEBET | H34: TEBET | I34: TEBET | J34: 0.9 | K34: 1 | L34: 0.94214876 | M34: 0.9787234 | N34: 0.97857948 | O34: 0.9 | P34: 0.99454793 | Q34: 0.99380514 | R34: 0.99741602 | S34: 0.99383266 | T34: 0.9 | U34: 0.87990307 | V34: 0.91026844 | W34: 0.88178295 | X34: 0.87932444 | Y34: 0.92 | Z34: 0.92678525 | AA34: 0.94316986 | AB34: 0.92427316 | AC34: 0.93593054 | AD34: 0.92 | AE34: 0.99811676 | AF34: 0.99355532 | AG34: 0.94248609 | AH34: 0.9870317 | AI34: 0.92 | AJ34: 0.95095888 | AK34: 0.96030959 | AL34: 0.95693989 | AM34: 0.95804874 | AN34: 0.99 | AO34: 1 | AP34: 1 | AQ34: 1 | AR34: 1 | AS34: 0.08721821 | AT34: 0.065789474 | AU34: 0.065420561 | AV34: 0.056603774 | AW34: 0.072345391
C35: JAKARTA雅加达 | D35: Pickup Delivery | E35: AGENT40 | F35: CP_HAJI_NAMAN_1 | G35: CP_HAJI_NAMAN_1 | H35: CP_HAJI_NAMAN_1 | I35: CP_HAJI_NAMAN_1 | J35: 0.9 | K35: 0.90425532 | L35: 0.87777778 | M35: 0.90789474 | N35: 0.91602687 | O35: 0.9 | P35: 0.92339648 | Q35: 0.91406092 | R35: 0.90252802 | S35: 0.8948958 | T35: 0.9 | U35: 0.8664008 | V35: 0.88279201 | W35: 0.85665885 | X35: 0.84454874 | Y35: 0.92 | Z35: 0.95844576 | AA35: 0.97519646 | AB35: 0.96854942 | AC35: 0.94622228 | AD35: 0.92 | AE35: 0.99768534 | AF35: 0.9715814 | AG35: 0.95444105 | AH35: 0.96903572 | AI35: 0.92 | AJ35: 0.96094954 | AK35: 0.97896368 | AL35: 0.97794254 | AM35: 0.96177619 | AN35: 0.99 | AO35: 1 | AP35: 1 | AQ35: 0.99526066 | AR35: 0.99936441 | AS35: 0.08721821 | AT35: 0.093023256 | AU35: 0.14925373 | AV35: 0.17241379 | AW35: 0.080645161
C36: JAKARTA雅加达 | D36: Pickup Delivery | E36: AGENT40 | F36: PULOGEBANG_01 | G36: PULOGEBANG_01 | H36: PULOGEBANG_01 | I36: PULOGEBANG_01 | J36: 0.9 | K36: 0.96875 | L36: 0.96753247 | M36: 0.94814815 | N36: 0.94707207 | O36: 0.9 | P36: 0.97380217 | Q36: 0.96713985 | R36: 0.9625498 | S36: 0.96630921 | T36: 0.9 | U36: 0.80266959 | V36: 0.82426393 | W36: 0.82111554 | X36: 0.81964629 | Y36: 0.92 | Z36: 0.91673879 | AA36: 0.93802817 | AB36: 0.93874891 | AC36: 0.93764253 | AD36: 0.92 | AE36: 0.98271889 | AF36: 0.98484848 | AG36: 0.94074074 | AH36: 0.95822102 | AI36: 0.92 | AJ36: 0.93562666 | AK36: 0.95125433 | AL36: 0.95697897 | AM36: 0.95621896 | AN36: 0.99 | AO36: 1 | AP36: 1 | AQ36: 1 | AR36: 1 | AS36: 0.08721821 | AT36: 0.18421053 | AU36: 0.063829787 | AV36: 0.076923077 | AW36: 0.062655087
C37: JAKARTA雅加达 | D37: Pickup Delivery | E37: AGENT40 | F37: DC_PULO_GADUNG | G37: DC_PULO_GADUNG | H37: DC_PULO_GADUNG | I37: DC_PULO_GADUNG | J37: 0.9 | K37: - | L37: - | M37: - | N37: - | O37: 0.9 | P37: - | Q37: - | R37: - | S37: - | T37: 0.9 | U37: - | V37: - | W37: - | X37: - | Y37: 0.92 | Z37: - | AA37: - | AB37: - | AC37: - | AD37: 0.92 | AE37: - | AF37: - | AG37: - | AH37: - | AI37: 0.92 | AJ37: - | AK37: - | AL37: - | AM37: - | AN37: 0.99 | AO37: - | AP37: - | AQ37: - | AR37: - | AS37: 0.08721821 | AT37: - | AU37: - | AV37: - | AW37: -
C38: JAKARTA雅加达 | D38: Pickup Delivery | E38: AGENT40 | F38: ROROTAN | G38: ROROTAN | H38: ROROTAN | I38: ROROTAN | J38: 0.9 | K38: 1 | L38: 1 | M38: 0.984375 | N38: 0.97639919 | O38: 0.9 | P38: 0.9792523 | Q38: 0.99150425 | R38: 0.9946198 | S38: 0.98473548 | T38: 0.9 | U38: 0.86318262 | V38: 0.85007496 | W38: 0.86477762 | X38: 0.85322966 | Y38: 0.92 | Z38: 0.93067703 | AA38: 0.92529054 | AB38: 0.92508143 | AC38: 0.93513963 | AD38: 0.92 | AE38: 0.99391062 | AF38: 0.99695622 | AG38: 0.99462414 | AH38: 0.99529069 | AI38: 0.92 | AJ38: 0.94706026 | AK38: 0.94344574 | AL38: 0.95593727 | AM38: 0.95589914 | AN38: 0.99 | AO38: 1 | AP38: 1 | AQ38: 1 | AR38: 1 | AS38: 0.08721821 | AT38: 0.12 | AU38: 0.090909091 | AV38: 0.23076923 | AW38: 0.069381599
C39: JAKARTA雅加达 | D39: Pickup Delivery | E39: AGENT40 | F39: DC_UJUNG_MENTENG | G39: DC_UJUNG_MENTENG | H39: DC_UJUNG_MENTENG | I39: DC_UJUNG_MENTENG | J39: 0.9 | K39: 0.93333333 | L39: 0.70689655 | M39: 0.86538462 | N39: 0.93042191 | O39: 0.9 | P39: 0.99504229 | Q39: 0.9959968 | R39: 0.98465037 | S39: 0.99770425 | T39: 0.9 | U39: 0.87459901 | V39: 0.89311449 | W39: 0.89596362 | X39: 0.88774852 | Y39: 0.92 | Z39: 0.92850147 | AA39: 0.95324675 | AB39: 0.95137976 | AC39: 0.95773895 | AD39: 0.92 | AE39: 0.99531616 | AF39: 0.99815072 | AG39: 0.95151515 | AH39: 0.99042487 | AI39: 0.92 | AJ39: 0.95191956 | AK39: 0.96651414 | AL39: 0.96468254 | AM39: 0.97056541 | AN39: 0.99 | AO39: 1 | AP39: 1 | AQ39: 1 | AR39: 1 | AS39: 0.08721821 | AT39: 0.071428571 | AU39: 0.086956522 | AV39: 0.086956522 | AW39: 0.048442907
C40: JAKARTA雅加达 | D40: Pickup Delivery | E40: AGENT40 | F40: CP_UTAN_KAYU | G40: CP_UTAN_KAYU | H40: CP_UTAN_KAYU | I40: CP_UTAN_KAYU | J40: 0.9 | K40: - | L40: - | M40: - | N40: - | O40: 0.9 | P40: 0 | Q40: 0 | R40: 0 | S40: 0.19303483 | T40: 0.9 | U40: 1 | V40: 1 | W40: 0.94444444 | X40: 0.98208955 | Y40: 0.92 | Z40: 1 | AA40: 1 | AB40: 1 | AC40: 0.99853157 | AD40: 0.92 | AE40: - | AF40: - | AG40: - | AH40: 0.97989759 | AI40: 0.92 | AJ40: 1 | AK40: 1 | AL40: 0.98181818 | AM40: 0.98940553 | AN40: 0.99 | AO40: - | AP40: - | AQ40: - | AR40: 1 | AS40: 0.08721821 | AT40: - | AU40: - | AV40: - | AW40: 11
C41: JAKARTA雅加达 | D41: Pickup Delivery | E41: AGENT40 | F41: KALIBARU_01 | G41: KALIBARU_01 | H41: KALIBARU_01 | I41: KALIBARU_01 | J41: 0.9 | K41: 0.89166667 | L41: 0.9137931 | M41: 0.96907216 | N41: 0.96284032 | O41: 0.9 | P41: 0.99171665 | Q41: 0.98985646 | R41: 0.99306326 | S41: 0.99232703 | T41: 0.9 | U41: 0.87746358 | V41: 0.8907177 | W41: 0.87097669 | X41: 0.89605357 | Y41: 0.92 | Z41: 0.93487143 | AA41: 0.94950739 | AB41: 0.9479921 | AC41: 0.95922399 | AD41: 0.92 | AE41: 0.9872679 | AF41: 0.9942789 | AG41: 0.99605133 | AH41: 0.99138525 | AI41: 0.92 | AJ41: 0.95575063 | AK41: 0.96097851 | AL41: 0.96798751 | AM41: 0.97325461 | AN41: 0.99 | AO41: 1 | AP41: 1 | AQ41: 1 | AR41: 1 | AS41: 0.08721821 | AT41: 0.08 | AU41: 0.028169014 | AV41: 0.028571429 | AW41: 0.045576408
C42: JAKARTA雅加达 | D42: Pickup Delivery | E42: AGENT40 | F42: DC_CAKUNG | G42: DC_CAKUNG | H42: DC_CAKUNG | I42: DC_CAKUNG | J42: 0.9 | K42: 0.99310345 | L42: 0.98591549 | M42: 0.98076923 | N42: 0.97558625 | O42: 0.9 | P42: 0.98961331 | Q42: 0.99556314 | R42: 0.99634681 | S42: 0.99641614 | T42: 0.9 | U42: 0.89613315 | V42: 0.92150171 | W42: 0.89210911 | X42: 0.91973428 | Y42: 0.92 | Z42: 0.92753623 | AA42: 0.94721245 | AB42: 0.95959596 | AC42: 0.95550349 | AD42: 0.92 | AE42: 0.998683 | AF42: 0.97596061 | AG42: 0.94203887 | AH42: 0.97473912 | AI42: 0.92 | AJ42: 0.95004757 | AK42: 0.96234458 | AL42: 0.96859083 | AM42: 0.97095386 | AN42: 0.99 | AO42: 1 | AP42: 1 | AQ42: 1 | AR42: 1 | AS42: 0.08721821 | AT42: 0.058823529 | AU42: 0.098039216 | AV42: 0 | AW42: 0.046531303
C43: JAKARTA雅加达 | D43: Pickup Delivery | E43: AGENT40 | F43: KEDOYA_UTARA | G43: KEDOYA_UTARA | H43: KEDOYA_UTARA | I43: KEDOYA_UTARA | J43: 0.9 | K43: - | L43: - | M43: - | N43: - | O43: 0.9 | P43: - | Q43: - | R43: - | S43: - | T43: 0.9 | U43: - | V43: - | W43: - | X43: - | Y43: 0.92 | Z43: - | AA43: - | AB43: - | AC43: - | AD43: 0.92 | AE43: - | AF43: - | AG43: - | AH43: - | AI43: 0.92 | AJ43: - | AK43: - | AL43: - | AM43: - | AN43: 0.99 | AO43: - | AP43: - | AQ43: - | AR43: - | AS43: 0.08721821 | AT43: - | AU43: - | AV43: - | AW43: -
C44: JAKARTA雅加达 | D44: Pickup Delivery | E44: AGENT40 | F44: DC_GAMBIR | G44: DC_GAMBIR | H44: DC_GAMBIR | I44: DC_GAMBIR | J44: 0.9 | K44: 0.79365079 | L44: 0.8125 | M44: 0.88333333 | N44: 0.82974138 | O44: 0.9 | P44: 0.97509058 | Q44: 0.94055522 | R44: 0.97042607 | S44: 0.96690545 | T44: 0.9 | U44: 0.64809783 | V44: 0.75075438 | W44: 0.68471178 | X44: 0.63807286 | Y44: 0.92 | Z44: 0.83006782 | AA44: 0.78807339 | AB44: 0.83496094 | AC44: 0.79873196 | AD44: 0.92 | AE44: 0.97142857 | AF44: 0.95454545 | AG44: 0.89285714 | AH44: 0.86863711 | AI44: 0.92 | AJ44: 0.8884017 | AK44: 0.85449575 | AL44: 0.88208016 | AM44: 0.8611467 | AN44: 0.99 | AO44: 1 | AP44: 1 | AQ44: 1 | AR44: 1 | AS44: 0.08721821 | AT44: 0.083333333 | AU44: 0.094339623 | AV44: 0.051724138 | AW44: 0.053654024
C45: JAKARTA雅加达 | D45: Pickup Delivery | E45: AGENT40 | F45: TAMBORA | G45: TAMBORA | H45: TAMBORA | I45: TAMBORA | J45: 0.9 | K45: 0.88333333 | L45: 0.90625 | M45: 0.91525424 | N45: 0.90035587 | O45: 0.9 | P45: 0.90278494 | Q45: 0.93220739 | R45: 0.77648686 | S45: 0.89513756 | T45: 0.9 | U45: 0.80105725 | V45: 0.89311444 | W45: 0.87330567 | X45: 0.83250543 | Y45: 0.92 | Z45: 0.93020415 | AA45: 0.98121878 | AB45: 0.99008264 | AC45: 0.97235179 | AD45: 0.92 | AE45: 0.99846249 | AF45: 0.9966839 | AG45: 0.99434983 | AH45: 0.99716413 | AI45: 0.92 | AJ45: 0.92385185 | AK45: 0.98345697 | AL45: 0.98508772 | AM45: 0.97212863 | AN45: 0.99 | AO45: 1 | AP45: 1 | AQ45: 1 | AR45: 1 | AS45: 0.08721821 | AT45: 0.034482759 | AU45: 0.066666667 | AV45: 0.16129032 | AW45: 0.048961424
C46: JAKARTA雅加达 | D46: Pickup Delivery | E46: AGENT40 | F46: CP_KEBON_JERUK_RAYA | G46: CP_KEBON_JERUK_RAYA | H46: CP_KEBON_JERUK_RAYA | I46: CP_KEBON_JERUK_RAYA | J46: 0.9 | K46: 0.828125 | L46: 0.83076923 | M46: 0.90291262 | N46: 0.86546259 | O46: 0.9 | P46: 0.96038864 | Q46: 0.96527254 | R46: 0.95222222 | S46: 0.95511847 | T46: 0.9 | U46: 0.8805431 | V46: 0.89853541 | W46: 0.88244444 | X46: 0.84496778 | Y46: 0.92 | Z46: 0.93126935 | AA46: 0.96136239 | AB46: 0.97715472 | AC46: 0.95596306 | AD46: 0.92 | AE46: 0.99731067 | AF46: 0.98351669 | AG46: 0.9857428 | AH46: 0.98940825 | AI46: 0.92 | AJ46: 0.94850085 | AK46: 0.97128434 | AL46: 0.98288204 | AM46: 0.96838483 | AN46: 0.99 | AO46: 1 | AP46: 1 | AQ46: 1 | AR46: 1 | AS46: 0.08721821 | AT46: 0.049180328 | AU46: 0.037037037 | AV46: 0.29268293 | AW46: 0.050125313
C47: JAKARTA雅加达 | D47: Pickup Delivery | E47: AGENT40 | F47: CP_KEMBANGAN | G47: CP_KEMBANGAN | H47: CP_KEMBANGAN | I47: CP_KEMBANGAN | J47: 0.9 | K47: 0.85714286 | L47: 0.85714286 | M47: 0.87037037 | N47: 0.94448073 | O47: 0.9 | P47: 0.93002523 | Q47: 0.94049751 | R47: 0.92992939 | S47: 0.93218585 | T47: 0.9 | U47: 0.84743482 | V47: 0.88616915 | W47: 0.88728952 | X47: 0.8840378 | Y47: 0.92 | Z47: 0.93336624 | AA47: 0.96290909 | AB47: 0.95984598 | AC47: 0.96247235 | AD47: 0.92 | AE47: 0.99684182 | AF47: 0.94973849 | AG47: 0.93597417 | AH47: 0.97587583 | AI47: 0.92 | AJ47: 0.94129413 | AK47: 0.96940225 | AL47: 0.97472727 | AM47: 0.9734125 | AN47: 0.99 | AO47: 1 | AP47: 1 | AQ47: 1 | AR47: 1 | AS47: 0.08721821 | AT47: 0.073529412 | AU47: 0.064516129 | AV47: 0.073170732 | AW47: 0.058119658
C48: JAKARTA雅加达 | D48: Pickup Delivery | E48: AGENT40 | F48: CP_ANGKE_INDAH | G48: CP_ANGKE_INDAH | H48: CP_ANGKE_INDAH | I48: CP_ANGKE_INDAH | J48: 0.9 | K48: 0.98076923 | L48: 0.94 | M48: 0.97959184 | N48: 0.96382429 | O48: 0.9 | P48: 0.9825694 | Q48: 0.9891744 | R48: 0.99412889 | S48: 0.96512391 | T48: 0.9 | U48: 0.9244674 | V48: 0.95039258 | W48: 0.95944839 | X48: 0.93427116 | Y48: 0.92 | Z48: 0.96997311 | AA48: 0.97322176 | AB48: 0.98871528 | AC48: 0.97207025 | AD48: 0.92 | AE48: 0.9946806 | AF48: 0.96587199 | AG48: 0.97873057 | AH48: 0.9858167 | AI48: 0.92 | AJ48: 0.97527701 | AK48: 0.98296719 | AL48: 0.99276505 | AM48: 0.98244432 | AN48: 0.99 | AO48: 1 | AP48: 1 | AQ48: 1 | AR48: 1 | AS48: 0.08721821 | AT48: 0.17391304 | AU48: 0.055555556 | AV48: 0.13333333 | AW48: 0.067768595
C49: JAKARTA雅加达 | D49: Pickup Delivery | E49: AGENT40 | F49: DC_KEBAYORAN_BARU | G49: DC_KEBAYORAN_BARU | H49: DC_KEBAYORAN_BARU | I49: DC_KEBAYORAN_BARU | J49: 0.9 | K49: 0.96721311 | L49: 0.921875 | M49: 0.93220339 | N49: 0.93064877 | O49: 0.9 | P49: 0.94787804 | Q49: 0.87732432 | R49: 0.960181 | S49: 0.89076537 | T49: 0.9 | U49: 0.776267 | V49: 0.80705144 | W49: 0.74072398 | X49: 0.68271899 | Y49: 0.92 | Z49: 0.89509692 | AA49: 0.90112223 | AB49: 0.84117032 | AC49: 0.86167367 | AD49: 0.92 | AE49: 0.97619048 | AF49: 0.96774194 | AG49: 0.97777778 | AH49: 0.94182664 | AI49: 0.92 | AJ49: 0.94161657 | AK49: 0.93707986 | AL49: 0.9242185 | AM49: 0.90413993 | AN49: 0.99 | AO49: 1 | AP49: 1 | AQ49: 1 | AR49: 1 | AS49: 0.08721821 | AT49: 0.12820513 | AU49: 0.12280702 | AV49: 0.15909091 | AW49: 0.080046404
C50: JAKARTA雅加达 | D50: Pickup Delivery | E50: AGENT40 | F50: JATIPADANG_01 | G50: JATIPADANG_01 | H50: JATIPADANG_01 | I50: JATIPADANG_01 | J50: 0.9 | K50: 0.95098039 | L50: 0.95918367 | M50: 0.84810127 | N50: 0.92085308 | O50: 0.9 | P50: 0.96565495 | Q50: 0.96662917 | R50: 0.97428834 | S50: 0.9478957 | T50: 0.9 | U50: 0.8600639 | V50: 0.92013498 | W50: 0.89868381 | X50: 0.85970586 | Y50: 0.92 | Z50: 0.94538504 | AA50: 0.9544584 | AB50: 0.96589359 | AC50: 0.94090582 | AD50: 0.92 | AE50: 0.92857143 | AF50: 0.85714286 | AG50: 0.83333333 | AH50: 0.87007874 | AI50: 0.92 | AJ50: 0.95887511 | AK50: 0.97059996 | AL50: 0.97908303 | AM50: 0.96281493 | AN50: 0.99 | AO50: 1 | AP50: 1 | AQ50: 1 | AR50: 1 | AS50: 0.08721821 | AT50: 0.078431373 | AU50: 0.125 | AV50: 0.11904762 | AW50: 0.079715864
C51: JAKARTA雅加达 | D51: Pickup Delivery | E51: AGENT40 | F51: DC_KALIBATA_UTARA | G51: DC_KALIBATA_UTARA | H51: DC_KALIBATA_UTARA | I51: DC_KALIBATA_UTARA | J51: 0.9 | K51: 0.96590909 | L51: 0.92857143 | M51: 0.97101449 | N51: 0.97647059 | O51: 0.9 | P51: 0.99293155 | Q51: 0.99527559 | R51: 0.99883856 | S51: 0.99197977 | T51: 0.9 | U51: 0.91238839 | V51: 0.93385827 | W51: 0.91444057 | X51: 0.91730513 | Y51: 0.92 | Z51: 0.93237151 | AA51: 0.91899371 | AB51: 0.9480315 | AC51: 0.95127018 | AD51: 0.92 | AE51: 0.99319325 | AF51: 0.99548134 | AG51: 0.99038059 | AH51: 0.97994244 | AI51: 0.92 | AJ51: 0.95508329 | AK51: 0.95059382 | AL51: 0.9631456 | AM51: 0.96683714 | AN51: 0.99 | AO51: 1 | AP51: 1 | AQ51: 1 | AR51: 1 | AS51: 0.08721821 | AT51: 0.0625 | AU51: 0.061538462 | AV51: 0.125 | AW51: 0.073809524
C52: JAKARTA雅加达 | D52: Pickup Delivery | E52: AGENT40 | F52: CP_BANGKA | G52: CP_BANGKA | H52: CP_BANGKA | I52: CP_BANGKA | J52: 0.9 | K52: 0.96153846 | L52: 0.97959184 | M52: 0.86956522 | N52: 0.9344115 | O52: 0.9 | P52: 0.98755304 | Q52: 0.95880862 | R52: 0.99138395 | S52: 0.98075878 | T52: 0.9 | U52: 0.89561528 | V52: 0.87801014 | W52: 0.9084545 | X52: 0.85081099 | Y52: 0.92 | Z52: 0.94188749 | AA52: 0.94528651 | AB52: 0.91179976 | AC52: 0.87510609 | AD52: 0.92 | AE52: 0.999027 | AF52: 0.99199246 | AG52: 0.99295223 | AH52: 0.97137012 | AI52: 0.92 | AJ52: 0.95956399 | AK52: 0.95615083 | AL52: 0.9477003 | AM52: 0.92941483 | AN52: 0.99 | AO52: 1 | AP52: 1 | AQ52: 1 | AR52: 1 | AS52: 0.08721821 | AT52: 0.042553191 | AU52: 0.19047619 | AV52: 0.066666667 | AW52: 0.073604061
C53: JAKARTA雅加达 | D53: Pickup Delivery | E53: AGENT40 | F53: CP_TANJUNG_BARAT | G53: CP_TANJUNG_BARAT | H53: CP_TANJUNG_BARAT | I53: CP_TANJUNG_BARAT | J53: 0.9 | K53: 1 | L53: 0.91304348 | M53: 0.84210526 | N53: 0.9296875 | O53: 0.9 | P53: 0.96116505 | Q53: 0.97289334 | R53: 0.96711328 | S53: 0.96147453 | T53: 0.9 | U53: 0.92718447 | V53: 0.93753683 | W53: 0.92326431 | X53: 0.9058445 | Y53: 0.92 | Z53: 0.94825871 | AA53: 0.95689655 | AB53: 0.88888889 | AC53: 0.93842715 | AD53: 0.92 | AE53: 1 | AF53: 0.99483204 | AG53: 0.93506494 | AH53: 0.91490345 | AI53: 0.92 | AJ53: 0.96963761 | AK53: 0.97235829 | AL53: 0.94970162 | AM53: 0.96231931 | AN53: 0.99 | AO53: 1 | AP53: 1 | AQ53: 1 | AR53: 1 | AS53: 0.08721821 | AT53: 0.17391304 | AU53: 0.24242424 | AV53: 0 | AW53: 0.089211618
C54: JAKARTA雅加达 | D54: Pickup Delivery | E54: AGENT40 | F54: CP_SRENGSENG_SAWAH | G54: CP_SRENGSENG_SAWAH | H54: CP_SRENGSENG_SAWAH | I54: CP_SRENGSENG_SAWAH | J54: 0.9 | K54: - | L54: - | M54: - | N54: - | O54: 0.9 | P54: - | Q54: - | R54: - | S54: 0.77586207 | T54: 0.9 | U54: - | V54: - | W54: - | X54: 0.98275862 | Y54: 0.92 | Z54: - | AA54: - | AB54: - | AC54: 1 | AD54: 0.92 | AE54: - | AF54: - | AG54: - | AH54: 1 | AI54: 0.92 | AJ54: - | AK54: - | AL54: - | AM54: 0.98913043 | AN54: 0.99 | AO54: - | AP54: - | AQ54: - | AR54: 1 | AS54: 0.08721821 | AT54: - | AU54: - | AV54: - | AW54: -
C55: JAKARTA雅加达 | D55: Pickup Delivery | E55: AGENT40 | F55: DC_PASAR_MINGGU | G55: DC_PASAR_MINGGU | H55: DC_PASAR_MINGGU | I55: DC_PASAR_MINGGU | J55: 0.9 | K55: 1 | L55: 1 | M55: 1 | N55: 0.99507659 | O55: 0.9 | P55: 0.98145455 | Q55: 0.98191425 | R55: 0.98442789 | S55: 0.97850693 | T55: 0.9 | U55: 0.92581818 | V55: 0.93273725 | W55: 0.92789438 | X55: 0.91643454 | Y55: 0.92 | Z55: 0.94477654 | AA55: 0.94985251 | AB55: 0.92601068 | AC55: 0.9436778 | AD55: 0.92 | AE55: 0.99725191 | AF55: 0.99926918 | AG55: 0.99846193 | AH55: 0.99777507 | AI55: 0.92 | AJ55: 0.96083 | AK55: 0.9661235 | AL55: 0.96201641 | AM55: 0.96144037 | AN55: 0.99 | AO55: 1 | AP55: 1 | AQ55: 1 | AR55: 1 | AS55: 0.08721821 | AT55: 0.04 | AU55: 0.096774194 | AV55: 0.12195122 | AW55: 0.063253012
C56: JAKARTA雅加达 | D56: Pickup Delivery | E56: AGENT40 | F56: CP_CIGANJUR | G56: CP_CIGANJUR | H56: CP_CIGANJUR | I56: CP_CIGANJUR | J56: 0.9 | K56: 1 | L56: 0.97222222 | M56: 1 | N56: 0.96394687 | O56: 0.9 | P56: 0.97660468 | Q56: 0.97113594 | R56: 0.96468875 | S56: 0.97365935 | T56: 0.9 | U56: 0.93481304 | V56: 0.93156425 | W56: 0.91336003 | X56: 0.92316565 | Y56: 0.92 | Z56: 0.94231422 | AA56: 0.96494253 | AB56: 0.93795326 | AC56: 0.95504342 | AD56: 0.92 | AE56: 0.98836841 | AF56: 0.96691653 | AG56: 0.93796053 | AH56: 0.9730895 | AI56: 0.92 | AJ56: 0.96425875 | AK56: 0.97402597 | AL56: 0.96190476 | AM56: 0.97066396 | AN56: 0.99 | AO56: 1 | AP56: 1 | AQ56: 1 | AR56: 1 | AS56: 0.08721821 | AT56: 0.044444444 | AU56: 0.073529412 | AV56: 0.14814815 | AW56: 0.061131387
C57: JAKARTA雅加达 | D57: Pickup Delivery | E57: AGENT40 | F57: CP_TEGAL_PARANG | G57: CP_TEGAL_PARANG | H57: CP_TEGAL_PARANG | I57: CP_TEGAL_PARANG | J57: 0.9 | K57: 1 | L57: 1 | M57: 1 | N57: 0.99139168 | O57: 0.9 | P57: 0.94598338 | Q57: 0.93813387 | R57: 0.98672986 | S57: 0.96026255 | T57: 0.9 | U57: 0.90951062 | V57: 0.9137931 | W57: 0.95260664 | X57: 0.92938112 | Y57: 0.92 | Z57: 0.96928052 | AA57: 0.97014016 | AB57: 0.95643939 | AC57: 0.96821362 | AD57: 0.92 | AE57: 0.9988354 | AF57: 0.93805652 | AG57: 0.98697674 | AH57: 0.98708162 | AI57: 0.92 | AJ57: 0.98148692 | AK57: 0.97731046 | AL57: 0.97790404 | AM57: 0.97573793 | AN57: 0.99 | AO57: 1 | AP57: 1 | AQ57: 1 | AR57: 1 | AS57: 0.08721821 | AT57: 0.027027027 | AU57: 0.13043478 | AV57: 0 | AW57: 0.061052632
C58: JAKARTA雅加达 | D58: Pickup Delivery | E58: AGENT40 | F58: DC_PALMERAH | G58: DC_PALMERAH | H58: DC_PALMERAH | I58: DC_PALMERAH | J58: 0.9 | K58: 0.98019802 | L58: 0.95145631 | M58: 0.97402597 | N58: 0.95064576 | O58: 0.9 | P58: 0.97910035 | Q58: 0.97584709 | R58: 0.99250208 | S58: 0.96927364 | T58: 0.9 | U58: 0.73051903 | V58: 0.78470895 | W58: 0.782005 | X58: 0.75332882 | Y58: 0.92 | Z58: 0.92535885 | AA58: 0.91383042 | AB58: 0.90599295 | AC58: 0.92471064 | AD58: 0.92 | AE58: 0.99534884 | AF58: 0.9962079 | AG58: 0.99388182 | AH58: 0.98976012 | AI58: 0.92 | AJ58: 0.94624693 | AK58: 0.94160517 | AL58: 0.93909108 | AM58: 0.94946809 | AN58: 0.99 | AO58: 1 | AP58: 1 | AQ58: 1 | AR58: 1 | AS58: 0.08721821 | AT58: 0.083333333 | AU58: 0.109375 | AV58: 0.13043478 | AW58: 0.065953654
C59: JAKARTA雅加达 | D59: Pickup Delivery | E59: AGENT40 | F59: CP_KEBAYORAN_2 | G59: CP_KEBAYORAN_2 | H59: CP_KEBAYORAN_2 | I59: CP_KEBAYORAN_2 | J59: 0.9 | K59: 0.96 | L59: 0.93421053 | M59: 0.96825397 | N59: 0.92353644 | O59: 0.9 | P59: 0.97277189 | Q59: 0.98764805 | R59: 0.91347837 | S59: 0.94308065 | T59: 0.9 | U59: 0.81304417 | V59: 0.87072758 | W59: 0.87421855 | X59: 0.80456312 | Y59: 0.92 | Z59: 0.93405276 | AA59: 0.94170497 | AB59: 0.95575758 | AC59: 0.94921132 | AD59: 0.92 | AE59: 0.9921234 | AF59: 0.99195897 | AG59: 0.98484675 | AH59: 0.98633582 | AI59: 0.92 | AJ59: 0.95155907 | AK59: 0.96073298 | AL59: 0.9700885 | AM59: 0.96431121 | AN59: 0.99 | AO59: 1 | AP59: 1 | AQ59: 1 | AR59: 1 | AS59: 0.08721821 | AT59: 0.1754386 | AU59: 0.034482759 | AV59: 0.17647059 | AW59: 0.070675105
C60: JAKARTA雅加达 | D60: Pickup Delivery | E60: AGENT40 | F60: CP_PONDOK_PINANG_2 | G60: CP_PONDOK_PINANG_2 | H60: CP_PONDOK_PINANG_2 | I60: CP_PONDOK_PINANG_2 | J60: 0.9 | K60: 0.9787234 | L60: 0.98913043 | M60: 0.91666667 | N60: 0.93291732 | O60: 0.9 | P60: 0.97743604 | Q60: 0.96670384 | R60: 0.89450461 | S60: 0.96591649 | T60: 0.9 | U60: 0.86849669 | V60: 0.89692528 | W60: 0.91135178 | X60: 0.87261902 | Y60: 0.92 | Z60: 0.9660424 | AA60: 0.9730821 | AB60: 0.97188755 | AC60: 0.96245051 | AD60: 0.92 | AE60: 0.99601336 | AF60: 0.9735657 | AG60: 0.91958133 | AH60: 0.97100207 | AI60: 0.92 | AJ60: 0.96673157 | AK60: 0.9741471 | AL60: 0.98194444 | AM60: 0.97251714 | AN60: 0.99 | AO60: 1 | AP60: 1 | AQ60: 1 | AR60: 1 | AS60: 0.08721821 | AT60: 0.12941176 | AU60: 0.060240964 | AV60: 0.1686747 | AW60: 0.063975155
C61: JAKARTA雅加达 | D61: Delivery | E61: AGENT40 | F61: DC_GELORA | G61: DC_GELORA | H61: DC_GELORA | I61: DC_GELORA | J61: 0.9 | K61: 0.93181818 | L61: 0.90697674 | M61: 0.925 | N61: 0.92429022 | O61: 0.9 | P61: 0.96746684 | Q61: 0.97791554 | R61: 0.98614458 | S61: 0.95559161 | T61: 0.9 | U61: 0.75963361 | V61: 0.81170089 | W61: 0.66325301 | X61: 0.72567638 | Y61: 0.92 | Z61: 0.94383324 | AA61: 0.91714015 | AB61: 0.90552326 | AC61: 0.91024946 | AD61: 0.92 | AE61: 0.99324324 | AF61: 1 | AG61: 0.98816568 | AH61: 0.98052295 | AI61: 0.92 | AJ61: 0.95462906 | AK61: 0.94331984 | AL61: 0.94082588 | AM61: 0.92467495 | AN61: 0.99 | AO61: 1 | AP61: 1 | AQ61: 1 | AR61: 1 | AS61: 0.08721821 | AT61: 0.083333333 | AU61: 0 | AV61: 0.076923077 | AW61: 0.069246436
C62: JAKARTA雅加达 | D62: Pickup Delivery | E62: AGENT40 | F62: DC_PESANGGRAHAN | G62: DC_PESANGGRAHAN | H62: DC_PESANGGRAHAN | I62: DC_PESANGGRAHAN | J62: 0.9 | K62: 1 | L62: 0.9787234 | M62: 0.97402597 | N62: 0.96875 | O62: 0.9 | P62: 0.99199733 | Q62: 0.99038662 | R62: 0.99724602 | S62: 0.98998637 | T62: 0.9 | U62: 0.87695899 | V62: 0.9030303 | W62: 0.88372093 | X62: 0.88586142 | Y62: 0.92 | Z62: 0.92205422 | AA62: 0.92733418 | AB62: 0.91540578 | AC62: 0.93526557 | AD62: 0.92 | AE62: 0.97318612 | AF62: 0.97189037 | AG62: 0.95869057 | AH62: 0.95801983 | AI62: 0.92 | AJ62: 0.95330145 | AK62: 0.95241097 | AL62: 0.95109041 | AM62: 0.95856514 | AN62: 0.99 | AO62: 1 | AP62: 1 | AQ62: 1 | AR62: 1 | AS62: 0.08721821 | AT62: 0.057692308 | AU62: 0.15254237 | AV62: 0.35 | AW62: 0.098591549
C63: JAKARTA雅加达 | D63: Pickup Delivery | E63: AGENT40 | F63: CP_LEBAK_BULUS | G63: CP_LEBAK_BULUS | H63: CP_LEBAK_BULUS | I63: CP_LEBAK_BULUS | J63: 0.9 | K63: 0.94067797 | L63: 0.91964286 | M63: 0.93684211 | N63: 0.95088258 | O63: 0.9 | P63: 0.96832101 | Q63: 0.98440628 | R63: 0.99016214 | S63: 0.97772748 | T63: 0.9 | U63: 0.88000384 | V63: 0.86555684 | W63: 0.90981964 | X63: 0.8563931 | Y63: 0.92 | Z63: 0.95443721 | AA63: 0.94779064 | AB63: 0.93530787 | AC63: 0.94958814 | AD63: 0.92 | AE63: 0.88920527 | AF63: 0.98341151 | AG63: 0.9850066 | AH63: 0.9757586 | AI63: 0.92 | AJ63: 0.97032073 | AK63: 0.96432123 | AL63: 0.96003971 | AM63: 0.96599079 | AN63: 0.99 | AO63: 1 | AP63: 1 | AQ63: 1 | AR63: 0.99973539 | AS63: 0.08721821 | AT63: 0.074468085 | AU63: 0.097345133 | AV63: 0.073529412 | AW63: 0.062634989
C64: JAKARTA雅加达 | D64: Pickup Delivery | E64: AGENT40 | F64: GUNUNG_SAHARI_01 | G64: GUNUNG_SAHARI_01 | H64: GUNUNG_SAHARI_01 | I64: GUNUNG_SAHARI_01 | J64: 0.9 | K64: 0.93589744 | L64: 0.97101449 | M64: 0.89705882 | N64: 0.86219081 | O64: 0.9 | P64: 0.98988824 | Q64: 0.99251287 | R64: 0.99373156 | S64: 0.97229044 | T64: 0.9 | U64: 0.85559695 | V64: 0.82686008 | W64: 0.77949853 | X64: 0.76707421 | Y64: 0.92 | Z64: 0.9327503 | AA64: 0.93041645 | AB64: 0.92512479 | AC64: 0.90511089 | AD64: 0.92 | AE64: 0.9968652 | AF64: 0.99715452 | AG64: 0.99701715 | AH64: 0.99109166 | AI64: 0.92 | AJ64: 0.95085446 | AK64: 0.94459593 | AL64: 0.94916986 | AM64: 0.92596629 | AN64: 0.99 | AO64: 1 | AP64: 1 | AQ64: 1 | AR64: 1 | AS64: 0.08721821 | AT64: 0.10344828 | AU64: 0.054054054 | AV64: 0.11904762 | AW64: 0.067938021
C65: JAKARTA雅加达 | D65: Pickup Delivery | E65: AGENT40 | F65: CP_KEDOYA_RAYA_2 | G65: CP_KEDOYA_RAYA_2 | H65: CP_KEDOYA_RAYA_2 | I65: CP_KEDOYA_RAYA_2 | J65: 0.9 | K65: 0.94827586 | L65: 0.94736842 | M65: 0.68627451 | N65: 0.94879518 | O65: 0.9 | P65: 0.9704864 | Q65: 0.97808174 | R65: 0.95347845 | S65: 0.96904236 | T65: 0.9 | U65: 0.88870569 | V65: 0.92287409 | W65: 0.93235169 | X65: 0.91497733 | Y65: 0.92 | Z65: 0.95349897 | AA65: 0.96162579 | AB65: 0.97901786 | AC65: 0.9728538 | AD65: 0.92 | AE65: 0.99719569 | AF65: 0.99362851 | AG65: 0.97984994 | AH65: 0.99393926 | AI65: 0.92 | AJ65: 0.95628468 | AK65: 0.97555386 | AL65: 0.98397343 | AM65: 0.97912695 | AN65: 0.99 | AO65: 1 | AP65: 1 | AQ65: 1 | AR65: 1 | AS65: 0.08721821 | AT65: 0.081081081 | AU65: 0.19444444 | AV65: 0.033333333 | AW65: 0.081658291
C66: JAKARTA雅加达 | D66: Pickup Delivery | E66: AGENT40 | F66: GADING_GRIYA_L | G66: GADING_GRIYA_L | H66: GADING_GRIYA_L | I66: GADING_GRIYA_L | J66: 0.9 | K66: - | L66: - | M66: - | N66: - | O66: 0.9 | P66: - | Q66: - | R66: - | S66: - | T66: 0.9 | U66: - | V66: - | W66: - | X66: - | Y66: 0.92 | Z66: - | AA66: - | AB66: - | AC66: - | AD66: 0.92 | AE66: - | AF66: - | AG66: - | AH66: - | AI66: 0.92 | AJ66: - | AK66: - | AL66: - | AM66: - | AN66: 0.99 | AO66: - | AP66: - | AQ66: - | AR66: - | AS66: 0.08721821 | AT66: - | AU66: - | AV66: - | AW66: -
C67: JAKARTA雅加达 | D67: Pickup Delivery | E67: AGENT40 | F67: DC_KELAPA_GADING | G67: DC_KELAPA_GADING | H67: DC_KELAPA_GADING | I67: DC_KELAPA_GADING | J67: 0.9 | K67: 0.95652174 | L67: 0.88764045 | M67: 0.9625 | N67: 0.94766547 | O67: 0.9 | P67: 0.97702082 | Q67: 0.97207251 | R67: 0.95708268 | S67: 0.97945823 | T67: 0.9 | U67: 0.84658016 | V67: 0.85595296 | W67: 0.84044234 | X67: 0.79988739 | Y67: 0.92 | Z67: 0.94241634 | AA67: 0.95662559 | AB67: 0.92212389 | AC67: 0.93454519 | AD67: 0.92 | AE67: 0.99540286 | AF67: 0.99257885 | AG67: 0.96416722 | AH67: 0.99178958 | AI67: 0.92 | AJ67: 0.95025 | AK67: 0.9593093 | AL67: 0.94829783 | AM67: 0.9518585 | AN67: 0.99 | AO67: 1 | AP67: 1 | AQ67: 1 | AR67: 1 | AS67: 0.08721821 | AT67: 0.12068966 | AU67: 0.055555556 | AV67: 0.16666667 | AW67: 0.0656595
C68: JAKARTA雅加达 | D68: Pickup Delivery | E68: AGENT40 | F68: DC_KEMAYORAN | G68: DC_KEMAYORAN | H68: DC_KEMAYORAN | I68: DC_KEMAYORAN | J68: 0.9 | K68: 0.93277311 | L68: 0.87394958 | M68: 0.95098039 | N68: 0.95672156 | O68: 0.9 | P68: 0.98477385 | Q68: 0.98895434 | R68: 0.99343724 | S68: 0.98087712 | T68: 0.9 | U68: 0.863711 | V68: 0.88991163 | W68: 0.87749521 | X68: 0.85338435 | Y68: 0.92 | Z68: 0.93395597 | AA68: 0.92792123 | AB68: 0.93920455 | AC68: 0.92511386 | AD68: 0.92 | AE68: 0.98132428 | AF68: 0.97794118 | AG68: 0.8924581 | AH68: 0.98593332 | AI68: 0.92 | AJ68: 0.95437093 | AK68: 0.95321313 | AL68: 0.96400222 | AM68: 0.94860614 | AN68: 0.99 | AO68: 1 | AP68: 1 | AQ68: 1 | AR68: 1 | AS68: 0.08721821 | AT68: 0.063291139 | AU68: 0.15384615 | AV68: 0.080808081 | AW68: 0.063794068
C69: JAKARTA雅加达 | D69: Pickup Delivery | E69: AGENT40 | F69: CP_KOJA_1 | G69: CP_KOJA_1 | H69: CP_KOJA_1 | I69: CP_KOJA_1 | J69: 0.9 | K69: 0.94078947 | L69: 0.95172414 | M69: 0.84033613 | N69: 0.94307512 | O69: 0.9 | P69: 0.94256552 | Q69: 0.98692749 | R69: 0.98444274 | S69: 0.97650362 | T69: 0.9 | U69: 0.80148776 | V69: 0.8692749 | W69: 0.86355522 | X69: 0.84522791 | Y69: 0.92 | Z69: 0.93831554 | AA69: 0.93770604 | AB69: 0.95062676 | AC69: 0.9494075 | AD69: 0.92 | AE69: 0.99493985 | AF69: 0.99278717 | AG69: 0.98330475 | AH69: 0.97829539 | AI69: 0.92 | AJ69: 0.94992246 | AK69: 0.9549174 | AL69: 0.96434649 | AM69: 0.9632825 | AN69: 0.99 | AO69: 1 | AP69: 1 | AQ69: 1 | AR69: 1 | AS69: 0.08721821 | AT69: 0.14953271 | AU69: 0.085106383 | AV69: 0.083333333 | AW69: 0.065359477
C70: JAKARTA雅加达 | D70: Pickup Delivery | E70: AGENT40 | F70: CP_TANJUNG_DUREN_2 | G70: CP_TANJUNG_DUREN_2 | H70: CP_TANJUNG_DUREN_2 | I70: CP_TANJUNG_DUREN_2 | J70: 0.9 | K70: 0.94202899 | L70: 0.95945946 | M70: 0.9137931 | N70: 0.9327505 | O70: 0.9 | P70: 0.82983043 | Q70: 0.95116149 | R70: 0.88997765 | S70: 0.93613062 | T70: 0.9 | U70: 0.89909243 | V70: 0.93324937 | W70: 0.92350009 | X70: 0.88251553 | Y70: 0.92 | Z70: 0.95511005 | AA70: 0.95919209 | AB70: 0.98617757 | AC70: 0.96067021 | AD70: 0.92 | AE70: 0.99011024 | AF70: 0.94633404 | AG70: 0.89157138 | AH70: 0.9783666 | AI70: 0.92 | AJ70: 0.96684657 | AK70: 0.973 | AL70: 0.98779062 | AM70: 0.97362266 | AN70: 0.99 | AO70: 1 | AP70: 1 | AQ70: 1 | AR70: 1 | AS70: 0.08721821 | AT70: 0.13207547 | AU70: 0.034482759 | AV70: 0.068181818 | AW70: 0.08045977
C71: JAKARTA雅加达 | D71: Pickup Delivery | E71: AGENT40 | F71: CP_KOSAMBI_BARU_1 | G71: CP_KOSAMBI_BARU_1 | H71: CP_KOSAMBI_BARU_1 | I71: CP_KOSAMBI_BARU_1 | J71: 0.9 | K71: 0.79569892 | L71: 0.60227273 | M71: 0.77777778 | N71: 0.82446312 | O71: 0.9 | P71: 0.91685806 | Q71: 0.88995385 | R71: 0.93521279 | S71: 0.83796555 | T71: 0.9 | U71: 0.68565304 | V71: 0.75541356 | W71: 0.76551911 | X71: 0.73270082 | Y71: 0.92 | Z71: 0.9071901 | AA71: 0.90208293 | AB71: 0.92697176 | AC71: 0.8802592 | AD71: 0.92 | AE71: 0.9987012 | AF71: 0.97398114 | AG71: 0.86972641 | AH71: 0.95663604 | AI71: 0.92 | AJ71: 0.93065336 | AK71: 0.92127008 | AL71: 0.94011142 | AM71: 0.91986746 | AN71: 0.99 | AO71: 1 | AP71: 1 | AQ71: 1 | AR71: 1 | AS71: 0.08721821 | AT71: 0.056603774 | AU71: 0.11320755 | AV71: 0.20588235 | AW71: 0.058495822
C72: JAKARTA雅加达 | D72: Pickup Delivery | E72: AGENT40 | F72: CP_RAWA_BUAYA_2 | G72: CP_RAWA_BUAYA_2 | H72: CP_RAWA_BUAYA_2 | I72: CP_RAWA_BUAYA_2 | J72: 0.9 | K72: 1 | L72: 0.85294118 | M72: 0.912 | N72: 0.95775536 | O72: 0.9 | P72: 0.95298402 | Q72: 0.93451663 | R72: 0.94323299 | S72: 0.91612864 | T72: 0.9 | U72: 0.81036338 | V72: 0.84869895 | W72: 0.86477838 | X72: 0.78929565 | Y72: 0.92 | Z72: 0.94242254 | AA72: 0.94280763 | AB72: 0.95169775 | AC72: 0.94034613 | AD72: 0.92 | AE72: 0.99155026 | AF72: 0.95481231 | AG72: 0.92300623 | AH72: 0.96546812 | AI72: 0.92 | AJ72: 0.9534806 | AK72: 0.95907892 | AL72: 0.96221483 | AM72: 0.95587197 | AN72: 0.99 | AO72: 1 | AP72: 1 | AQ72: 1 | AR72: 1 | AS72: 0.08721821 | AT72: 0.12121212 | AU72: 0.038834951 | AV72: 0.060606061 | AW72: 0.063000534
C73: JAKARTA雅加达 | D73: Pickup Delivery | E73: AGENT40 | F73: CP_PERMATA_PALEM_1 | G73: CP_PERMATA_PALEM_1 | H73: CP_PERMATA_PALEM_1 | I73: CP_PERMATA_PALEM_1 | J73: 0.9 | K73: 0.89423077 | L73: 0.95412844 | M73: 0.91111111 | N73: 0.8828596 | O73: 0.9 | P73: 0.91933827 | Q73: 0.87816773 | R73: 0.99176721 | S73: 0.93401822 | T73: 0.9 | U73: 0.78729963 | V73: 0.86650091 | W73: 0.8807665 | X73: 0.76799602 | Y73: 0.92 | Z73: 0.93811881 | AA73: 0.95512638 | AB73: 0.96370348 | AC73: 0.88398563 | AD73: 0.92 | AE73: 0.99393484 | AF73: 0.99647703 | AG73: 0.98753181 | AH73: 0.99194059 | AI73: 0.92 | AJ73: 0.9500932 | AK73: 0.97074256 | AL73: 0.9725456 | AM73: 0.92822867 | AN73: 0.99 | AO73: 1 | AP73: 1 | AQ73: 1 | AR73: 1 | AS73: 0.08721821 | AT73: 0.063829787 | AU73: 0.069767442 | AV73: 0.13636364 | AW73: 0.060693642
C74: JAKARTA雅加达 | D74: Pickup Delivery | E74: AGENT40 | F74: CP_KALIDERES | G74: CP_KALIDERES | H74: CP_KALIDERES | I74: CP_KALIDERES | J74: 0.9 | K74: 0.95789474 | L74: 0.95604396 | M74: 0.9047619 | N74: 0.95302663 | O74: 0.9 | P74: 0.97685979 | Q74: 0.98551624 | R74: 0.94486692 | S74: 0.97437963 | T74: 0.9 | U74: 0.89029825 | V74: 0.90668322 | W74: 0.86858365 | X74: 0.8859898 | Y74: 0.92 | Z74: 0.95864182 | AA74: 0.95971455 | AB74: 0.94554773 | AC74: 0.95277565 | AD74: 0.92 | AE74: 0.99919641 | AF74: 0.99938643 | AG74: 0.99853344 | AH74: 0.98835718 | AI74: 0.92 | AJ74: 0.96482773 | AK74: 0.96799129 | AL74: 0.96102546 | AM74: 0.96617269 | AN74: 0.99 | AO74: 1 | AP74: 1 | AQ74: 1 | AR74: 1 | AS74: 0.08721821 | AT74: 0 | AU74: 0.10526316 | AV74: 0.071428571 | AW74: 0.05625
C75: JAKARTA雅加达 | D75: Pickup Delivery | E75: AGENT40 | F75: CP_NEW_KAPUK | G75: CP_NEW_KAPUK | H75: CP_NEW_KAPUK | I75: CP_NEW_KAPUK | J75: 0.9 | K75: 0.83673469 | L75: 0.84946237 | M75: 0.91666667 | N75: 0.8967523 | O75: 0.9 | P75: 0.96279264 | Q75: 0.96716012 | R75: 0.94184817 | S75: 0.90818208 | T75: 0.9 | U75: 0.78985507 | V75: 0.82303897 | W75: 0.77627405 | X75: 0.76088752 | Y75: 0.92 | Z75: 0.93850659 | AA75: 0.9400524 | AB75: 0.93168724 | AC75: 0.9362051 | AD75: 0.92 | AE75: 0.99769822 | AF75: 0.9981463 | AG75: 0.99817499 | AH75: 0.97953839 | AI75: 0.92 | AJ75: 0.94620679 | AK75: 0.94773407 | AL75: 0.94567039 | AM75: 0.9511489 | AN75: 0.99 | AO75: 1 | AP75: 1 | AQ75: 1 | AR75: 1 | AS75: 0.08721821 | AT75: 0.029411765 | AU75: 0.085714286 | AV75: 0.09375 | AW75: 0.072928177
C76: JAKARTA雅加达 | D76: Pickup Delivery | E76: AGENT40 | F76: KAPUK_RAYA | G76: KAPUK_RAYA | H76: KAPUK_RAYA | I76: KAPUK_RAYA | J76: 0.9 | K76: 0.77777778 | L76: 0.93333333 | M76: 0.92307692 | N76: 0.93175853 | O76: 0.9 | P76: 0.92048518 | Q76: 0.91300603 | R76: 0.81863354 | S76: 0.96220568 | T76: 0.9 | U76: 0.84231806 | V76: 0.83807063 | W76: 0.78509317 | X76: 0.85302604 | Y76: 0.92 | Z76: 0.92879581 | AA76: 0.95720524 | AB76: 0.856 | AC76: 0.94692526 | AD76: 0.92 | AE76: 0.99654466 | AF76: 0.89526039 | AG76: 0.99741658 | AH76: 0.98006761 | AI76: 0.92 | AJ76: 0.95081967 | AK76: 0.96487424 | AL76: 0.87711864 | AM76: 0.96314357 | AN76: 0.99 | AO76: 1 | AP76: 1 | AQ76: 1 | AR76: 1 | AS76: 0.08721821 | AT76: 0 | AU76: 0.33333333 | AV76: 0 | AW76: 0.053030303
C77: JAKARTA雅加达 | D77: Pickup Delivery | E77: AGENT40 | F77: DC_PEGADUNGAN | G77: DC_PEGADUNGAN | H77: DC_PEGADUNGAN | I77: DC_PEGADUNGAN | J77: 0.9 | K77: 0.92857143 | L77: 0.92857143 | M77: 0.94366197 | N77: 0.94257316 | O77: 0.9 | P77: 0.99694131 | Q77: 0.99749202 | R77: 0.99423142 | S77: 0.99100734 | T77: 0.9 | U77: 0.88931371 | V77: 0.90788874 | W77: 0.85137428 | X77: 0.8747017 | Y77: 0.92 | Z77: 0.95889571 | AA77: 0.95935801 | AB77: 0.94929006 | AC77: 0.9533832 | AD77: 0.92 | AE77: 0.99911713 | AF77: 0.99869247 | AG77: 0.99954055 | AH77: 0.94752211 | AI77: 0.92 | AJ77: 0.97243167 | AK77: 0.96945084 | AL77: 0.9652056 | AM77: 0.97027018 | AN77: 0.99 | AO77: 1 | AP77: 1 | AQ77: 1 | AR77: 1 | AS77: 0.08721821 | AT77: 0.13636364 | AU77: 0.04 | AV77: 0.086956522 | AW77: 0.089552239
C78: JAKARTA雅加达 | D78: Pickup Delivery | E78: AGENT40 | F78: DC_CILINCING | G78: DC_CILINCING | H78: DC_CILINCING | I78: DC_CILINCING | J78: 0.9 | K78: 0.93258427 | L78: 0.94252874 | M78: 0.95714286 | N78: 0.93948878 | O78: 0.9 | P78: 0.97823798 | Q78: 0.98393302 | R78: 0.9948043 | S78: 0.97899201 | T78: 0.9 | U78: 0.78887329 | V78: 0.80855397 | W78: 0.74541046 | X78: 0.77508255 | Y78: 0.92 | Z78: 0.93735012 | AA78: 0.94235653 | AB78: 0.92791411 | AC78: 0.93143015 | AD78: 0.92 | AE78: 0.80165289 | AF78: 0.98529412 | AG78: 0.65714286 | AH78: 0.96342274 | AI78: 0.92 | AJ78: 0.94906997 | AK78: 0.95369152 | AL78: 0.95419847 | AM78: 0.95144115 | AN78: 0.99 | AO78: 1 | AP78: 1 | AQ78: 1 | AR78: 1 | AS78: 0.08721821 | AT78: 0 | AU78: 0.089285714 | AV78: 0.10714286 | AW78: 0.056976744
... C83: TANGERANG唐格朗 | D83: Pickup Delivery | E83: AGENT12 | F83: PEJATEN_MAS | G83: PEJATEN_MAS | H83: PEJATEN_MAS | I83: PEJATEN_MAS | J83: 0.9 | K83: 0.94680851 | L83: 0.87058824 | M83: 0.92207792 | N83: 0.94514343 | O83: 0.9 | P83: 0.86718122 | Q83: 0.9022869 | R83: 0.91758984 | S83: 0.88932667 | T83: 0.9 | U83: 0.83598649 | V83: 0.84823285 | W83: 0.83004593 | X83: 0.84516664 | Y83: 0.92 | Z83: 0.92234102 | AA83: 0.93133641 | AB83: 0.89035088 | AC83: 0.9219186 | AD83: 0.92 | AE83: 0.97114178 | AF83: 0.98868313 | AG83: 0.94476744 | AH83: 0.98325519 | AI83: 0.92 | AJ83: 0.95569879 | AK83: 0.94853348 | AL83: 0.94752737 | AM83: 0.95130138 | AN83: 0.99 | AO83: 1 | AP83: 1 | AQ83: 1 | AR83: 1 | AS83: 0.1052615 | AT83: 0 | AU83: 0.2173913 | AV83: 0.10714286 | AW83: 0.082278481
C84: TANGERANG唐格朗 | D84: Pickup Delivery | E84: AGENT12 | F84: PELABUHAN_MERAK | G84: PELABUHAN_MERAK | H84: PELABUHAN_MERAK | I84: PELABUHAN_MERAK | J84: 0.9 | K84: 0.93939394 | L84: 0.92857143 | M84: 0.93442623 | N84: 0.94100924 | O84: 0.9 | P84: 1 | Q84: - | R84: - | S84: 0.625 | T84: 0.9 | U84: 0 | V84: - | W84: - | X84: 0.375 | Y84: 0.92 | Z84: 0.95635674 | AA84: 0.94556701 | AB84: 0.96371177 | AC84: 0.95447167 | AD84: 0.92 | AE84: 0.97080292 | AF84: 0.96575342 | AG84: 0.99319728 | AH84: 0.83537653 | AI84: 0.92 | AJ84: 0.96592571 | AK84: 0.96218227 | AL84: 0.97199125 | AM84: 0.96513959 | AN84: 0.99 | AO84: 1 | AP84: 1 | AQ84: 1 | AR84: 1 | AS84: 0.1052615 | AT84: 0 | AU84: 0.055555556 | AV84: 0.066666667 | AW84: 0.073643411
C85: TANGERANG唐格朗 | D85: Pickup Delivery | E85: AGENT12 | F85: PERUMNAS_RAYA | G85: PERUMNAS_RAYA | H85: PERUMNAS_RAYA | I85: PERUMNAS_RAYA | J85: 0.9 | K85: 0.89705882 | L85: 0.98387097 | M85: 0.96610169 | N85: 0.95286885 | O85: 0.9 | P85: 0.9515064 | Q85: 0.95330248 | R85: 0.95015576 | S85: 0.93263726 | T85: 0.9 | U85: 0.85018572 | V85: 0.90870846 | W85: 0.871928 | X85: 0.86708939 | Y85: 0.92 | Z85: 0.94364681 | AA85: 0.9525823 | AB85: 0.9026616 | AC85: 0.93907272 | AD85: 0.92 | AE85: 0.99510604 | AF85: 0.94680851 | AG85: 0.94334278 | AH85: 0.96789815 | AI85: 0.92 | AJ85: 0.95964889 | AK85: 0.96624473 | AL85: 0.94576594 | AM85: 0.95910239 | AN85: 0.99 | AO85: 1 | AP85: 1 | AQ85: 1 | AR85: 1 | AS85: 0.1052615 | AT85: 0 | AU85: 0.0625 | AV85: 0.13636364 | AW85: 0.087928465
C86: TANGERANG唐格朗 | D86: Pickup Delivery | E86: AGENT12 | F86: PALKA_CIOMAS | G86: PALKA_CIOMAS | H86: PALKA_CIOMAS | I86: PALKA_CIOMAS | J86: 0.9 | K86: 0.95348837 | L86: 0.95061728 | M86: 0.88311688 | N86: 0.92319915 | O86: 0.9 | P86: 0.25 | Q86: - | R86: 0 | S86: 0.65116279 | T86: 0.9 | U86: 0 | V86: - | W86: 0 | X86: 0.60465116 | Y86: 0.92 | Z86: 0.96568349 | AA86: 0.95097678 | AB86: 0.96739547 | AC86: 0.9685915 | AD86: 0.92 | AE86: 0.99829642 | AF86: 0.97590361 | AG86: 0.97678275 | AH86: 0.97013395 | AI86: 0.92 | AJ86: 0.9719199 | AK86: 0.95646978 | AL86: 0.97188689 | AM86: 0.97740885 | AN86: 0.99 | AO86: 1 | AP86: 1 | AQ86: 1 | AR86: 1 | AS86: 0.1052615 | AT86: 0.055555556 | AU86: 0.17391304 | AV86: 0.055555556 | AW86: 0.048351648
C87: TANGERANG唐格朗 | D87: Pickup Delivery | E87: AGENT12 | F87: CITANGKIL | G87: CITANGKIL | H87: CITANGKIL | I87: CITANGKIL | J87: 0.9 | K87: 0.95555556 | L87: 1 | M87: 0.925 | N87: 0.96361746 | O87: 0.9 | P87: 0.93309746 | Q87: 0.92708333 | R87: 0.92528147 | S87: 0.92462083 | T87: 0.9 | U87: 0.90736571 | V87: 0.91015625 | W87: 0.91044012 | X87: 0.89726997 | Y87: 0.92 | Z87: 0.95944444 | AA87: 0.95901235 | AB87: 0.96658986 | AC87: 0.95848324 | AD87: 0.92 | AE87: 0.99132321 | AF87: 0.97820823 | AG87: 0.97835498 | AH87: 0.9807132 | AI87: 0.92 | AJ87: 0.97312156 | AK87: 0.9691098 | AL87: 0.97980156 | AM87: 0.97240783 | AN87: 0.99 | AO87: 1 | AP87: 1 | AQ87: 1 | AR87: 1 | AS87: 0.1052615 | AT87: 0.1 | AU87: 0.090909091 | AV87: 0 | AW87: 0.073482428
C88: TANGERANG唐格朗 | D88: Pickup Delivery | E88: AGENT12 | F88: DP_PANGGUNGRAWI | G88: DP_PANGGUNGRAWI | H88: DP_PANGGUNGRAWI | I88: DP_PANGGUNGRAWI | J88: 0.9 | K88: 0.81666667 | L88: 0.80357143 | M88: 0.74 | N88: 0.82693755 | O88: 0.9 | P88: 0.66666667 | Q88: 0.5 | R88: 0.85714286 | S88: 0.53703704 | T88: 0.9 | U88: 0 | V88: 0.16666667 | W88: 0.14285714 | X88: 0.16666667 | Y88: 0.92 | Z88: 0.88759187 | AA88: 0.91241241 | AB88: 0.86947655 | AC88: 0.88644586 | AD88: 0.92 | AE88: 0.86507937 | AF88: 0.80555556 | AG88: 0.85074627 | AH88: 0.85189645 | AI88: 0.92 | AJ88: 0.91989045 | AK88: 0.93161094 | AL88: 0.9220849 | AM88: 0.92655961 | AN88: 0.99 | AO88: 1 | AP88: 1 | AQ88: 1 | AR88: 1 | AS88: 0.1052615 | AT88: 0.076923077 | AU88: 0.13333333 | AV88: 0.16666667 | AW88: 0.11195929
C89: TANGERANG唐格朗 | D89: Pickup Delivery | E89: AGENT12 | F89: PONTANG_RAYA | G89: PONTANG_RAYA | H89: PONTANG_RAYA | I89: PONTANG_RAYA | J89: 0.9 | K89: 0.95454545 | L89: 0.93220339 | M89: 0.94915254 | N89: 0.93444909 | O89: 0.9 | P89: 0 | Q89: 0 | R89: 0 | S89: 0.5 | T89: 0.9 | U89: 0 | V89: 0 | W89: 0 | X89: 0.42105263 | Y89: 0.92 | Z89: 0.96611446 | AA89: 0.9558883 | AB89: 0.98510638 | AC89: 0.97175939 | AD89: 0.92 | AE89: 0.98867925 | AF89: 0.99013158 | AG89: 0.91216216 | AH89: 0.98510698 | AI89: 0.92 | AJ89: 0.97496444 | AK89: 0.97100542 | AL89: 0.98496241 | AM89: 0.97972057 | AN89: 0.99 | AO89: 1 | AP89: 1 | AQ89: 1 | AR89: 1 | AS89: 0.1052615 | AT89: 0.13333333 | AU89: 0.076923077 | AV89: 0.28571429 | AW89: 0.11403509
C90: TANGERANG唐格朗 | D90: Pickup Delivery | E90: AGENT12 | F90: CIL05B | G90: CIL05B | H90: CIL05B | I90: CIL05B | J90: 0.9 | K90: 0.97142857 | L90: 0.94736842 | M90: 0.98181818 | N90: 0.94206009 | O90: 0.9 | P90: 0.97889073 | Q90: 0.98085106 | R90: 0.96267606 | S90: 0.95757832 | T90: 0.9 | U90: 0.87686258 | V90: 0.89787234 | W90: 0.88169014 | X90: 0.84750523 | Y90: 0.92 | Z90: 0.9416003 | AA90: 0.94267311 | AB90: 0.93486894 | AC90: 0.93572283 | AD90: 0.92 | AE90: 0.93757962 | AF90: 0.99661017 | AG90: 0.96235294 | AH90: 0.96602526 | AI90: 0.92 | AJ90: 0.96452477 | AK90: 0.96060828 | AL90: 0.96757679 | AM90: 0.95816635 | AN90: 0.99 | AO90: 1 | AP90: 1 | AQ90: 1 | AR90: 1 | AS90: 0.1052615 | AT90: 0 | AU90: 0.26666667 | AV90: 0.11111111 | AW90: 0.098455598
C91: TANGERANG唐格朗 | D91: Pickup Delivery | E91: AGENT12 | F91: PANTAI_ANYER | G91: PANTAI_ANYER | H91: PANTAI_ANYER | I91: PANTAI_ANYER | J91: 0.9 | K91: 0.96363636 | L91: 0.98113208 | M91: 0.95918367 | N91: 0.95809367 | O91: 0.9 | P91: 0 | Q91: 0.66666667 | R91: - | S91: 0.31428571 | T91: 0.9 | U91: 0 | V91: 0.33333333 | W91: - | X91: 0.65714286 | Y91: 0.92 | Z91: 0.97429414 | AA91: 0.96567506 | AB91: 0.9766702 | AC91: 0.98357697 | AD91: 0.92 | AE91: 0.95283019 | AF91: 0.80487805 | AG91: 0.87878788 | AH91: 0.94867257 | AI91: 0.92 | AJ91: 0.97848306 | AK91: 0.97667962 | AL91: 0.97862292 | AM91: 0.98709444 | AN91: 0.99 | AO91: 1 | AP91: 1 | AQ91: 1 | AR91: 1 | AS91: 0.1052615 | AT91: 0 | AU91: 0.1 | AV91: 0.090909091 | AW91: 0.10069444
C92: TANGERANG唐格朗 | D92: Pickup Delivery | E92: AGENT12 | F92: CIWANDAN | G92: CIWANDAN | H92: CIWANDAN | I92: CIWANDAN | J92: 0.9 | K92: 0.92857143 | L92: 0.91836735 | M92: 0.9787234 | N92: 0.9472 | O92: 0.9 | P92: 0.96792404 | Q92: 0.96199143 | R92: 0.98602287 | S92: 0.95381912 | T92: 0.9 | U92: 0.84295612 | V92: 0.8875803 | W92: 0.88225328 | X92: 0.86040592 | Y92: 0.92 | Z92: 0.93083183 | AA92: 0.94007937 | AB92: 0.94192186 | AC92: 0.94633666 | AD92: 0.92 | AE92: 0.98315789 | AF92: 0.98983051 | AG92: 0.97202797 | AH92: 0.97478404 | AI92: 0.92 | AJ92: 0.96042518 | AK92: 0.95671982 | AL92: 0.97249093 | AM92: 0.96847922 | AN92: 0.99 | AO92: 1 | AP92: 1 | AQ92: 1 | AR92: 1 | AS92: 0.1052615 | AT92: 0 | AU92: 0.125 | AV92: 0.13333333 | AW92: 0.11111111
C93: TANGERANG唐格朗 | D93: Pickup Delivery | E93: AGENT12 | F93: TAKTAKAN_JAYA | G93: TAKTAKAN_JAYA | H93: TAKTAKAN_JAYA | I93: TAKTAKAN_JAYA | J93: 0.9 | K93: 0.91566265 | L93: 0.91428571 | M93: 0.953125 | N93: 0.93753718 | O93: 0.9 | P93: 0.94727309 | Q93: 0.98387097 | R93: 0.98351648 | S93: 0.93672944 | T93: 0.9 | U93: 0.89595492 | V93: 0.92142266 | W93: 0.91346154 | X93: 0.91034537 | Y93: 0.92 | Z93: 0.94583333 | AA93: 0.94562648 | AB93: 0.94320798 | AC93: 0.9517553 | AD93: 0.92 | AE93: 0.93768546 | AF93: 0.98540146 | AG93: 0.90625 | AH93: 0.95660857 | AI93: 0.92 | AJ93: 0.96967767 | AK93: 0.96190969 | AL93: 0.97224199 | AM93: 0.97080988 | AN93: 0.99 | AO93: 1 | AP93: 1 | AQ93: 1 | AR93: 1 | AS93: 0.1052615 | AT93: 0.17647059 | AU93: 0.055555556 | AV93: 0.23809524 | AW93: 0.06445993
C94: TANGERANG唐格朗 | D94: Pickup Delivery | E94: AGENT12 | F94: UNYUR_JAYA | G94: UNYUR_JAYA | H94: UNYUR_JAYA | I94: UNYUR_JAYA | J94: 0.9 | K94: 0.97101449 | L94: 0.92537313 | M94: 0.98387097 | N94: 0.94990241 | O94: 0.9 | P94: 0.938485 | Q94: 0.96430342 | R94: 0.95637149 | S94: 0.92791934 | T94: 0.9 | U94: 0.88179969 | V94: 0.89340605 | W94: 0.88941685 | X94: 0.88656411 | Y94: 0.92 | Z94: 0.95452539 | AA94: 0.94998105 | AB94: 0.95813953 | AC94: 0.95020336 | AD94: 0.92 | AE94: 0.98622754 | AF94: 0.98960139 | AG94: 0.85234899 | AH94: 0.98738284 | AI94: 0.92 | AJ94: 0.97210127 | AK94: 0.96391753 | AL94: 0.97433628 | AM94: 0.96755197 | AN94: 0.99 | AO94: 1 | AP94: 1 | AQ94: 1 | AR94: 1 | AS94: 0.1052615 | AT94: 0.2 | AU94: 0.42857143 | AV94: 0.30769231 | AW94: 0.12868633
C95: TANGERANG唐格朗 | D95: Pickup Delivery | E95: AGENT12 | F95: SURADITA_CISAUK | G95: SURADITA_CISAUK | H95: SURADITA_CISAUK | I95: SURADITA_CISAUK | J95: 0.9 | K95: - | L95: - | M95: - | N95: 0.92035398 | O95: 0.9 | P95: 0 | Q95: 0 | R95: 0 | S95: 0.90972289 | T95: 0.9 | U95: 1 | V95: 1 | W95: 1 | X95: 0.86547128 | Y95: 0.92 | Z95: 1 | AA95: 1 | AB95: 1 | AC95: 0.97453227 | AD95: 0.92 | AE95: - | AF95: - | AG95: - | AH95: 0.97042473 | AI95: 0.92 | AJ95: 1 | AK95: 1 | AL95: 1 | AM95: 0.98508775 | AN95: 0.99 | AO95: - | AP95: - | AQ95: - | AR95: 1 | AS95: 0.1052615 | AT95: - | AU95: - | AV95: - | AW95: 0.04494382
C96: TANGERANG唐格朗 | D96: Pickup Delivery | E96: AGENT12 | F96: BAKTI_JAYA | G96: BAKTI_JAYA | H96: BAKTI_JAYA | I96: BAKTI_JAYA | J96: 0.9 | K96: - | L96: - | M96: - | N96: - | O96: 0.9 | P96: - | Q96: - | R96: - | S96: 1 | T96: 0.9 | U96: - | V96: - | W96: - | X96: 1 | Y96: 0.92 | Z96: - | AA96: - | AB96: - | AC96: - | AD96: 0.92 | AE96: - | AF96: - | AG96: - | AH96: - | AI96: 0.92 | AJ96: - | AK96: - | AL96: - | AM96: 1 | AN96: 0.99 | AO96: - | AP96: - | AQ96: - | AR96: - | AS96: 0.1052615 | AT96: - | AU96: - | AV96: - | AW96: -
C97: TANGERANG唐格朗 | D97: Pickup Delivery | E97: AGENT12 | F97: RODA_HIAS | G97: RODA_HIAS | H97: RODA_HIAS | I97: RODA_HIAS | J97: 0.9 | K97: 0.95454545 | L97: 1 | M97: 0.94117647 | N97: 0.9321663 | O97: 0.9 | P97: 0.93976796 | Q97: 0.95707071 | R97: 0.91425071 | S97: 0.91313459 | T97: 0.9 | U97: 0.88669464 | V97: 0.90751263 | W97: 0.84891793 | X97: 0.86768481 | Y97: 0.92 | Z97: 0.94842944 | AA97: 0.96436526 | AB97: 0.96530359 | AC97: 0.9491833 | AD97: 0.92 | AE97: 0.98529412 | AF97: 0.95022921 | AG97: 0.92372881 | AH97: 0.96684123 | AI97: 0.92 | AJ97: 0.96798189 | AK97: 0.97577619 | AL97: 0.97665848 | AM97: 0.96561255 | AN97: 0.99 | AO97: 1 | AP97: 1 | AQ97: 1 | AR97: 1 | AS97: 0.1052615 | AT97: 0.12 | AU97: 0.14285714 | AV97: 0.086956522 | AW97: 0.11080332
C98: TANGERANG唐格朗 | D98: Pickup Delivery | E98: AGENT12 | F98: TERAS_KOTA | G98: TERAS_KOTA | H98: TERAS_KOTA | I98: TERAS_KOTA | J98: 0.9 | K98: 0.88679245 | L98: 0.88235294 | M98: 0.86666667 | N98: 0.92117324 | O98: 0.9 | P98: 0.9568662 | Q98: 0.96119317 | R98: 0.94838455 | S98: 0.91264743 | T98: 0.9 | U98: 0.88248239 | V98: 0.9194903 | W98: 0.89598109 | X98: 0.87013438 | Y98: 0.92 | Z98: 0.92154313 | AA98: 0.93515005 | AB98: 0.94372294 | AC98: 0.93303279 | AD98: 0.92 | AE98: 0.98522707 | AF98: 0.9823686 | AG98: 0.99420814 | AH98: 0.96820305 | AI98: 0.92 | AJ98: 0.96117922 | AK98: 0.96190176 | AL98: 0.97487002 | AM98: 0.96142215 | AN98: 0.99 | AO98: 1 | AP98: 1 | AQ98: 1 | AR98: 1 | AS98: 0.1052615 | AT98: 0 | AU98: 0.058823529 | AV98: 0.076923077 | AW98: 0.089810017
C99: TANGERANG唐格朗 | D99: Pickup Delivery | E99: AGENT12 | F99: PONDOK_PUCUNG | G99: PONDOK_PUCUNG | H99: PONDOK_PUCUNG | I99: PONDOK_PUCUNG | J99: 0.9 | K99: - | L99: - | M99: - | N99: 0.95412844 | O99: 0.9 | P99: 0 | Q99: 0 | R99: 0 | S99: 0.94433822 | T99: 0.9 | U99: 1 | V99: 1 | W99: 1 | X99: 0.91948162 | Y99: 0.92 | Z99: 1 | AA99: 1 | AB99: 1 | AC99: 0.97163887 | AD99: 0.92 | AE99: - | AF99: - | AG99: - | AH99: 0.98898581 | AI99: 0.92 | AJ99: 1 | AK99: 1 | AL99: 1 | AM99: 0.98145975 | AN99: 0.99 | AO99: - | AP99: - | AQ99: - | AR99: 1 | AS99: 0.1052615 | AT99: - | AU99: - | AV99: - | AW99: 0.050955414
C100: TANGERANG唐格朗 | D100: Pickup Delivery | E100: AGENT12 | F100: PONDOKJAYA | G100: PONDOKJAYA | H100: PONDOKJAYA | I100: PONDOKJAYA | J100: 0.9 | K100: - | L100: - | M100: - | N100: 0.9599359 | O100: 0.9 | P100: 0 | Q100: 0 | R100: 0 | S100: 0.9444857 | T100: 0.9 | U100: 1 | V100: 1 | W100: 1 | X100: 0.91363442 | Y100: 0.92 | Z100: 1 | AA100: 1 | AB100: 1 | AC100: 0.95461357 | AD100: 0.92 | AE100: - | AF100: - | AG100: - | AH100: 0.96566686 | AI100: 0.92 | AJ100: 1 | AK100: 1 | AL100: 1 | AM100: 0.97261125 | AN100: 0.99 | AO100: - | AP100: - | AQ100: - | AR100: 1 | AS100: 0.1052615 | AT100: - | AU100: - | AV100: - | AW100: 0.084459459
C101: TANGERANG唐格朗 | D101: Pickup Delivery | E101: AGENT12 | F101: PAKOJAN | G101: PAKOJAN | H101: PAKOJAN | I101: PAKOJAN | J101: 0.9 | K101: - | L101: - | M101: - | N101: - | O101: 0.9 | P101: - | Q101: - | R101: - | S101: - | T101: 0.9 | U101: - | V101: - | W101: - | X101: - | Y101: 0.92 | Z101: - | AA101: - | AB101: - | AC101: - | AD101: 0.92 | AE101: - | AF101: - | AG101: - | AH101: - | AI101: 0.92 | AJ101: - | AK101: - | AL101: - | AM101: - | AN101: 0.99 | AO101: - | AP101: - | AQ101: - | AR101: - | AS101: 0.1052615 | AT101: - | AU101: - | AV101: - | AW101: -
C102: TANGERANG唐格朗 | D102: Pickup Delivery | E102: AGENT12 | F102: SENTRA_JATIUWUNG | G102: SENTRA_JATIUWUNG | H102: SENTRA_JATIUWUNG | I102: SENTRA_JATIUWUNG | J102: 0.9 | K102: 0.95121951 | L102: 0.98780488 | M102: 0.94736842 | N102: 0.95480226 | O102: 0.9 | P102: 0.92980015 | Q102: 0.95214372 | R102: 0.95857631 | S102: 0.92075666 | T102: 0.9 | U102: 0.92537313 | V102: 0.92210145 | W102: 0.92278303 | X102: 0.9059319 | Y102: 0.92 | Z102: 0.93238795 | AA102: 0.93081159 | AB102: 0.9251663 | AC102: 0.9285881 | AD102: 0.92 | AE102: 0.99701487 | AF102: 0.93904302 | AG102: 0.94813562 | AH102: 0.92687816 | AI102: 0.92 | AJ102: 0.95894107 | AK102: 0.9612073 | AL102: 0.96137402 | AM102: 0.95789401 | AN102: 0.99 | AO102: 1 | AP102: 1 | AQ102: 1 | AR102: 1 | AS102: 0.1052615 | AT102: 0 | AU102: 0.14285714 | AV102: 0.125 | AW102: 0.075728155
C103: TANGERANG唐格朗 | D103: Pickup | E103: AGENT12 | F103: TGR54B | G103: TGR54B | H103: TGR54B | I103: TGR54B | J103: 0.9 | K103: - | L103: - | M103: - | N103: - | O103: 0.9 | P103: - | Q103: - | R103: - | S103: - | T103: 0.9 | U103: - | V103: - | W103: - | X103: - | Y103: 0.92 | Z103: - | AA103: - | AB103: - | AC103: - | AD103: 0.92 | AE103: 0.99111111 | AF103: 0.98282098 | AG103: 0.97940503 | AH103: 0.88325159 | AI103: 0.92 | AJ103: - | AK103: - | AL103: - | AM103: - | AN103: 0.99 | AO103: 1 | AP103: 1 | AQ103: - | AR103: 1 | AS103: 0.1052615 | AT103: - | AU103: - | AV103: - | AW103: -
C104: TANGERANG唐格朗 | D104: Pickup Delivery | E104: AGENT12 | F104: CIMONE_RAYA | G104: CIMONE_RAYA | H104: CIMONE_RAYA | I104: CIMONE_RAYA | J104: 0.9 | K104: 0.87912088 | L104: 0.90804598 | M104: 0.92 | N104: 0.89740933 | O104: 0.9 | P104: 0.87373797 | Q104: 0.91360294 | R104: 0.97423664 | S104: 0.93153174 | T104: 0.9 | U104: 0.85532724 | V104: 0.91988358 | W104: 0.89770992 | X104: 0.87060852 | Y104: 0.92 | Z104: 0.9293812 | AA104: 0.92299919 | AB104: 0.90205128 | AC104: 0.91571441 | AD104: 0.92 | AE104: 0.99785909 | AF104: 0.98955449 | AG104: 0.81791242 | AH104: 0.967984 | AI104: 0.92 | AJ104: 0.95574872 | AK104: 0.95749499 | AL104: 0.95620742 | AM104: 0.95264792 | AN104: 0.99 | AO104: 1 | AP104: 1 | AQ104: 1 | AR104: 1 | AS104: 0.1052615 | AT104: 0.040816327 | AU104: 0.058823529 | AV104: 0.15686275 | AW104: 0.074696545
C105: TANGERANG唐格朗 | D105: Pickup Delivery | E105: AGENT12 | F105: CIBODAS_RAYA | G105: CIBODAS_RAYA | H105: CIBODAS_RAYA | I105: CIBODAS_RAYA | J105: 0.9 | K105: - | L105: - | M105: - | N105: - | O105: 0.9 | P105: - | Q105: - | R105: - | S105: 0.060301508 | T105: 0.9 | U105: - | V105: - | W105: - | X105: 0.99497487 | Y105: 0.92 | Z105: - | AA105: - | AB105: - | AC105: 1 | AD105: 0.92 | AE105: - | AF105: - | AG105: - | AH105: - | AI105: 0.92 | AJ105: - | AK105: - | AL105: - | AM105: 0.99270073 | AN105: 0.99 | AO105: - | AP105: - | AQ105: - | AR105: - | AS105: 0.1052615 | AT105: - | AU105: - | AV105: - | AW105: -
...

Sheet Display Absensi 630
A1: =CONCATENATE("网管-打卡准点率报表爪哇-巴厘",TEXT($T$3,"MM月DD日")," NM-Persentase Absensi Tepat Waktu Sprinter Agent Jawa-Bali ",TEXT($T$3,"DD MMM YYYY")) -> 网管-打卡准点率报表爪哇-巴厘09月23日 NM-Persentase Absensi Tepat Waktu Sprinter Agent Jawa-Bali 23 Sep 2026
A2: 代理区 Agent | B2: RM | C2: 网点名称 Nama DP | D2: 总人数 Total Orang | E2: 打卡人数 Jumlah yang Absensi | F2: ="总人数"&CHAR(10)&"Total Orang"&CHAR(10)&TEXT($U$3,"dd/mm/yyyy") -> 总人数 Total Orang 22/09/2026 | G2: ="打卡人数"&CHAR(10)&"Jumlah yang Absensi"&CHAR(10)&TEXT($U$3,"dd/mm/yyyy") -> 打卡人数 Jumlah yang Absensi 22/09/2026 | H2: ="总人数"&CHAR(10)&"Total Orang"&CHAR(10)&TEXT($V$3,"dd/mm/yyyy") -> 总人数 Total Orang 21/09/2026 | I2: ="打卡人数"&CHAR(10)&"Jumlah yang Absensi"&CHAR(10)&TEXT($V$3,"dd/mm/yyyy") -> 打卡人数 Jumlah yang Absensi 21/09/2026 | J2: 目标值 Target | K2: =CONCATENATE(TEXT($T$3,"DD日"),"打卡率 Persentase Absensi") -> 23日打卡率 Persentase Absensi | N2: 总人数 Total Orang Bulanan | O2: 准点打卡人数 Jumlah Absensi Tepat Waktu Bulanan | P2: 准点打卡人数 Jumlah Absensi Tepat Waktu | Q2: ="准点打卡人数"&CHAR(10)&"Jumlah Absensi Tepat Waktu"&CHAR(10)&TEXT($U$3,"dd/mm/yyyy") -> 准点打卡人数 Jumlah Absensi Tepat Waktu 22/09/2026 | R2: ="准点打卡人数"&CHAR(10)&"Jumlah Absensi Tepat Waktu"&CHAR(10)&TEXT($V$3,"dd/mm/yyyy") -> 准点打卡人数 Jumlah Absensi Tepat Waktu 21/09/2026 | S2: 月累计 打卡准点率 Persentase Bulanan | T2: 打卡准点率 Persentase Absensi Tepat Waktu | W2: 对比昨天 Perbandingan H-1 | X2: ="总人数"&CHAR(10)&"Total Orang Mingguan"&CHAR(10)&TEXT($AJ$6,"dd/mm/yyyy")&" - "&TEXT($AJ$5,"dd/mm/yyyy") -> 总人数 Total Orang Mingguan 17/09/2026 - 23/09/2026 | Y2: ="准点打卡人数"&CHAR(10)&"Jumlah Absensi Tepat Waktu"&CHAR(10)&TEXT($AJ$6,"dd/mm/yyyy")&" - "&TEXT($AJ$5,"dd/mm/yyyy") -> 准点打卡人数 Jumlah Absensi Tepat Waktu 17/09/2026 - 23/09/2026 | Z2: ="总人数"&CHAR(10)&"Total Orang Mingguan"&CHAR(10)&TEXT($AK$6,"dd/mm/yyyy")&" - "&TEXT($AK$5,"dd/mm/yyyy") -> 总人数 Total Orang Mingguan 10/09/2026 - 16/09/2026 | AA2: ="准点打卡人数"&CHAR(10)&"Jumlah Absensi Tepat Waktu"&CHAR(10)&TEXT($AK$6,"dd/mm/yyyy")&" - "&TEXT($AK$5,"dd/mm/yyyy") -> 准点打卡人数 Jumlah Absensi Tepat Waktu 10/09/2026 - 16/09/2026 | AB2: 打卡准点周度率 Persentase Mingguan Absensi Tepat Waktu | AD2: 对比上周 Perbandingan Mingguan
K3: =T3 -> 46288 | L3: =K3-1 -> 46287 | M3: =K3-2 -> 46286 | T3: ='ALL DP DATA'!K8 -> 46288 | U3: =T3-1 -> 46287 | V3: =T3-2 -> 46286 | AB3: =TEXT(AJ6,"dd mmm")&" - "&TEXT(AJ5,"dd mmm") -> 17 Sep - 23 Sep | AC3: =TEXT(AK6,"dd mmm")&" - "&TEXT(AK5,"dd mmm") -> 10 Sep - 16 Sep
D4: 47314 | E4: 46386 | F4: 5933 | G4: 5755 | H4: 5055 | I4: 4823 | J4: 0.9 | K4: 0.98038635 | L4: 0.96999831 | M4: 0.95410485 | N4: 1012571 | O4: 949234 | P4: 44706 | Q4: 5470 | R4: 4682 | S4: 0.93744932 | T4: 0.94487889 | U4: 0.92196191 | V4: 0.92621167 | W4: 0.022916986 | X4: 39626 | Y4: 36820 | Z4: 40576 | AA4: 37926 | AB4: 0.92918791 | AC4: 0.93469046 | AD4: -0.0055025505 | AE4: 5
AJ5: =K3 -> 46288 | AK5: =AJ6-1 -> 46281
A6: JAKARTA雅加达 | B6: AGISTA PRIYANTONO | C6: DC_SUNTER | D6: 0 | E6: 0 | F6: 0 | G6: 0 | H6: 0 | I6: 0 | J6: 0.9 | K6: 0 | L6: 0 | M6: 0 | N6: 0 | O6: 0 | P6: 0 | Q6: 0 | R6: 0 | S6: 0 | T6: 0 | U6: 0 | V6: 0 | W6: 0 | X6: 0 | Y6: 0 | Z6: 0 | AA6: 0 | AB6: 0 | AC6: 0 | AD6: 0 | AJ6: =K3-6 -> 46282 | AK6: =AJ5-13 -> 46275
A7: JAKARTA雅加达 | B7: AGISTA PRIYANTONO | C7: CP_DANAUSUNTER_UTARA | D7: 122 | E7: 118 | F7: 122 | G7: 115 | H7: 99 | I7: 91 | J7: 0.9 | K7: 0.96721311 | L7: 0.94262295 | M7: 0.91919192 | N7: 2647 | O7: 2327 | P7: 113 | Q7: 114 | R7: 84 | S7: 0.87910842 | T7: 0.92622951 | U7: 0.93442623 | V7: 0.84848485 | W7: -0.0081967213 | X7: 812 | Y7: 720 | Z7: 815 | AA7: 716 | AB7: 0.88669951 | AC7: 0.87852761 | AD7: 0.0081719
A8: JAKARTA雅加达 | B8: AGISTA PRIYANTONO | C8: PLUIT_PERMAI | D8: 0 | E8: 0 | F8: 0 | G8: 0 | H8: 0 | I8: 0 | J8: 0.9 | K8: 0 | L8: 0 | M8: 0 | N8: 0 | O8: 0 | P8: 0 | Q8: 0 | R8: 0 | S8: 0 | T8: 0 | U8: 0 | V8: 0 | W8: 0 | X8: 0 | Y8: 0 | Z8: 0 | AA8: 0 | AB8: 0 | AC8: 0 | AD8: 0 | AJ8: 46266
A9: JAKARTA雅加达 | B9: AGISTA PRIYANTONO | C9: CP_TELUK_GONG_RAYA | D9: 52 | E9: 52 | F9: 51 | G9: 51 | H9: 45 | I9: 43 | J9: 0.9 | K9: 1 | L9: 1 | M9: 0.95555556 | N9: 1200 | O9: 1066 | P9: 49 | Q9: 48 | R9: 43 | S9: 0.88833333 | T9: 0.94230769 | U9: 0.94117647 | V9: 0.95555556 | W9: 0.0011312217 | X9: 351 | Y9: 315 | Z9: 366 | AA9: 328 | AB9: 0.8974359 | AC9: 0.89617486 | AD9: 0.001261034
A10: JAKARTA雅加达 | B10: AGISTA PRIYANTONO | C10: KEPULAUAN_SERIBU | D10: 31 | E10: 30 | F10: 17 | G10: 17 | H10: 27 | I10: 27 | J10: 0.9 | K10: 0.96774194 | L10: 1 | M10: 1 | N10: 614 | O10: 590 | P10: 30 | Q10: 17 | R10: 27 | S10: 0.96091205 | T10: 0.96774194 | U10: 1 | V10: 1 | W10: -0.032258065 | X10: 190 | Y10: 189 | Z10: 191 | AA10: 180 | AB10: 0.99473684 | AC10: 0.94240838 | AD10: 0.052328465
A11: JAKARTA雅加达 | B11: AGISTA PRIYANTONO | C11: CP_PADEMANGAN_4 | D11: 0 | E11: 0 | F11: 0 | G11: 0 | H11: 0 | I11: 0 | J11: 0.9 | K11: 0 | L11: 0 | M11: 0 | N11: 0 | O11: 0 | P11: 0 | Q11: 0 | R11: 0 | S11: 0 | T11: 0 | U11: 0 | V11: 0 | W11: 0 | X11: 0 | Y11: 0 | Z11: 0 | AA11: 0 | AB11: 0 | AC11: 0 | AD11: 0
A12: JAKARTA雅加达 | B12: AGISTA PRIYANTONO | C12: CP_PLUIT_PERMAI | D12: 66 | E12: 63 | F12: 65 | G12: 60 | H12: 53 | I12: 52 | J12: 0.9 | K12: 0.95454545 | L12: 0.92307692 | M12: 0.98113208 | N12: 1375 | O12: 1245 | P12: 61 | Q12: 54 | R12: 52 | S12: 0.90545455 | T12: 0.92424242 | U12: 0.83076923 | V12: 0.98113208 | W12: 0.093473193 | X12: 425 | Y12: 381 | Z12: 412 | AA12: 370 | AB12: 0.89647059 | AC12: 0.89805825 | AD12: -0.0015876642
A13: JAKARTA雅加达 | B13: AGISTA PRIYANTONO | C13: TELUK_GONG | D13: 121 | E13: 116 | F13: 115 | G13: 110 | H13: 97 | I13: 94 | J13: 0.9 | K13: 0.95867769 | L13: 0.95652174 | M13: 0.96907216 | N13: 2607 | O13: 2401 | P13: 110 | Q13: 109 | R13: 94 | S13: 0.92098197 | T13: 0.90909091 | U13: 0.94782609 | V13: 0.96907216 | W13: -0.038735178 | X13: 791 | Y13: 726 | Z13: 806 | AA13: 744 | AB13: 0.91782554 | AC13: 0.92307692 | AD13: -0.0052513858
A14: JAKARTA雅加达 | B14: AGISTA PRIYANTONO | C14: ANCOL | D14: 85 | E14: 83 | F14: 85 | G14: 83 | H14: 81 | I14: 78 | J14: 0.9 | K14: 0.97647059 | L14: 0.97647059 | M14: 0.96296296 | N14: 1878 | O14: 1749 | P14: 83 | Q14: 75 | R14: 74 | S14: 0.9313099 | T14: 0.97647059 | U14: 0.97647059 | V14: 1.0246914 | W14: 0 | X14: 577 | Y14: 532 | Z14: 586 | AA14: 545 | AB14: 0.9220104 | AC14: 0.93003413 | AD14: -0.0080237311
A15: JAKARTA雅加达 | B15: AGISTA PRIYANTONO | C15: CP_ANCOL_SELATAN_1 | D15: 129 | E15: 126 | F15: 119 | G15: 119 | H15: 113 | I15: 112 | J15: 0.9 | K15: 0.97674419 | L15: 1 | M15: 0.99115044 | N15: 2800 | O15: 2768 | P15: 126 | Q15: 119 | R15: 111 | S15: 0.98857143 | T15: 0.97674419 | U15: 1 | V15: 0.98230088 | W15: -0.023255814 | X15: 848 | Y15: 838 | Z15: 864 | AA15: 853 | AB15: 0.98820755 | AC15: 0.98726852 | AD15: 0.00093902865
A16: JAKARTA雅加达 | B16: AGISTA PRIYANTONO | C16: KAMAL_MUARA | D16: 30 | E16: 28 | F16: 31 | G16: 31 | H16: 27 | I16: 25 | J16: 0.9 | K16: 0.93333333 | L16: 1 | M16: 0.92592593 | N16: 658 | O16: 613 | P16: 28 | Q16: 31 | R16: 25 | S16: 0.93161094 | T16: 0.93333333 | U16: 1 | V16: 0.92592593 | W16: -0.066666667 | X16: 196 | Y16: 184 | Z16: 206 | AA16: 188 | AB16: 0.93877551 | AC16: 0.91262136 | AD16: 0.026154151
A17: JAKARTA雅加达 | B17: ANDI PRASETIYO | C17: KOTA_TUA | D17: 0 | E17: 0 | F17: 0 | G17: 0 | H17: 0 | I17: 0 | J17: 0.9 | K17: 0 | L17: 0 | M17: 0 | N17: 0 | O17: 0 | P17: 0 | Q17: 0 | R17: 0 | S17: 0 | T17: 0 | U17: 0 | V17: 0 | W17: 0 | X17: 0 | Y17: 0 | Z17: 0 | AA17: 0 | AB17: 0 | AC17: 0 | AD17: 0
A18: JAKARTA雅加达 | B18: ANDI PRASETIYO | C18: CP_PINANGSIA_RAYA | D18: 17 | E18: 15 | F18: 18 | G18: 17 | H18: 17 | I18: 17 | J18: 0.9 | K18: 0.88235294 | L18: 0.94444444 | M18: 1 | N18: 413 | O18: 333 | P18: 14 | Q18: 14 | R18: 16 | S18: 0.8062954 | T18: 0.82352941 | U18: 0.77777778 | V18: 0.94117647 | W18: 0.045751634 | X18: 124 | Y18: 101 | Z18: 128 | AA18: 102 | AB18: 0.81451613 | AC18: 0.796875 | AD18: 0.017641129
A19: JAKARTA雅加达 | B19: ANDI PRASETIYO | C19: TANAH_ABANG | D19: 99 | E19: 97 | F19: 101 | G19: 96 | H19: 85 | I19: 81 | J19: 0.9 | K19: 0.97979798 | L19: 0.95049505 | M19: 0.95294118 | N19: 2146 | O19: 1899 | P19: 93 | Q19: 96 | R19: 76 | S19: 0.88490214 | T19: 0.93939394 | U19: 0.95049505 | V19: 0.89411765 | W19: -0.01110111 | X19: 644 | Y19: 577 | Z19: 651 | AA19: 577 | AB19: 0.89596273 | AC19: 0.88632873 | AD19: 0.0096340079
A20: JAKARTA雅加达 | B20: ANDI PRASETIYO | C20: CP_MANGGA_BESAR_2 | D20: 45 | E20: 45 | F20: 45 | G20: 45 | H20: 43 | I20: 42 | J20: 0.9 | K20: 1 | L20: 1 | M20: 0.97674419 | N20: 1040 | O20: 942 | P20: 41 | Q20: 40 | R20: 40 | S20: 0.90576923 | T20: 0.91111111 | U20: 0.88888889 | V20: 0.93023256 | W20: 0.022222222 | X20: 315 | Y20: 283 | Z20: 324 | AA20: 294 | AB20: 0.8984127 | AC20: 0.90740741 | AD20: -0.008994709
... A1711: BALI巴厘 | B1711: Prisilia Nansiana Akong | C1711: KUPANG_TIMUR | D1711: 8 | E1711: 7 | F1711: 7 | G1711: 6 | H1711: 10 | I1711: 8 | J1711: 0.9 | K1711: 0.875 | L1711: 0.85714286 | M1711: 0.8 | N1711: 214 | O1711: 53 | P1711: 2 | Q1711: 2 | R1711: 4 | S1711: 0.24766355 | T1711: 0.25 | U1711: 0.28571429 | V1711: 0.4 | W1711: -0.035714286 | X1711: 62 | Y1711: 18 | Z1711: 57 | AA1711: 19 | AB1711: 0.29032258 | AC1711: 0.33333333 | AD1711: -0.043010753

Sheet Display 730 & 1200
A1: =CONCATENATE("网管-爪哇-巴厘班0730出仓率&1200签收率",TEXT($W$3,"MM月DD日")," NM-Persentase 0730 & TTD 1200 Agent Jawa-Bali ",TEXT($W$3,"DD MMM YYYY")) -> 网管-爪哇-巴厘班0730出仓率&1200签收率09月23日 NM-Persentase 0730 & TTD 1200 Agent Jawa-Bali 23 Sep 2026
A2: 代理区 Agent | B2: RM | C2: 网点名称 Nama DP | D2: Rit-1应签收 Seharusnya TTD Rit-1 | E2: 0730出仓率 Persentase Keluar Gudang 0730 | F2: 1200前已签收 TTD Sebelum 1200 | G2: ="Rit-1应签收"&CHAR(10)&"Seharusnya TTD Rit-1"&CHAR(10)&TEXT($X$3,"dd/mm/yyyy") -> Rit-1应签收 Seharusnya TTD Rit-1 22/09/2026 | H2: ="0730出仓率"&CHAR(10)&"Persentase Keluar Gudang 0730"&CHAR(10)&TEXT($X$3,"dd/mm/yyyy") -> 0730出仓率 Persentase Keluar Gudang 0730 22/09/2026 | I2: ="1200前已签收"&CHAR(10)&"TTD Sebelum"&CHAR(10)&"1200"&CHAR(10)&TEXT($X$3,"dd/mm/yyyy") -> 1200前已签收 TTD Sebelum 1200 22/09/2026 | J2: ="Rit-1应签收"&CHAR(10)&"Seharusnya TTD Rit-1"&CHAR(10)&TEXT($Y$3,"dd/mm/yyyy") -> Rit-1应签收 Seharusnya TTD Rit-1 21/09/2026 | K2: ="0730出仓率"&CHAR(10)&"Persentase Keluar Gudang 0730"&CHAR(10)&TEXT($Y$3,"dd/mm/yyyy") -> 0730出仓率 Persentase Keluar Gudang 0730 21/09/2026 | L2: ="1200前已签收"&CHAR(10)&"TTD Sebelum"&CHAR(10)&"1200"&CHAR(10)&TEXT($Y$3,"dd/mm/yyyy") -> 1200前已签收 TTD Sebelum 1200 21/09/2026 | M2: 月累计签收率 Persentase Bulanan | N2: 0730出仓率 Persentase Keluar Gudang 0730 Bulanan | O2: 目标值 Target | P2: =CONCATENATE(TEXT($W$3,"DD日"),"0730出仓率 Persentase Keluar Gudang 0730") -> 23日0730出仓率 Persentase Keluar Gudang 0730 | S2: 对比昨天 Perbandingan H-1 | T2: Rit-1应签收 Seharusnya TTD Rit-1 Bulanan | U2: 1200前已签收 TTD Sebelum 1200 Bulanan | V2: 月累计签收率 Persentase Bulanan | W2: 1200前已签收 TTD Sebelum 1200 | Z2: 对比昨天 Perbandingan H-1 | AA2: ="Rit-1应签收"&CHAR(10)&"Seharusnya TTD Rit-1 Mingguan"&CHAR(10)&TEXT($AM$10,"dd/mm/yyyy")&" - "&TEXT($AM$9,"dd/mm/yyyy") -> Rit-1应签收 Seharusnya TTD Rit-1 Mingguan 17/09/2026 - 23/09/2026 | AB2: ="1200前已签收"&CHAR(10)&"TTD Sebelum 1200 Mingguan"&CHAR(10)&TEXT($AM$10,"dd/mm/yyyy")&" - "&TEXT($AM$9,"dd/mm/yyyy") -> 1200前已签收 TTD Sebelum 1200 Mingguan 17/09/2026 - 23/09/2026 | AC2: ="Rit-1应签收"&CHAR(10)&"Seharusnya TTD Rit-1 Mingguan"&CHAR(10)&TEXT($AM$12,"dd/mm/yyyy")&" - "&TEXT($AM$11,"dd/mm/yyyy") -> Rit-1应签收 Seharusnya TTD Rit-1 Mingguan 10/09/2026 - 16/09/2026 | AD2: ="1200前已签收"&CHAR(10)&"TTD Sebelum 1200 Mingguan"&CHAR(10)&TEXT($AM$12,"dd/mm/yyyy")&" - "&TEXT($AM$11,"dd/mm/yyyy") -> 1200前已签收 TTD Sebelum 1200 Mingguan 10/09/2026 - 16/09/2026 | AE2: 1200前已签收周度率 Persentase Mingguan TTD 1200 | AG2: 对比上周 Perbandingan Mingguan
P3: =W3 -> 46288 | Q3: =P3-1 -> 46287 | R3: =P3-1 -> 46287 | W3: ='ALL DP DATA'!K8 -> 46288 | X3: =W3-1 -> 46287 | Y3: =X3-1 -> 46286 | AE3: =TEXT(AM10,"dd mmm")&" - "&TEXT(AM9,"dd mmm") -> 17 Sep - 23 Sep | AF3: =TEXT(AM12,"dd mmm")&" - "&TEXT(AM11,"dd mmm") -> 10 Sep - 16 Sep | AJ3: data mingguan harus difix, ga boleh hanya patokan jakarta doang
C4: AGENT40 | D4: 3273470 | E4: 3122790 | F4: 2921534 | G4: 372183 | H4: 355299 | I4: 325025 | J4: 262815 | K4: 246348 | L4: 224018 | M4: 0.95215257 | N4: 8242223 | O4: 0.9 | P4: 0.95396934 | Q4: 0.95463522 | R4: 0.93734376 | S4: -0.00066588448 | T4: 8656410 | U4: 7212198 | V4: 0.83316271 | W4: 0.8924884 | X4: 0.87329351 | Y4: 0.85237905 | Z4: 0.019194885 | AA4: 2536150 | AB4: 2165285 | AC4: 2706118 | AD4: 2253543 | AE4: 0.85376851 | AF4: 0.83275859 | AG4: 0.021009921 | AH4: 5
A6: JAKARTA雅加达 | B6: AGISTA PRIYANTONO | C6: DC_SUNTER | D6: 0 | E6: 0 | F6: 0 | G6: 0 | H6: 0 | I6: 0 | J6: 0 | K6: 0 | L6: 0 | M6: 0 | N6: 0 | O6: 0.9 | P6: 0 | Q6: 0 | R6: 0 | S6: 0 | T6: 0 | U6: 0 | V6: 0 | W6: 0 | X6: 0 | Y6: 0 | Z6: 0 | AA6: 0 | AB6: 0 | AC6: 0 | AD6: 0 | AE6: 0 | AF6: 0 | AG6: 0
A7: JAKARTA雅加达 | B7: AGISTA PRIYANTONO | C7: CP_PLUIT_PERMAI | D7: 7664 | E7: 7159 | F7: 5988 | G7: 7379 | H7: 7025 | I7: 6025 | J7: 5121 | K7: 5084 | L7: 4326 | M7: 0.94921213 | N7: 133370 | O7: 0.9 | P7: 0.93410752 | Q7: 0.95202602 | R7: 0.99277485 | S7: -0.017918504 | T7: 140506 | U7: 102834 | V7: 0.73188334 | W7: 0.78131524 | X7: 0.8165063 | Y7: 0.84475688 | Z7: -0.035191062 | AA7: 46141 | AB7: 37681 | AC7: 44234 | AD7: 31473 | AE7: 0.81664897 | AF7: 0.71151151 | AG7: 0.10513746
A8: JAKARTA雅加达 | B8: AGISTA PRIYANTONO | C8: PLUIT_PERMAI | D8: 0 | E8: 0 | F8: 0 | G8: 0 | H8: 0 | I8: 0 | J8: 0 | K8: 0 | L8: 0 | M8: 0 | N8: 0 | O8: 0.9 | P8: 0 | Q8: 0 | R8: 0 | S8: 0 | T8: 0 | U8: 0 | V8: 0 | W8: 0 | X8: 0 | Y8: 0 | Z8: 0 | AA8: 0 | AB8: 0 | AC8: 0 | AD8: 0 | AE8: 0 | AF8: 0 | AG8: 0
A9: JAKARTA雅加达 | B9: AGISTA PRIYANTONO | C9: CP_DANAUSUNTER_UTARA | D9: 8342 | E9: 8076 | F9: 6839 | G9: 7359 | H9: 7230 | I9: 6546 | J9: 5558 | K9: 5372 | L9: 4578 | M9: 0.98540779 | N9: 171458 | O9: 0.9 | P9: 0.96811316 | Q9: 0.98247044 | R9: 0.96653472 | S9: -0.014357282 | T9: 173997 | U9: 139272 | V9: 0.80042759 | W9: 0.81982738 | X9: 0.88952303 | Y9: 0.82367758 | Z9: -0.069695653 | AA9: 51243 | AB9: 42671 | AC9: 56249 | AD9: 45738 | AE9: 0.83271862 | AF9: 0.81313446 | AG9: 0.01958416 | AL9: =W3 -> 46288 | AM9: =AL9 -> 46288
A10: JAKARTA雅加达 | B10: AGISTA PRIYANTONO | C10: TELUK_GONG | D10: 9210 | E10: 8142 | F10: 7560 | G10: 7153 | H10: 6804 | I10: 6195 | J10: 5382 | K10: 4539 | L10: 4469 | M10: 0.91364197 | N10: 165932 | O10: 0.9 | P10: 0.88403909 | Q10: 0.95120928 | R10: 0.84336678 | S10: -0.067170195 | T10: 181616 | U10: 149844 | V10: 0.82505947 | W10: 0.82084691 | X10: 0.86607018 | Y10: 0.83036046 | Z10: -0.045223275 | AA10: 51512 | AB10: 43566 | AC10: 56029 | AD10: 46510 | AE10: 0.84574468 | AF10: 0.83010584 | AG10: 0.015638843 | AM10: =AM9-6 -> 46282
A11: JAKARTA雅加达 | B11: AGISTA PRIYANTONO | C11: ANCOL | D11: 7091 | E11: 6439 | F11: 6367 | G11: 6052 | H11: 5464 | I11: 5430 | J11: 5034 | K11: 3904 | L11: 4472 | M11: 0.88030453 | N11: 125108 | O11: 0.9 | P11: 0.90805246 | Q11: 0.90284204 | R11: 0.77552642 | S11: 0.0052104252 | T11: 142119 | U11: 128425 | V11: 0.90364413 | W11: 0.89789874 | X11: 0.89722406 | Y11: 0.88835916 | Z11: 0.00067468673 | AA11: 41789 | AB11: 37988 | AC11: 45097 | AD11: 41367 | AE11: 0.90904305 | AF11: 0.9172894 | AG11: -0.0082463488 | AM11: =AM10-1 -> 46281
A12: JAKARTA雅加达 | B12: AGISTA PRIYANTONO | C12: KAMAL_MUARA | D12: 1495 | E12: 1488 | F12: 1294 | G12: 1326 | H12: 1319 | I12: 1162 | J12: 1233 | K12: 1214 | L12: 1024 | M12: 0.93744423 | N12: 29417 | O12: 0.9 | P12: 0.99531773 | Q12: 0.99472097 | R12: 0.98459043 | S12: 0.00059676044 | T12: 31380 | U12: 27847 | V12: 0.88741236 | W12: 0.86555184 | X12: 0.87631976 | Y12: 0.83049473 | Z12: -0.010767919 | AA12: 11113 | AB12: 9999 | AC12: 8730 | AD12: 7642 | AE12: 0.89975704 | AF12: 0.87537228 | AG12: 0.024384762 | AM12: =AM11-6 -> 46275
A13: JAKARTA雅加达 | B13: AGISTA PRIYANTONO | C13: KEPULAUAN_SERIBU | D13: 2062 | E13: 2061 | F13: 2039 | G13: 2856 | H13: 2854 | I13: 2829 | J13: 2755 | K13: 2753 | L13: 2727 | M13: 0.95204887 | N13: 67168 | O13: 0.9 | P13: 0.99951503 | Q13: 0.99929972 | R13: 0.99927405 | S13: 0.00021531406 | T13: 70551 | U13: 67119 | V13: 0.95135434 | W13: 0.98884578 | X13: 0.99054622 | Y13: 0.98983666 | Z13: -0.0017004377 | AA13: 21368 | AB13: 21136 | AC13: 20388 | AD13: 19015 | AE13: 0.98914264 | AF13: 0.93265646 | AG13: 0.056486179 | AM13: 46266
A14: JAKARTA雅加达 | B14: AGISTA PRIYANTONO | C14: CP_ANCOL_SELATAN_1 | D14: 10694 | E14: 10588 | F14: 9756 | G14: 9818 | H14: 9748 | I14: 9021 | J14: 7080 | K14: 7025 | L14: 6562 | M14: 0.9820134 | N14: 211454 | O14: 0.9 | P14: 0.9900879 | Q14: 0.99287024 | R14: 0.99223164 | S14: -0.0027823386 | T14: 215327 | U14: 198088 | V14: 0.91994037 | W14: 0.91228726 | X14: 0.91882257 | Y14: 0.92683616 | Z14: -0.0065353069 | AA14: 66204 | AB14: 61201 | AC14: 67954 | AD14: 62673 | AE14: 0.92443055 | AF14: 0.92228566 | AG14: 0.0021448842
A15: JAKARTA雅加达 | B15: AGISTA PRIYANTONO | C15: CP_TELUK_GONG_RAYA | D15: 5289 | E15: 5166 | F15: 4894 | G15: 5407 | H15: 5327 | I15: 5088 | J15: 4491 | K15: 3992 | L15: 4170 | M15: 0.96187703 | N15: 102387 | O15: 0.9 | P15: 0.97674419 | Q15: 0.98520436 | R15: 0.88888889 | S15: -0.0084601787 | T15: 106445 | U15: 99865 | V15: 0.93818404 | W15: 0.9253167 | X15: 0.9410024 | Y15: 0.92852371 | Z15: -0.015685709 | AA15: 34530 | AB15: 32610 | AC15: 33862 | AD15: 32079 | AE15: 0.94439618 | AF15: 0.94734511 | AG15: -0.0029489294
A16: JAKARTA雅加达 | B16: AGISTA PRIYANTONO | C16: CP_PADEMANGAN_4 | D16: 0 | E16: 0 | F16: 0 | G16: 0 | H16: 0 | I16: 0 | J16: 0 | K16: 0 | L16: 0 | M16: 0.125 | N16: 7 | O16: 0.9 | P16: 0 | Q16: 0 | R16: 0 | S16: 0 | T16: 56 | U16: 54 | V16: 0.96428571 | W16: 0 | X16: 0 | Y16: 0 | Z16: 0 | AA16: 0 | AB16: 0 | AC16: 5 | AD16: 5 | AE16: 0 | AF16: 1 | AG16: -1
A17: JAKARTA雅加达 | B17: ANDI PRASETIYO | C17: KOTA_TUA | D17: 0 | E17: 0 | F17: 0 | G17: 0 | H17: 0 | I17: 0 | J17: 0 | K17: 0 | L17: 0 | M17: 0 | N17: 0 | O17: 0.9 | P17: 0 | Q17: 0 | R17: 0 | S17: 0 | T17: 0 | U17: 0 | V17: 0 | W17: 0 | X17: 0 | Y17: 0 | Z17: 0 | AA17: 0 | AB17: 0 | AC17: 0 | AD17: 0 | AE17: 0 | AF17: 0 | AG17: 0
A18: JAKARTA雅加达 | B18: ANDI PRASETIYO | C18: CP_PINANGSIA_RAYA | D18: 2167 | E18: 2145 | F18: 1490 | G18: 1665 | H18: 1637 | I18: 1386 | J18: 1086 | K18: 1059 | L18: 687 | M18: 0.88711148 | N18: 35991 | O18: 0.9 | P18: 0.98984772 | Q18: 0.98318318 | R18: 0.97513812 | S18: 0.0066645326 | T18: 40571 | U18: 25985 | V18: 0.64048212 | W18: 0.68758653 | X18: 0.83243243 | Y18: 0.63259669 | Z18: -0.14484591 | AA18: 11950 | AB18: 8082 | AC18: 12596 | AD18: 7822 | AE18: 0.67631799 | AF18: 0.62099079 | AG18: 0.055327201
A19: JAKARTA雅加达 | B19: ANDI PRASETIYO | C19: TANAH_ABANG | D19: 6659 | E19: 6616 | F19: 4947 | G19: 5080 | H19: 5058 | I19: 3925 | J19: 3469 | K19: 3457 | L19: 2520 | M19: 0.99423061 | N19: 129591 | O19: 0.9 | P19: 0.99354257 | Q19: 0.99566929 | R19: 0.99654079 | S19: -0.0021267174 | T19: 130343 | U19: 94247 | V19: 0.72306913 | W19: 0.74290434 | X19: 0.7726378 | Y19: 0.72643413 | Z19: -0.029733455 | AA19: 36767 | AB19: 26487 | AC19: 41114 | AD19: 29520 | AE19: 0.72040145 | AF19: 0.7180036 | AG19: 0.0023978472
A20: JAKARTA雅加达 | B20: ANDI PRASETIYO | C20: CP_MANGGA_BESAR_2 | D20: 4877 | E20: 4782 | F20: 4422 | G20: 4825 | H20: 4205 | I20: 4465 | J20: 3833 | K20: 3253 | L20: 3527 | M20: 0.91466735 | N20: 92375 | O20: 0.9 | P20: 0.98052081 | Q20: 0.87150259 | R20: 0.84868249 | S20: 0.10901822 | T20: 100993 | U20: 90205 | V20: 0.89318072 | W20: 0.90670494 | X20: 0.9253886 | Y20: 0.92016697 | Z20: -0.018683659 | AA20: 32080 | AB20: 29690 | AC20: 31942 | AD20: 28883 | AE20: 0.92549875 | AF20: 0.90423267 | AG20: 0.021266081
A21: JAKARTA雅加达 | B21: ANDI PRASETIYO | C21: JOHAR_BARU_01 | D21: 6262 | E21: 6233 | F21: 5426 | G21: 4691 | H21: 4660 | I21: 4105 | J21: 3462 | K21: 3453 | L21: 2992 | M21: 0.99357817 | N21: 118360 | O21: 0.9 | P21: 0.99536889 | Q21: 0.9933916 | R21: 0.99740035 | S21: 0.0019772908 | T21: 119125 | U21: 104042 | V21: 0.8733851 | W21: 0.86649633 | X21: 0.87507994 | Y21: 0.86424032 | Z21: -0.0085836133 | AA21: 34186 | AB21: 29777 | AC21: 35885 | AD21: 31546 | AE21: 0.87102908 | AF21: 0.87908597 | AG21: -0.0080568928
A22: JAKARTA雅加达 | B22: ANDI PRASETIYO | C22: SENEN | D22: 8734 | E22: 8667 | F22: 7654 | G22: 7129 | H22: 7018 | I22: 6424 | J22: 4330 | K22: 4315 | L22: 3797 | M22: 0.9923751 | N22: 171797 | O22: 0.9 | P22: 0.99232883 | Q22: 0.98442979 | R22: 0.9965358 | S22: 0.0078990361 | T22: 173117 | U22: 153609 | V22: 0.8873132 | W22: 0.87634532 | X22: 0.90110815 | Y22: 0.87690531 | Z22: -0.024762833 | AA22: 48004 | AB22: 42610 | AC22: 52748 | AD22: 47025 | AE22: 0.88763436 | AF22: 0.891503 | AG22: -0.0038686316
A23: JAKARTA雅加达 | B23: ANDI PRASETIYO | C23: CP_ZAINUL_ARIFIN | D23: 1931 | E23: 1910 | F23: 1721 | G23: 2245 | H23: 2208 | I23: 2046 | J23: 1605 | K23: 1580 | L23: 1406 | M23: 0.97867512 | N23: 35797 | O23: 0.9 | P23: 0.98912481 | Q23: 0.98351893 | R23: 0.98442368 | S23: 0.0056058748 | T23: 36577 | U23: 31378 | V23: 0.8578615 | W23: 0.89124806 | X23: 0.91135857 | Y23: 0.87601246 | Z23: -0.020110517 | AA23: 13485 | AB23: 12094 | AC23: 10385 | AD23: 9146 | AE23: 0.89684835 | AF23: 0.88069331 | AG23: 0.016155042
A24: JAKARTA雅加达 | B24: ARIS YULIANTO | C24: DC_CIPAYUNG | D24: 0 | E24: 0 | F24: 0 | G24: 0 | H24: 0 | I24: 0 | J24: 0 | K24: 0 | L24: 0 | M24: 0 | N24: 0 | O24: 0.9 | P24: 0 | Q24: 0 | R24: 0 | S24: 0 | T24: 0 | U24: 0 | V24: 0 | W24: 0 | X24: 0 | Y24: 0 | Z24: 0 | AA24: 0 | AB24: 0 | AC24: 0 | AD24: 0 | AE24: 0 | AF24: 0 | AG24: 0
A25: JAKARTA雅加达 | B25: ARIS YULIANTO | C25: KELAPA_DUA_01 | D25: 0 | E25: 0 | F25: 0 | G25: 0 | H25: 0 | I25: 0 | J25: 0 | K25: 0 | L25: 0 | M25: 0 | N25: 0 | O25: 0.9 | P25: 0 | Q25: 0 | R25: 0 | S25: 0 | T25: 0 | U25: 0 | V25: 0 | W25: 0 | X25: 0 | Y25: 0 | Z25: 0 | AA25: 0 | AB25: 0 | AC25: 0 | AD25: 0 | AE25: 0 | AF25: 0 | AG25: 0
... A1711: BALI巴厘 | B1711: Prisilia Nansiana Akong | C1711: KUPANG_TIMUR | D1711: 76 | E1711: 50 | F1711: 50 | G1711: 340 | H1711: 336 | I1711: 233 | J1711: 588 | K1711: 573 | L1711: 239 | M1711: 0.91227181 | N1711: 7196 | O1711: 0.9 | P1711: 0.65789474 | Q1711: 0.98823529 | R1711: 0.9744898 | S1711: -0.33034056 | T1711: 7888 | U1711: 5770 | V1711: 0.73149087 | W1711: 0.65789474 | X1711: 0.68529412 | Y1711: 0.40646259 | Z1711: -0.027399381 | AA1711: 2921 | AB1711: 1978 | AC1711: 1001 | AD1711: 883 | AE1711: 0.67716535 | AF1711: 0.88211788 | AG1711: -0.20495253

Sheet Display Ritase Keseluruhan
A1: =CONCATENATE("网管-爪哇-巴厘班次全天签收率报表",TEXT($R$3,"MM月DD日")," NM-'Display Absensi 630'!E:E ",TEXT($R$3,"DD MMM YYYY")) -> 网管-爪哇-巴厘班次全天签收率报表09月23日 NM-'Display Absensi 630'!E:E 23 Sep 2026
A2: 代理区 Agent | B2: RM | C2: 网点名称 Nama DP | D2: T-1应签收 Seharusnya TTD H-1 | E2: 2359前已签收 TTD Sebelum 2359 | F2: 未签收 Belum TTD | G2: ="T-1应签收"&CHAR(10)&"Seharusnya TTD "&TEXT($S$3,"dd/mm/yyyy") -> T-1应签收 Seharusnya TTD 22/09/2026 | H2: ="2359前已签收"&CHAR(10)&"TTD Sebelum"&CHAR(10)&"2359"&CHAR(10)&TEXT($S$3,"dd/mm/yyyy") -> 2359前已签收 TTD Sebelum 2359 22/09/2026 | I2: ="未签收"&CHAR(10)&"Belum TTD"&CHAR(10)&TEXT($S$3,"dd/mm/yyyy") -> 未签收 Belum TTD 22/09/2026 | J2: ="T-1应签收"&CHAR(10)&"Seharusnya TTD "&TEXT($T$3,"dd/mm/yyyy") -> T-1应签收 Seharusnya TTD 21/09/2026 | K2: ="2359前已签收"&CHAR(10)&"TTD Sebelum"&CHAR(10)&"2359"&CHAR(10)&TEXT($T$3,"dd/mm/yyyy") -> 2359前已签收 TTD Sebelum 2359 21/09/2026 | L2: ="未签收"&CHAR(10)&"Belum TTD"&CHAR(10)&TEXT($T$3,"dd/mm/yyyy") -> 未签收 Belum TTD 21/09/2026 | M2: 目标值 Target | N2: 累计应签收量 Seharusnya TTD Bulanan | O2: 累计签收量 TTD Bulanan | P2: 累计未签收 Belum TTD Bulanan | Q2: 月累计 签收率 Persentase Bulanan | R2: 全天签收率 Persentase TTD All Ritase | U2: 对比昨天 Perbandingan H-1 | V2: ="累计应签收量"&CHAR(10)&"Seharusnya TTD Mingguan"&CHAR(10)&TEXT($AG$10,"dd/mm/yyyy")&" - "&TEXT($AG$9,"dd/mm/yyyy") -> 累计应签收量 Seharusnya TTD Mingguan 17/09/2026 - 23/09/2026 | W2: ="累计签收量"&CHAR(10)&"TTD Mingguan"&CHAR(10)&TEXT($AG$10,"dd/mm/yyyy")&" - "&TEXT($AG$9,"dd/mm/yyyy") -> 累计签收量 TTD Mingguan 17/09/2026 - 23/09/2026 | X2: ="累计应签收量"&CHAR(10)&"Seharusnya TTD Mingguan"&CHAR(10)&TEXT($AG$12,"dd/mm/yyyy")&" - "&TEXT($AG$11,"dd/mm/yyyy") -> 累计应签收量 Seharusnya TTD Mingguan 10/09/2026 - 16/09/2026 | Y2: ="累计签收量"&CHAR(10)&"TTD Mingguan"&CHAR(10)&TEXT($AG$12,"dd/mm/yyyy")&" - "&TEXT($AG$11,"dd/mm/yyyy") -> 累计签收量 TTD Mingguan 10/09/2026 - 16/09/2026 | Z2: 全天签收率周度率 Persentase Mingguan TTD All Ritase | AB2: 对比上周 Perbandingan Mingguan
R3: ='ALL DP DATA'!K8 -> 46288 | S3: =R3-1 -> 46287 | T3: =S3-1 -> 46286 | Z3: =TEXT(AG10,"dd mmm")&" - "&TEXT(AG9,"dd mmm") -> 17 Sep - 23 Sep | AA3: =TEXT(AG12,"dd mmm")&" - "&TEXT(AG11,"dd mmm") -> 10 Sep - 16 Sep
D4: 710045 | E4: 674695 | F4: 35350 | G4: 690023 | H4: 661419 | I4: 28604 | J4: 377836 | K4: 363285 | L4: 14551 | M4: 0.93 | N4: 104440387 | O4: 100434314 | P4: 4006073 | Q4: 0.96164249 | R4: 0.95021442 | S4: 0.95854631 | T4: 0.96148858 | U4: -0.0083318863 | V4: 4230546 | W4: 4039842 | X4: 4500837 | Y4: 4313210 | Z4: 0.95492213 | AA4: 0.95831286 | AB4: -0.0033907343 | AC4: 5
A6: JAKARTA雅加达 | B6: AGISTA PRIYANTONO | C6: DC_SUNTER | D6: 0 | E6: 0 | F6: 0 | G6: 0 | H6: 0 | I6: 0 | J6: 0 | K6: 0 | L6: 0 | M6: 0.93 | N6: 0 | O6: 0 | P6: 0 | Q6: 0 | R6: 0 | S6: 0 | T6: 0 | U6: 0 | V6: 0 | W6: 0 | X6: 0 | Y6: 0 | Z6: 0 | AA6: 0 | AB6: 0
A7: JAKARTA雅加达 | B7: AGISTA PRIYANTONO | C7: ANCOL | D7: 10986 | E7: 10652 | F7: 334 | G7: 10634 | H7: 10243 | I7: 391 | J7: 6652 | K7: 6415 | L7: 237 | M7: 0.93 | N7: 225873 | O7: 221686 | P7: 4187 | Q7: 0.98146303 | R7: 0.96959767 | S7: 0.96323115 | T7: 0.96437162 | U7: 0.0063665244 | V7: 65443 | W7: 63691 | X7: 70370 | Y7: 69495 | Z7: 0.97322861 | AA7: 0.98756572 | AB7: -0.014337113
A8: JAKARTA雅加达 | B8: AGISTA PRIYANTONO | C8: PLUIT_PERMAI | D8: 0 | E8: 0 | F8: 0 | G8: 0 | H8: 0 | I8: 0 | J8: 0 | K8: 0 | L8: 0 | M8: 0.93 | N8: 0 | O8: 0 | P8: 0 | Q8: 0 | R8: 0 | S8: 0 | T8: 0 | U8: 0 | V8: 0 | W8: 0 | X8: 0 | Y8: 0 | Z8: 0 | AA8: 0 | AB8: 0
A9: JAKARTA雅加达 | B9: AGISTA PRIYANTONO | C9: CP_PLUIT_PERMAI | D9: 12791 | E9: 12236 | F9: 555 | G9: 12538 | H9: 11924 | I9: 614 | J9: 7472 | K9: 7197 | L9: 275 | M9: 0.93 | N9: 236567 | O9: 222029 | P9: 14538 | Q9: 0.93854595 | R9: 0.95661012 | S9: 0.95102887 | T9: 0.96319593 | U9: 0.0055812443 | V9: 75857 | W9: 72157 | X9: 73866 | Y9: 68852 | Z9: 0.95122401 | AA9: 0.93212033 | AB9: 0.019103688 | AG9: =R3 -> 46288
A10: JAKARTA雅加达 | B10: AGISTA PRIYANTONO | C10: CP_PADEMANGAN_4 | D10: 0 | E10: 0 | F10: 0 | G10: 0 | H10: 0 | I10: 0 | J10: 1 | K10: 1 | L10: 0 | M10: 0.93 | N10: 72 | O10: 70 | P10: 2 | Q10: 0.97222222 | R10: 0 | S10: 0 | T10: 1 | U10: 0 | V10: 1 | W10: 1 | X10: 6 | Y10: 6 | Z10: 1 | AA10: 1 | AB10: 0 | AG10: =R3-6 -> 46282
A11: JAKARTA雅加达 | B11: AGISTA PRIYANTONO | C11: TELUK_GONG | D11: 14714 | E11: 13861 | F11: 853 | G11: 13466 | H11: 13263 | I11: 203 | J11: 7645 | K11: 7323 | L11: 322 | M11: 0.93 | N11: 306538 | O11: 299818 | P11: 6720 | Q11: 0.97807776 | R11: 0.942028 | S11: 0.984925 | T11: 0.95788097 | U11: -0.042896996 | V11: 85409 | W11: 83003 | X11: 92869 | Y11: 91150 | Z11: 0.97182967 | AA11: 0.98149006 | AB11: -0.0096603892 | AG11: =R3-7 -> 46281
A12: JAKARTA雅加达 | B12: AGISTA PRIYANTONO | C12: CP_DANAUSUNTER_UTARA | D12: 14360 | E12: 13648 | F12: 712 | G12: 12863 | H12: 12537 | I12: 326 | J12: 8410 | K12: 8160 | L12: 250 | M12: 0.93 | N12: 293031 | O12: 284231 | P12: 8800 | Q12: 0.96996905 | R12: 0.95041783 | S12: 0.97465599 | T12: 0.97027348 | U12: -0.024238163 | V12: 85284 | W12: 82860 | X12: 89662 | Y12: 87589 | Z12: 0.97157732 | AA12: 0.97687984 | AB12: -0.0053025195 | AG12: =R3-13 -> 46275
A13: JAKARTA雅加达 | B13: AGISTA PRIYANTONO | C13: KEPULAUAN_SERIBU | D13: 2062 | E13: 2046 | F13: 16 | G13: 2856 | H13: 2847 | I13: 9 | J13: 2755 | K13: 2744 | L13: 11 | M13: 0.93 | N13: 70554 | O13: 70146 | P13: 408 | Q13: 0.9942172 | R13: 0.99224054 | S13: 0.99684874 | T13: 0.99600726 | U13: -0.0046081963 | V13: 21369 | W13: 21294 | X13: 20389 | Y13: 20291 | Z13: 0.99649024 | AA13: 0.99519349 | AB13: 0.0012967562 | AG13: 46266
A14: JAKARTA雅加达 | B14: AGISTA PRIYANTONO | C14: CP_ANCOL_SELATAN_1 | D14: 17981 | E14: 17411 | F14: 570 | G14: 17830 | H14: 17317 | I14: 513 | J14: 10475 | K14: 10244 | L14: 231 | M14: 0.93 | N14: 367423 | O14: 359509 | P14: 7914 | Q14: 0.97846079 | R14: 0.96829987 | S14: 0.97122827 | T14: 0.97794749 | U14: -0.0029283949 | V14: 110371 | W14: 107752 | X14: 114875 | Y14: 112583 | Z14: 0.97627094 | AA14: 0.98004788 | AB14: -0.0037769374
A15: JAKARTA雅加达 | B15: AGISTA PRIYANTONO | C15: KAMAL_MUARA | D15: 2576 | E15: 2441 | F15: 135 | G15: 2615 | H15: 2497 | I15: 118 | J15: 1792 | K15: 1712 | L15: 80 | M15: 0.93 | N15: 54826 | O15: 52883 | P15: 1943 | Q15: 0.96456061 | R15: 0.94759317 | S15: 0.95487572 | T15: 0.95535714 | U15: -0.0072825493 | V15: 18258 | W15: 17617 | X15: 16036 | Y15: 15440 | Z15: 0.9648921 | AA15: 0.96283362 | AB15: 0.0020584777
A16: JAKARTA雅加达 | B16: AGISTA PRIYANTONO | C16: CP_TELUK_GONG_RAYA | D16: 9006 | E16: 8733 | F16: 273 | G16: 9429 | H16: 9227 | I16: 202 | J16: 6158 | K16: 5991 | L16: 167 | M16: 0.93 | N16: 176895 | O16: 172355 | P16: 4540 | Q16: 0.97433506 | R16: 0.96968688 | S16: 0.97857673 | T16: 0.97288081 | U16: -0.0088898559 | V16: 56359 | W16: 54972 | X16: 55968 | Y16: 54535 | Z16: 0.97538991 | AA16: 0.97439608 | AB16: 0.00099382763
A17: JAKARTA雅加达 | B17: ANDI PRASETIYO | C17: KOTA_TUA | D17: 0 | E17: 0 | F17: 0 | G17: 0 | H17: 0 | I17: 0 | J17: 0 | K17: 0 | L17: 0 | M17: 0.93 | N17: 0 | O17: 0 | P17: 0 | Q17: 0 | R17: 0 | S17: 0 | T17: 0 | U17: 0 | V17: 0 | W17: 0 | X17: 0 | Y17: 0 | Z17: 0 | AA17: 0 | AB17: 0
A18: JAKARTA雅加达 | B18: ANDI PRASETIYO | C18: TANAH_ABANG | D18: 10913 | E18: 9923 | F18: 990 | G18: 9947 | H18: 9063 | I18: 884 | J18: 5102 | K18: 4713 | L18: 389 | M18: 0.93 | N18: 226439 | O18: 204344 | P18: 22095 | Q18: 0.90242405 | R18: 0.90928251 | S18: 0.91112898 | T18: 0.92375539 | U18: -0.0018464765 | V18: 63302 | W18: 56335 | X18: 69766 | Y18: 62736 | Z18: 0.88994029 | AA18: 0.89923458 | AB18: -0.0092942979
A19: JAKARTA雅加达 | B19: ANDI PRASETIYO | C19: SENEN | D19: 13910 | E19: 13200 | F19: 710 | G19: 13646 | H19: 13063 | I19: 583 | J19: 6405 | K19: 6074 | L19: 331 | M19: 0.93 | N19: 295411 | O19: 281758 | P19: 13653 | Q19: 0.95378303 | R19: 0.94895758 | S19: 0.95727686 | T19: 0.94832162 | U19: -0.0083192732 | V19: 81241 | W19: 76895 | X19: 88459 | Y19: 84703 | Z19: 0.94650484 | AA19: 0.95753965 | AB19: -0.011034808
A20: JAKARTA雅加达 | B20: ANDI PRASETIYO | C20: CP_MANGGA_BESAR_2 | D20: 8308 | E20: 7950 | F20: 358 | G20: 8608 | H20: 8387 | I20: 221 | J20: 5406 | K20: 5321 | L20: 85 | M20: 0.93 | N20: 169794 | O20: 165640 | P20: 4154 | Q20: 0.97553506 | R20: 0.956909 | S20: 0.97432621 | T20: 0.98427673 | U20: -0.017417205 | V20: 52861 | W20: 51514 | X20: 53062 | Y20: 51785 | Z20: 0.97451808 | AA20: 0.97593381 | AB20: -0.0014157376
A21: JAKARTA雅加达 | B21: ANDI PRASETIYO | C21: CP_PINANGSIA_RAYA | D21: 3396 | E21: 2971 | F21: 425 | G21: 3061 | H21: 2812 | I21: 249 | J21: 1597 | K21: 1485 | L21: 112 | M21: 0.93 | N21: 67334 | O21: 57753 | P21: 9581 | Q21: 0.85770933 | R21: 0.87485277 | S21: 0.91865403 | T21: 0.9298685 | U21: -0.043801267 | V21: 19595 | W21: 16989 | X21: 20408 | Y21: 18068 | Z21: 0.86700689 | AA21: 0.88533908 | AB21: -0.018332193
A22: JAKARTA雅加达 | B22: ANDI PRASETIYO | C22: CP_ZAINUL_ARIFIN | D22: 3008 | E22: 2930 | F22: 78 | G22: 3343 | H22: 3199 | I22: 144 | J22: 2170 | K22: 2131 | L22: 39 | M22: 0.93 | N22: 58399 | O22: 55690 | P22: 2709 | Q22: 0.95361222 | R22: 0.97406915 | S22: 0.95692492 | T22: 0.98202765 | U22: 0.017144231 | V22: 20088 | W22: 19492 | X22: 17415 | Y22: 16540 | Z22: 0.97033055 | AA22: 0.94975596 | AB22: 0.020574588
A23: JAKARTA雅加达 | B23: ANDI PRASETIYO | C23: JOHAR_BARU_01 | D23: 10556 | E23: 10043 | F23: 513 | G23: 9309 | H23: 8847 | I23: 462 | J23: 5213 | K23: 5037 | L23: 176 | M23: 0.93 | N23: 208972 | O23: 201286 | P23: 7686 | Q23: 0.96321995 | R23: 0.95140205 | S23: 0.95037061 | T23: 0.96623825 | U23: 0.0010314371 | V23: 60166 | W23: 57589 | X23: 61846 | Y23: 59640 | Z23: 0.9571685 | AA23: 0.96433076 | AB23: -0.0071622566
A24: JAKARTA雅加达 | B24: ARIS YULIANTO | C24: DC_CIPAYUNG | D24: 0 | E24: 0 | F24: 0 | G24: 0 | H24: 0 | I24: 0 | J24: 0 | K24: 0 | L24: 0 | M24: 0.93 | N24: 0 | O24: 0 | P24: 0 | Q24: 0 | R24: 0 | S24: 0 | T24: 0 | U24: 0 | V24: 0 | W24: 0 | X24: 0 | Y24: 0 | Z24: 0 | AA24: 0 | AB24: 0
A25: JAKARTA雅加达 | B25: ARIS YULIANTO | C25: KELAPA_DUA_01 | D25: 0 | E25: 0 | F25: 0 | G25: 0 | H25: 0 | I25: 0 | J25: 0 | K25: 0 | L25: 0 | M25: 0.93 | N25: 0 | O25: 0 | P25: 0 | Q25: 0 | R25: 0 | S25: 0 | T25: 0 | U25: 0 | V25: 0 | W25: 0 | X25: 0 | Y25: 0 | Z25: 0 | AA25: 0 | AB25: 0
... A1711: BALI巴厘 | B1711: Prisilia Nansiana Akong | C1711: KUPANG_TIMUR | D1711: 82 | E1711: 59 | F1711: 23 | G1711: 364 | H1711: 284 | I1711: 80 | J1711: 593 | K1711: 394 | L1711: 199 | M1711: 0.93 | N1711: 9206 | O1711: 7869 | P1711: 1337 | Q1711: 0.85476863 | R1711: 0.7195122 | S1711: 0.78021978 | T1711: 0.66441821 | U1711: -0.060707585 | V1711: 3014 | W1711: 2396 | X1711: 1768 | Y1711: 1647 | Z1711: 0.79495687 | AA1711: 0.93156109 | AB1711: -0.13660422

Sheet Display Retur
A1: =CONCATENATE("网管-爪哇巴厘岛退件率",TEXT($Z$4,"MM月DD日")," NM-Monitoring Retur Agent Jawa-Bali ",TEXT($Z$4,"DD MMM YYYY")) -> 网管-爪哇巴厘岛退件率09月24日 NM-Monitoring Retur Agent Jawa-Bali 24 Sep 2026
A2: Cara Penarikan: • %Retur: JMS - Operasi - Monitor - Laporan Total Retur (Refine) - Sisi Deliver & Retur Logic: Retur = Total Regis Retur - Total Void Retur Persentase Retur = Total Retur/Total Delivery Retur Abnormal JMS - Penilaian - Paket Abnormal - Persen Retur Logic: Paket Retur Abnormal : Scan paket bermasalah atau scan simpan gudang dengan alasan yang abnormal pada saat proses retur %Retur Abnormal : Total Retur Abnormal / Retur · Fake Retur JMS - Operasi - Monitor - Monitor Call Bot - Detail - Respon Panggilan: "bersedia terima paket" Logic: Total Fake Retur = Total Retur (Respon Panggilan: "bersedia terima paket") Persentase Fake Retur = Total Fake Retur/Total Retur | G2: 取值路径: ·退件率: JMS-操作平台-数据监控-退件量报表(新) 逻辑: 退件量=退件登记票数-退件作废票数 退件率=退件量/派件量 异常退件 JMS-经营指标-异常件-退件率监控 逻辑: 异常退件:退件流程中扫问题件或留仓件扫描(异常原因) 异常退件率:异常退件量/退件总票数 ·虚假退件 JMS-操作平台-数据监控-机器人呼叫监控-机器人呼呼叫响。应:"愿意接受快件" 逻辑: 虚假退件量=退件量(机器人呼叫响应:"愿意接受快件") 虚假退件率=虚假退件量/退件量
A3: 代理区 Agent | B3: RM | C3: 网点名称 Nama DP | D3: ="Total"&CHAR(10)&"Delivery"&CHAR(10)&TEXT($Z$4,"dd mmm yyyy") -> Total Delivery 24 Sep 2026 | E3: ="退件量-退件"&CHAR(10)&"登记票数"&CHAR(10)&"Jumlah"&CHAR(10)&"Regist Retur"&CHAR(10)&TEXT($Z$4,"dd mmm yyyy") -> 退件量-退件 登记票数 Jumlah Regist Retur 24 Sep 2026 | F3: ="退件量-退件"&CHAR(10)&"确认票数"&CHAR(10)&"Jumlah"&CHAR(10)&"Konfirmasi"&CHAR(10)&"Retur"&CHAR(10)&TEXT($Z$4,"dd mmm yyyy") -> 退件量-退件 确认票数 Jumlah Konfirmasi Retur 24 Sep 2026 | G3: ="退件量-退件签"&CHAR(10)&"收票数"&CHAR(10)&"Jumlah TTD"&CHAR(10)&"Retur"&CHAR(10)&TEXT($Z$4,"dd mmm yyyy") -> 退件量-退件签 收票数 Jumlah TTD Retur 24 Sep 2026 | H3: ="退件量-退件作"&CHAR(10)&"废票数"&CHAR(10)&"Jumlah Void"&CHAR(10)&"Retur"&CHAR(10)&TEXT($Z$4,"dd mmm yyyy") -> 退件量-退件作 废票数 Jumlah Void Retur 24 Sep 2026 | I3: ="Total"&CHAR(10)&"Delivery"&CHAR(10)&TEXT($AA$4,"dd mmm yyyy") -> Total Delivery 23 Sep 2026 | J3: ="退件量-退件"&CHAR(10)&"登记票数"&CHAR(10)&"Jumlah"&CHAR(10)&"Regist Retur"&CHAR(10)&TEXT($AA$4,"dd mmm yyyy") -> 退件量-退件 登记票数 Jumlah Regist Retur 23 Sep 2026 | K3: ="退件量-退件"&CHAR(10)&"确认票数"&CHAR(10)&"Jumlah"&CHAR(10)&"Konfirmasi"&CHAR(10)&"Retur"&CHAR(10)&TEXT($AA$4,"dd mmm yyyy") -> 退件量-退件 确认票数 Jumlah Konfirmasi Retur 23 Sep 2026 | L3: ="退件量-退件签"&CHAR(10)&"收票数"&CHAR(10)&"Jumlah TTD"&CHAR(10)&"Retur"&CHAR(10)&TEXT($AA$4,"dd mmm yyyy") -> 退件量-退件签 收票数 Jumlah TTD Retur 23 Sep 2026 | M3: ="退件量-退件作"&CHAR(10)&"废票数"&CHAR(10)&"Jumlah Void"&CHAR(10)&"Retur"&CHAR(10)&TEXT($AA$4,"dd mmm yyyy") -> 退件量-退件作 废票数 Jumlah Void Retur 23 Sep 2026 | N3: ="Total"&CHAR(10)&"Delivery"&CHAR(10)&TEXT($AB$4,"dd mmm yyyy") -> Total Delivery 22 Sep 2026 | O3: ="退件量-退件"&CHAR(10)&"登记票数"&CHAR(10)&"Jumlah"&CHAR(10)&"Regist Retur"&CHAR(10)&TEXT($AB$4,"dd mmm yyyy") -> 退件量-退件 登记票数 Jumlah Regist Retur 22 Sep 2026 | P3: ="退件量-退件"&CHAR(10)&"确认票数"&CHAR(10)&"Jumlah"&CHAR(10)&"Konfirmasi"&CHAR(10)&"Retur"&CHAR(10)&TEXT($AB$4,"dd mmm yyyy") -> 退件量-退件 确认票数 Jumlah Konfirmasi Retur 22 Sep 2026 | Q3: ="退件量-退件签"&CHAR(10)&"收票数"&CHAR(10)&"Jumlah TTD"&CHAR(10)&"Retur"&CHAR(10)&TEXT($AB$4,"dd mmm yyyy") -> 退件量-退件签 收票数 Jumlah TTD Retur 22 Sep 2026 | R3: ="退件量-退件作"&CHAR(10)&"废票数"&CHAR(10)&"Jumlah Void"&CHAR(10)&"Retur"&CHAR(10)&TEXT($AB$4,"dd mmm yyyy") -> 退件量-退件作 废票数 Jumlah Void Retur 22 Sep 2026 | S3: 目标值 Target | T3: Total Delivery Bulanan | U3: 退件量-退件登记票数 Jumlah Regist Retur Bulanan | V3: 退件量-退件确认票数 Jumlah Konfirmasi Retur Bulanan | W3: 退件量-退件作废票数 Jumlah Void Retur Bulanan | X3: 退件量-退件签收票数 Jumlah TTD Retur Bulanan | Y3: 月累计 退件率 %Retur Bulanan | Z3: 退件率 %Retur | AC3: 对比昨天 Perbandingan H-1 | AD3: ="Total Delivery Mingguan"&CHAR(10)&TEXT(AQ12,"dd mmm")&" - "&TEXT(AQ11,"dd mmm") -> Total Delivery Mingguan 18 Sep - 24 Sep | AE3: ="退件量-退件登记票数"&CHAR(10)&"Jumlah Regist Retur Mingguan"&CHAR(10)&TEXT(AQ12,"dd mmm")&" - "&TEXT(AQ11,"dd mmm") -> 退件量-退件登记票数 Jumlah Regist Retur Mingguan 18 Sep - 24 Sep | AF3: ="退件量-退件作废票数"&CHAR(10)&"Jumlah Void Retur Mingguan"&CHAR(10)&TEXT(AQ12,"dd mmm")&" - "&TEXT(AQ11,"dd mmm") -> 退件量-退件作废票数 Jumlah Void Retur Mingguan 18 Sep - 24 Sep | AG3: ="Total Delivery Mingguan"&CHAR(10)&TEXT(AQ14,"dd mmm")&" - "&TEXT(AQ13,"dd mmm") -> Total Delivery Mingguan 11 Sep - 17 Sep | AH3: ="退件量-退件登记票数"&CHAR(10)&"Jumlah Regist Retur Mingguan"&CHAR(10)&TEXT(AQ14,"dd mmm")&" - "&TEXT(AQ13,"dd mmm") -> 退件量-退件登记票数 Jumlah Regist Retur Mingguan 11 Sep - 17 Sep | AI3: ="退件量-退件作废票数"&CHAR(10)&"Jumlah Void Retur Mingguan"&CHAR(10)&TEXT(AQ14,"dd mmm")&" - "&TEXT(AQ13,"dd mmm") -> 退件量-退件作废票数 Jumlah Void Retur Mingguan 11 Sep - 17 Sep | AJ3: 周度率 Persentase Mingguan | AL3: 对比上周 Perbandingan Mingguan
Z4: 46289 | AA4: =Z4-1 -> 46288 | AB4: =AA4-1 -> 46287 | AJ4: =TEXT(AQ12,"dd mmm")&" - "&TEXT(AQ11,"dd mmm") -> 18 Sep - 24 Sep | AK4: =TEXT(AQ14,"dd mmm")&" - "&TEXT(AQ13,"dd mmm") -> 11 Sep - 17 Sep
C5: AGENT40 | D5: =SUM(D7:D1628) -> 7232379 | E5: =SUM(E7:E1628) -> 161893 | F5: =SUM(F7:F1628) -> 106806 | G5: =SUM(G7:G1628) -> 2863 | H5: =SUM(H7:H1628) -> 10 | I5: =SUM(I7:I1628) -> 8022640 | J5: =SUM(J7:J1628) -> 155285 | K5: =SUM(K7:K1628) -> 154608 | ... R5: =SUM(R7:R1628) -> 73 | S5: 0.015 | T5: =SUM(T7:T1628) -> 175666400 | U5: =SUM(U7:U1628) -> 3899708 | V5: =SUM(V7:V1628) -> 3840098 | W5: =SUM(W7:W1628) -> 3835 | X5: =SUM(X7:X1628) -> 3331257 | Y5: =IFERROR((U5-W5)/T5,0) -> 0.022177679 | Z5: =IFERROR((E5-H5)/D5,0) -> 0.022383091 | AA5: =IFERROR((J5-M5)/I5,0) -> 0.01934974 | AB5: =IFERROR((O5-R5)/N5,0) -> 0.024655952 | AC5: =IFERROR(Z5-AA5,0) -> 0.0030333511 | AD5: =SUM(AD7:AD1628) -> 47674383 | AE5: =SUM(AE7:AE1628) -> 1099936 | AF5: =SUM(AF7:AF1628) -> 562 | AG5: =SUM(AG7:AG1628) -> 52144055 | AH5: =SUM(AH7:AH1628) -> 1154350 | AI5: =SUM(AI7:AI1628) -> 1196 | AJ5: =IFERROR((AE5-AF5)/AD5,0) -> 0.023060057 | AK5: =IFERROR((AH5-AI5)/AG5,0) -> 0.022114774 | AL5: =IFERROR(AJ5-AK5,0) -> 0.00094528306 | AM5: 5
A7: BALI巴厘 | B7: Blue | C7: LABUAN_LOMBOK | D7: 4040 | E7: 122 | F7: 76 | G7: 1 | H7: 0 | I7: 2176 | J7: 204 | K7: 204 | L7: 0 | M7: 0 | N7: 3606 | O7: 199 | P7: 199 | Q7: 1 | R7: 0 | S7: 0.015 | T7: 82922 | U7: 4614 | V7: 4565 | W7: 3 | X7: 3766 | Y7: 0.055606474 | Z7: 0.03019802 | AA7: 0.09375 | AB7: 0.055185801 | AC7: -0.06355198 | AD7: 24030 | AE7: 1264 | AF7: 1 | AG7: 25876 | AH7: 1570 | AI7: 2 | AJ7: 0.052559301 | AK7: 0.060596692 | AL7: -0.008037391
A8: BALI巴厘 | B8: Blue | C8: KERUAK | D8: 3687 | E8: 323 | F8: 209 | G8: 0 | H8: 0 | I8: 2642 | J8: 272 | K8: 272 | L8: 0 | M8: 0 | N8: 3022 | O8: 242 | P8: 239 | Q8: 0 | R8: 0 | S8: 0.015 | T8: 66686 | U8: 5974 | V8: 5855 | W8: 1 | X8: 4691 | Y8: 0.089569025 | Z8: 0.087605099 | AA8: 0.10295231 | AB8: 0.080079418 | AC8: -0.01534721 | AD8: 20699 | AE8: 1845 | AF8: 1 | AG8: 20115 | AH8: 1787 | AI8: 0 | AJ8: 0.089086429 | AK8: 0.088839175 | AL8: 0.00024725455
A9: BALI巴厘 | B9: Blue | C9: REMPUNG | D9: 3049 | E9: 69 | F9: 52 | G9: 0 | H9: 0 | I9: 1547 | J9: 70 | K9: 70 | L9: 0 | M9: 0 | N9: 2514 | O9: 103 | P9: 102 | Q9: 2 | R9: 0 | S9: 0.015 | T9: 58486 | U9: 2230 | V9: 2211 | W9: 0 | X9: 1844 | Y9: 0.038128783 | Z9: 0.022630371 | AA9: 0.045248869 | AB9: 0.040970565 | AC9: -0.022618498 | AD9: 17092 | AE9: 601 | AF9: 0 | AG9: 18192 | AH9: 796 | AI9: 0 | AJ9: 0.035162649 | AK9: 0.043755497 | AL9: -0.0085928477
A10: BALI巴厘 | B10: Blue | C10: MASBAGIK_1 | D10: 4416 | E10: 74 | F10: 50 | G10: 0 | H10: 0 | I10: 2176 | J10: 119 | K10: 119 | L10: 0 | M10: 0 | N10: 3600 | O10: 113 | P10: 113 | Q10: 4 | R10: 0 | S10: 0.015 | T10: 81609 | U10: 2117 | V10: 2093 | W10: 1 | X10: 1706 | Y10: 0.025928513 | Z10: 0.016757246 | AA10: 0.0546875 | AB10: 0.031388889 | AC10: -0.037930254 | AD10: 24893 | AE10: 579 | AF10: 1 | AG10: 24489 | AH10: 664 | AI10: 0 | AJ10: 0.023219379 | AK10: 0.027114215 | AL10: -0.0038948356
A11: BALI巴厘 | B11: Blue | C11: LABUAN_HAJI | D11: 2256 | E11: 34 | F11: 20 | G11: 0 | H11: 0 | I11: 1149 | J11: 54 | K11: 54 | L11: 0 | M11: 0 | N11: 1941 | O11: 70 | P11: 70 | Q11: 0 | R11: 0 | S11: 0.015 | T11: 43132 | U11: 1426 | V11: 1412 | W11: 0 | X11: 1166 | Y11: 0.0330613 | Z11: 0.015070922 | AA11: 0.046997389 | AB11: 0.036063885 | AC11: -0.031926467 | AD11: 12941 | AE11: 439 | AF11: 0 | AG11: 13030 | AH11: 490 | AI11: 0 | AJ11: 0.03392319 | AK11: 0.037605526 | AL11: -0.0036823358 | AP11: =Z4 -> 46289 | AQ11: =AP11 -> 46289
A12: BALI巴厘 | B12: Blue | C12: SELONG | D12: 4584 | E12: 186 | F12: 115 | G12: 0 | H12: 0 | I12: 2386 | J12: 117 | K12: 116 | L12: 0 | M12: 0 | N12: 4080 | O12: 220 | P12: 220 | Q12: 2 | R12: 0 | S12: 0.015 | T12: 91951 | U12: 3892 | V12: 3818 | W12: 3 | X12: 3071 | Y12: 0.042294265 | Z12: 0.040575916 | AA12: 0.049036044 | AB12: 0.053921569 | AC12: -0.0084601274 | AD12: 27437 | AE12: 1190 | AF12: 0 | AG12: 27849 | AH12: 1241 | AI12: 0 | AJ12: 0.043372089 | AK12: 0.044561744 | AL12: -0.0011896549 | AQ12: =AQ11-6 -> 46283
A13: BALI巴厘 | B13: Blue | C13: SIKUR | D13: 5334 | E13: 148 | F13: 109 | G13: 0 | H13: 0 | I13: 2593 | J13: 94 | K13: 94 | L13: 0 | M13: 0 | N13: 4228 | O13: 169 | P13: 168 | Q13: 1 | R13: 0 | S13: 0.015 | T13: 96506 | U13: 3243 | V13: 3201 | W13: 0 | X13: 2633 | Y13: 0.033604128 | Z13: 0.027746532 | AA13: 0.036251446 | AB13: 0.039971618 | AC13: -0.0085049145 | AD13: 29583 | AE13: 923 | AF13: 0 | AG13: 28984 | AH13: 998 | AI13: 0 | AJ13: 0.031200352 | AK13: 0.034432791 | AL13: -0.003232439 | AQ13: =AQ12-1 -> 46282
A14: BALI巴厘 | B14: Blue | C14: SAKRA_BARAT | D14: 4967 | E14: 122 | F14: 77 | G14: 0 | H14: 0 | I14: 2890 | J14: 165 | K14: 164 | L14: 0 | M14: 0 | N14: 3875 | O14: 109 | P14: 108 | Q14: 7 | R14: 1 | S14: 0.015 | T14: 89867 | U14: 3393 | V14: 3346 | W14: 1 | X14: 2761 | Y14: 0.037744667 | Z14: 0.02456211 | AA14: 0.057093426 | AB14: 0.027870968 | AC14: -0.032531316 | AD14: 27886 | AE14: 975 | AF14: 1 | AG14: 27010 | AH14: 1088 | AI14: 0 | AJ14: 0.034927921 | AK14: 0.040281377 | AL14: -0.0053534564 | AQ14: =AQ13-6 -> 46276
A15: BALI巴厘 | B15: Blue | C15: PRINGGABAYA | D15: 5331 | E15: 191 | F15: 133 | G15: 0 | H15: 0 | I15: 3128 | J15: 326 | K15: 323 | L15: 0 | M15: 0 | N15: 4692 | O15: 270 | P15: 268 | Q15: 0 | R15: 0 | S15: 0.015 | T15: 109529 | U15: 6364 | V15: 6301 | W15: 1 | X15: 5186 | Y15: 0.058094203 | Z15: 0.035828175 | AA15: 0.10421995 | AB15: 0.057544757 | AC15: -0.068391774 | AD15: 32410 | AE15: 1739 | AF15: 0 | AG15: 33967 | AH15: 2180 | AI15: 0 | AJ15: 0.053656279 | AK15: 0.064179939 | AL15: -0.01052366 | AQ15: 46266
A16: BALI巴厘 | B16: Blue | C16: DASAN_CERMEN | D16: 2788 | E16: 222 | F16: 160 | G16: 0 | H16: 0 | I16: 2488 | J16: 173 | K16: 173 | L16: 0 | M16: 0 | N16: 2332 | O16: 285 | P16: 285 | Q16: 8 | R16: 0 | S16: 0.015 | T16: 63683 | U16: 4198 | V16: 4132 | W16: 3 | X16: 3333 | Y16: 0.065873153 | Z16: 0.079626973 | AA16: 0.069533762 | AB16: 0.12221269 | AC16: 0.010093211 | AD16: 18771 | AE16: 1293 | AF16: 0 | AG16: 19111 | AH16: 1279 | AI16: 0 | AJ16: 0.068882851 | AK16: 0.066924808 | AL16: 0.0019580435
A17: BALI巴厘 | B17: Blue | C17: MATARAM | D17: 2802 | E17: 111 | F17: 83 | G17: 0 | H17: 0 | I17: 2527 | J17: 120 | K17: 120 | L17: 1 | M17: 0 | N17: 2303 | O17: 134 | P17: 133 | Q17: 2 | R17: 0 | S17: 0.015 | T17: 63951 | U17: 2934 | V17: 2905 | W17: 1 | X17: 2370 | Y17: 0.045863239 | Z17: 0.039614561 | AA17: 0.047487139 | AB17: 0.058184976 | AC17: -0.0078725779 | AD17: 18410 | AE17: 855 | AF17: 0 | AG17: 20076 | AH17: 911 | AI17: 1 | AJ17: 0.046442151 | AK17: 0.045327755 | AL17: 0.0011143965
A18: BALI巴厘 | B18: Blue | C18: MONJOK_1 | D18: 2868 | E18: 148 | F18: 102 | G18: 0 | H18: 0 | I18: 2380 | J18: 101 | K18: 101 | L18: 0 | M18: 0 | N18: 2418 | O18: 179 | P18: 179 | Q18: 3 | R18: 0 | S18: 0.015 | T18: 64806 | U18: 3535 | V18: 3488 | W18: 1 | X18: 2859 | Y18: 0.054531988 | Z18: 0.051603905 | AA18: 0.042436975 | AB18: 0.074028122 | AC18: 0.0091669304 | AD18: 18726 | AE18: 989 | AF18: 0 | AG18: 20194 | AH18: 1148 | AI18: 0 | AJ18: 0.052814269 | AK18: 0.056848569 | AL18: -0.0040343
A19: BALI巴厘 | B19: Blue | C19: KESRA | D19: 5931 | E19: 306 | F19: 233 | G19: 0 | H19: 0 | I19: 5065 | J19: 307 | K19: 307 | L19: 0 | M19: 0 | N19: 5141 | O19: 381 | P19: 381 | Q19: 18 | R19: 0 | S19: 0.015 | T19: 133523 | U19: 7679 | V19: 7606 | W19: 0 | X19: 6300 | Y19: 0.057510691 | Z19: 0.051593323 | AA19: 0.060612043 | AB19: 0.074110095 | AC19: -0.0090187202 | AD19: 39877 | AE19: 2391 | AF19: 0 | AG19: 40743 | AH19: 2427 | AI19: 0 | AJ19: 0.059959375 | AK19: 0.059568515 | AL19: 0.00039086024
A20: BALI巴厘 | B20: Blue | C20: TAMAN_SARI | D20: 2631 | E20: 156 | F20: 111 | G20: 0 | H20: 0 | I20: 2157 | J20: 80 | K20: 80 | L20: 0 | M20: 0 | N20: 2157 | O20: 116 | P20: 116 | Q20: 2 | R20: 0 | S20: 0.015 | T20: 59713 | U20: 2859 | V20: 2814 | W20: 0 | X20: 2308 | Y20: 0.047879021 | Z20: 0.059293044 | AA20: 0.037088549 | AB20: 0.053778396 | AC20: 0.022204496 | AD20: 17188 | AE20: 840 | AF20: 0 | AG20: 18555 | AH20: 910 | AI20: 0 | AJ20: 0.048871306 | AK20: 0.049043385 | AL20: -0.00017207897
A21: BALI巴厘 | B21: Blue | C21: AMPENAN | D21: 2718 | E21: 130 | F21: 108 | G21: 0 | H21: 0 | I21: 2343 | J21: 151 | K21: 150 | L21: 0 | M21: 0 | N21: 2332 | O21: 163 | P21: 162 | Q21: 3 | R21: 0 | S21: 0.015 | T21: 63386 | U21: 3961 | V21: 3937 | W21: 0 | X21: 3219 | Y21: 0.06249014 | Z21: 0.047829286 | AA21: 0.06444729 | AB21: 0.069897084 | AC21: -0.016618004 | AD21: 18252 | AE21: 1138 | AF21: 0 | AG21: 19782 | AH21: 1187 | AI21: 0 | AJ21: 0.062349332 | AK21: 0.060004044 | AL21: 0.0023452875
A22: BALI巴厘 | B22: Blue | C22: SERUNI | D22: 2762 | E22: 24 | F22: 19 | G22: 0 | H22: 0 | I22: 2364 | J22: 234 | K22: 233 | L22: 0 | M22: 0 | N22: 2288 | O22: 42 | P22: 42 | Q22: 0 | R22: 0 | S22: 0.015 | T22: 61800 | U22: 3084 | V22: 3074 | W22: 6 | X22: 2503 | Y22: 0.049805825 | Z22: 0.0086893555 | AA22: 0.098984772 | AB22: 0.018356643 | AC22: -0.090295416 | AD22: 18005 | AE22: 819 | AF22: 0 | AG22: 18812 | AH22: 994 | AI22: 3 | AJ22: 0.045487365 | AK22: 0.052679141 | AL22: -0.0071917764
A23: BALI巴厘 | B23: Blue | C23: SEGANTENG | D23: 2670 | E23: 183 | F23: 120 | G23: 0 | H23: 0 | I23: 2290 | J23: 133 | K23: 133 | L23: 0 | M23: 0 | N23: 2195 | O23: 124 | P23: 124 | Q23: 7 | R23: 0 | S23: 0.015 | T23: 61368 | U23: 3744 | V23: 3681 | W23: 0 | X23: 3115 | Y23: 0.061008995 | Z23: 0.068539326 | AA23: 0.058078603 | AB23: 0.056492027 | AC23: 0.010460723 | AD23: 17895 | AE23: 1082 | AF23: 0 | AG23: 18725 | AH23: 1121 | AI23: 0 | AJ23: 0.060463817 | AK23: 0.059866489 | AL23: 0.00059732806
A24: BALI巴厘 | B24: Blue | C24: KARANG_GENTENG | D24: 2743 | E24: 128 | F24: 96 | G24: 0 | H24: 0 | I24: 2393 | J24: 134 | K24: 134 | L24: 0 | M24: 0 | N24: 2259 | O24: 128 | P24: 128 | Q24: 4 | R24: 0 | S24: 0.015 | T24: 60778 | U24: 3091 | V24: 3059 | W24: 2 | X24: 2569 | Y24: 0.050824311 | Z24: 0.046664236 | AA24: 0.055996657 | AB24: 0.05666224 | AC24: -0.0093324207 | AD24: 17839 | AE24: 889 | AF24: 0 | AG24: 18396 | AH24: 927 | AI24: 1 | AJ24: 0.049834632 | AK24: 0.05033703 | AL24: -0.0005023978
A25: BALI巴厘 | B25: Blue | C25: BAYAN_1 | D25: 1707 | E25: 44 | F25: 31 | G25: 0 | H25: 0 | I25: 1184 | J25: 28 | K25: 28 | L25: 0 | M25: 0 | N25: 1550 | O25: 63 | P25: 63 | Q25: 2 | R25: 0 | S25: 0.015 | T25: 35737 | U25: 1285 | V25: 1272 | W25: 2 | X25: 1081 | Y25: 0.035901167 | Z25: 0.025776216 | AA25: 0.023648649 | AB25: 0.040645161 | AC25: 0.0021275669 | AD25: 10586 | AE25: 332 | AF25: 0 | AG25: 10482 | AH25: 368 | AI25: 0 | AJ25: 0.031362176 | AK25: 0.035107804 | AL25: -0.0037456274
A26: BALI巴厘 | B26: Blue | C26: PEMENANG | D26: 1895 | E26: 105 | F26: 74 | G26: 0 | H26: 0 | I26: 988 | J26: 72 | K26: 71 | L26: 0 | M26: 0 | N26: 1519 | O26: 135 | P26: 135 | Q26: 2 | R26: 0 | S26: 0.015 | T26: 36845 | U26: 2470 | V26: 2434 | W26: 6 | X26: 2034 | Y26: 0.066874746 | Z26: 0.055408971 | AA26: 0.072874494 | AB26: 0.088874259 | AC26: -0.017465523 | AD26: 10884 | AE26: 660 | AF26: 4 | AG26: 10149 | AH26: 768 | AI26: 2 | AJ26: 0.060271959 | AK26: 0.075475416 | AL26: -0.015203457
A27: BALI巴厘 | B27: Blue | C27: NARMADA | D27: 4733 | E27: 149 | F27: 114 | G27: 0 | H27: 0 | I27: 2323 | J27: 120 | K27: 117 | L27: 0 | M27: 0 | N27: 3867 | O27: 215 | P27: 214 | Q27: 3 | R27: 0 | S27: 0.015 | T27: 88407 | U27: 4212 | V27: 4172 | W27: 3 | X27: 3540 | Y27: 0.047609352 | Z27: 0.03148109 | AA27: 0.05165734 | AB27: 0.055598655 | AC27: -0.020176249 | AD27: 26908 | AE27: 1216 | AF27: 1 | AG27: 26364 | AH27: 1347 | AI27: 1 | AJ27: 0.045153858 | AK27: 0.051054468 | AL27: -0.0059006106
... A1628: SURABAYA泗水 | B1628: - | C1628: TCSPG101 | D1628: 0 | E1628: 0 | F1628: 0 | G1628: 0 | H1628: 0 | I1628: 0 | J1628: 0 | K1628: 0 | L1628: 0 | M1628: 0 | N1628: 0 | O1628: 0 | P1628: 0 | Q1628: 0 | R1628: 0 | S1628: 0.015 | T1628: 0 | U1628: 0 | V1628: 0 | W1628: 0 | X1628: 0 | Y1628: 0 | Z1628: 0 | AA1628: 0 | AB1628: 0 | AC1628: 0 | AD1628: 0 | AE1628: 0 | AF1628: 0 | AG1628: 0 | AH1628: 0 | AI1628: 0 | AJ1628: 0 | AK1628: 0 | AL1628: 0

Sheet RM Pencapaian Harian
A1: ="网管-RM达成率 (日) "&TEXT('[12]Display Absensi 630'!$T$3,"DD MMM YYYY")&CHAR(10)&"NM-Pencapaian RM Harian berdasarkan DP/CP yang di-handle" -> 网管-RM达成率 (日) 23 Sep 2026 NM-Pencapaian RM Harian berdasarkan DP/CP yang di-handle
A2: 代理区 Regional | B2: RM | C2: Jumlah DP/CP | D2: RM打卡准点率 Absensi 6.30 Tepat Waktu | H2: 0730出仓率 Keluar Gudang 0730 | L2: 1200前签收率 TTD Sebelum 1200 | P2: 全天签收率 TTD All Ritase
D3: ='ALL DP DATA'!K8 -> 46288 | E3: =D3-1 -> 46287 | F3: =D3-2 -> 46286 | G3: 对比昨天 vs H-1 | H3: =D3 -> 46288 | I3: =E3 -> 46287 | J3: =F3 -> 46286 | K3: 对比昨天 vs H-1 | L3: =D3 -> 46288 | M3: =E3 -> 46287 | N3: =F3 -> 46286 | O3: 对比昨天 vs H-1 | P3: =D3 -> 46288 | Q3: =E3 -> 46287 | R3: =F3 -> 46286 | S3: 对比昨天 vs H-1
A4: 目标值 Target | D4: 0.9 | E4: 0.9 | F4: 0.9 | H4: 0.9 | I4: 0.9 | J4: 0.9 | L4: 0.9 | M4: 0.9 | N4: 0.9 | P4: 0.93 | Q4: 0.93 | R4: 0.93
A5: TOTAL JAWA-BALI | C5: 1706 | D5: 0.94474762 | E5: 0.93265988 | F5: 0.93628487 | G5: 0.012087745 | H5: 0.95436952 | I5: 0.9587745 | J5: 0.9554798 | K5: -0.0044049863 | L5: 0.891219 | M5: 0.90214915 | N5: 0.8940355 | O5: -0.010930151 | P5: 0.95474501 | Q5: 0.95253442 | R5: 0.95836871 | S5: 0.0022105853
A6: JAKARTA雅加达 | B6: Total Regional | C6: 110 | D6: 0.93741744 | E6: 0.92196191 | F6: 0.92621167 | G6: 0.015455529 | H6: 0.95304349 | I6: 0.95463522 | J6: 0.93734376 | K6: -0.0015917334 | L6: 0.84066413 | M6: 0.87329351 | N6: 0.85237905 | O6: -0.032629388 | P6: 0.95021442 | Q6: 0.95854631 | R6: 0.96148858 | S6: -0.0083318863
A7: JAKARTA雅加达 | B7: AGISTA PRIYANTONO | C7: 11 | D7: 0.94339623 | E7: 0.93719008 | F7: 0.94095941 | G7: 0.0062061438 | H7: 0.94738365 | I7: 0.96665259 | J7: 0.92440116 | K7: -0.019268939 | L7: 0.86286574 | M7: 0.89326294 | N7: 0.88197741 | O7: -0.030397196 | P7: 0.95918367 | Q7: 0.97110579 | R7: 0.96937305 | S7: -0.011922114
A8: JAKARTA雅加达 | B8: ANDI PRASETIYO | C8: 7 | D8: 0.93095238 | E8: 0.94575472 | F8: 0.94832041 | G8: -0.014802336 | H8: 0.99095658 | I8: 0.96688122 | J8: 0.96244026 | K8: 0.024075361 | L8: 0.83774078 | M8: 0.8718939 | N8: 0.83941524 | O8: -0.034153118 | P8: 0.93863169 | Q8: 0.94692574 | R8: 0.95628162 | S8: -0.0082940516
A9: JAKARTA雅加达 | B9: ARIS YULIANTO | C9: 11 | D9: 0.92379679 | E9: 0.91745602 | F9: 0.91496599 | G9: 0.0063407698 | H9: 0.92950167 | I9: 0.93701022 | J9: 0.88449225 | K9: -0.0075085515 | L9: 0.77756173 | M9: 0.82150409 | N9: 0.74128566 | O9: -0.043942367 | P9: 0.93662055 | Q9: 0.95118599 | R9: 0.95165022 | S9: -0.014565442
A10: JAKARTA雅加达 | B10: JHOSVANDO ANANG WINARTO | C10: 10 | D10: 0.95481336 | E10: 0.93849206 | F10: 0.93706294 | G10: 0.016321296 | H10: 0.96012354 | I10: 0.94976599 | J10: 0.90595828 | K10: 0.010357551 | L10: 0.86650652 | M10: 0.88155226 | N10: 0.85127348 | O10: -0.015045742 | P10: 0.95226808 | Q10: 0.96123593 | R10: 0.96228027 | S10: -0.0089678548
A11: JAKARTA雅加达 | B11: DIFA HERDIANSAH MUNABARI | C11: 14 | D11: 0.9581749 | E11: 0.94626474 | F11: 0.94565217 | G11: 0.011910161 | H11: 0.98345491 | I11: 0.98530257 | J11: 0.98201207 | K11: -0.001847665 | L11: 0.85611297 | M11: 0.87631716 | N11: 0.86177062 | O11: -0.020204192 | P11: 0.94857339 | Q11: 0.95481105 | R11: 0.95981153 | S11: -0.0062376623
A12: JAKARTA雅加达 | B12: I MADE DWI PU DJAWARDANA | C12: 13 | D12: 0.86692015 | E12: 0.84615385 | F12: 0.91333333 | G12: 0.020766306 | H12: 0.89391379 | I12: 0.90152708 | J12: 0.88318373 | K12: -0.0076132959 | L12: 0.84049631 | M12: 0.89467918 | N12: 0.87995104 | O12: -0.054182866 | P12: 0.94129236 | Q12: 0.95912069 | R12: 0.96625701 | S12: -0.017828328
A13: JAKARTA雅加达 | B13: MUHAMMAD BANDI BANDANUJI | C13: 13 | D13: 0.97568882 | E13: 0.94518272 | F13: 0.93131313 | G13: 0.030506093 | H13: 0.97446554 | I13: 0.96370697 | J13: 0.98093639 | K13: 0.010758574 | L13: 0.89203853 | M13: 0.90735496 | N13: 0.89475504 | O13: -0.015316434 | P13: 0.95941011 | Q13: 0.9616415 | R13: 0.95890876 | S13: -0.0022313895
A14: JAKARTA雅加达 | B14: BIMO WIRA ANGGORO | C14: 10 | D14: 0.96780303 | E14: 0.95 | F14: 0.9504717 | G14: 0.01780303 | H14: 0.97602355 | I14: 0.9806891 | J14: 0.9571795 | K14: -0.004665548 | L14: 0.83054315 | M14: 0.85988103 | N14: 0.86245272 | O14: -0.029337881 | P14: 0.95868771 | Q14: 0.95853569 | R14: 0.96004668 | S14: 0.00015202343
A15: JAKARTA雅加达 | B15: SAMSUL MAARIF | C15: 12 | D15: 0.94063927 | E15: 0.9296875 | F15: 0.89416058 | G15: 0.010951769 | H15: 0.94709519 | I15: 0.97898183 | J15: 0.96181407 | K15: -0.031886637 | L15: 0.84678799 | M15: 0.87971409 | N15: 0.86563266 | O15: -0.032926101 | P15: 0.95394636 | Q15: 0.95952334 | R15: 0.96708816 | S15: -0.0055769855
A16: JAKARTA雅加达 | B16: SIDIQ HASPARI | C16: 9 | D16: 0.90415335 | E16: 0.86201299 | F16: 0.8959854 | G16: 0.042140368 | H16: 0.94940606 | I16: 0.93108705 | J16: 0.95461536 | K16: 0.018319017 | L16: 0.80496786 | M16: 0.84954725 | N16: 0.84093406 | O16: -0.044579395 | P16: 0.95178376 | Q16: 0.95708081 | R16: 0.95728053 | S16: -0.0052970483
A17: TANGERANG唐格朗 | B17: Total Regional | C17: 108 | D17: 0.96199273 | E17: 0.96127751 | F17: 0.96153846 | G17: 0.00071522051 | H17: 0.94183492 | I17: 0.95751841 | J17: 0.94796837 | K17: -0.015683485 | L17: 0.90473221 | M17: 0.93436588 | N17: 0.92096614 | O17: -0.02963367 | P17: 0.96261595 | Q17: 0.96707477 | R17: 0.97157604 | S17: -0.0044588144
... A25: TANGERANG唐格朗 | B25: RAHMAN | C25: 9 | D25: 0.9612069 | E25: 0.95633188 | F25: 0.95238095 | G25: 0.0048750188 | H25: 0.93619983 | I25: 0.9579502 | J25: 0.95872767 | K25: -0.021750366 | L25: 0.90932642 | M25: 0.94457975 | N25: 0.94542091 | O25: -0.035253326 | P25: 0.95032064 | Q25: 0.96271886 | R25: 0.96874667 | S25: -0.012398225
A26: TANGERANG唐格朗 | B26: - | C26: 3 | D26: 0.92156863 | E26: 0.90540541 | F26: 0.91397849 | G26: 0.016163222 | H26: 0.2 | I26: - | J26: - | K26: - | L26: 0 | M26: - | N26: - | O26: - | P26: 0.93055017 | Q26: 0.90883325 | R26: 0.9646343 | S26: 0.02171692
A27: BEKASI勿加西 | B27: Total Regional | C27: 48 | D27: 0.94505208 | E27: 0.94593088 | F27: 0.94138834 | G27: -0.00087879738 | H27: 0.94513252 | I27: 0.95277788 | J27: 0.95319252 | K27: -0.0076453613 | L27: 0.90259611 | M27: 0.91543467 | N27: 0.89815805 | O27: -0.012838556 | P27: 0.95615585 | Q27: 0.95570162 | R27: 0.95402057 | S27: 0.000454228
A28: BEKASI勿加西 | B28: ANDREW | C28: 6 | D28: 0.93466425 | E28: 0.94117647 | F28: 0.92957746 | G28: -0.0065122238 | H28: 0.97186445 | I28: 0.96645022 | J28: 0.97154616 | K28: 0.0054142291 | L28: 0.9194287 | M28: 0.92035434 | N28: 0.91611199 | O28: -0.00092563475 | P28: 0.96545218 | Q28: 0.95643064 | R28: 0.96347067 | S28: 0.0090215382
A29: BEKASI勿加西 | B29: SUTRISNA | C29: 8 | D29: 0.96596859 | E29: 0.95710456 | F29: 0.95924765 | G29: 0.0088640287 | H29: 0.94643963 | I29: 0.95156981 | J29: 0.94569434 | K29: -0.0051301778 | L29: 0.90661765 | M29: 0.92813405 | N29: 0.91524438 | O29: -0.021516399 | P29: 0.95350712 | Q29: 0.96441482 | R29: 0.96354478 | S29: -0.010907697
A30: BEKASI勿加西 | B30: FIRMAN ARIANTO | C30: 5 | D30: 0.92741935 | E30: 0.98268398 | F30: 0.86934673 | G30: -0.055264628 | H30: 0.93930705 | I30: 0.97063874 | J30: 0.97353035 | K30: -0.031331687 | L30: 0.90979689 | M30: 0.92779876 | N30: 0.91463804 | O30: -0.01800187 | P30: 0.94439151 | Q30: 0.94810755 | R30: 0.95174978 | S30: -0.0037160376
A31: BEKASI勿加西 | B31: ADIT | C31: 7 | D31: 0.95052083 | E31: 0.94810659 | F31: 0.95382166 | G31: 0.0024142415 | H31: 0.9516918 | I31: 0.96156119 | J31: 0.95317774 | K31: -0.0098693912 | L31: 0.92208028 | M31: 0.92575194 | N31: 0.90664586 | O31: -0.0036716506 | P31: 0.96582561 | Q31: 0.95987096 | R31: 0.9544884 | S31: 0.005954654
A32: BEKASI勿加西 | B32: DENDEN | C32: 8 | D32: 0.96774194 | E32: 0.95019157 | F32: 0.95890411 | G32: 0.017550365 | H32: 0.94251372 | I32: 0.9513828 | J32: 0.95141505 | K32: -0.0088690788 | L32: 0.88623667 | M32: 0.90062743 | N32: 0.88048716 | O32: -0.014390763 | P32: 0.95288166 | Q32: 0.95338329 | R32: 0.94752772 | S32: -0.00050162778
A33: BEKASI勿加西 | B33: ABDUL MALIK | C33: 8 | D33: 0.93296089 | E33: 0.92867982 | F33: 0.92792793 | G33: 0.0042810759 | H33: 0.93883448 | I33: 0.9431137 | J33: 0.97006532 | K33: -0.0042792147 | L33: 0.89688554 | M33: 0.91114291 | N33: 0.88792957 | O33: -0.014257371 | P33: 0.95793103 | Q33: 0.95415487 | R33: 0.95044311 | S33: 0.0037761686
A34: BEKASI勿加西 | B34: LUTHFI | C34: 6 | D34: 0.93517018 | E34: 0.94137931 | F34: 0.95296524 | G34: -0.0062091321 | H34: 0.92995803 | I34: 0.94038274 | J34: 0.91520154 | K34: -0.010424709 | L34: 0.88632389 | M34: 0.90762634 | N34: 0.88882917 | O34: -0.021302454 | P34: 0.94496648 | Q34: 0.95235622 | R34: 0.95204795 | S34: -0.0073897346
A35: BOGOR茂物 | B35: Total Regional | C35: 88 | D35: 0.95013123 | E35: 0.94569203 | F35: 0.93481894 | G35: 0.0044392079 | H35: 0.95892277 | I35: 0.96907058 | J35: 0.96998523 | K35: -0.010147808 | L35: 0.93592889 | M35: 0.94141611 | N35: 0.93842107 | O35: -0.0054872185 | P35: 0.97845007 | Q35: 0.98297516 | R35: 0.98212546 | S35: -0.0045250934
A36: BOGOR茂物 | B36: AHMAD TOFIK YULFIKAR | C36: 14 | D36: 0.96176822 | E36: 0.96526055 | F36: 0.9640625 | G36: -0.0034923261 | H36: 0.9527508 | I36: 0.97334912 | J36: 0.97487534 | K36: -0.020598321 | L36: 0.93169466 | M36: 0.94293607 | N36: 0.94043509 | O36: -0.01124141 | P36: 0.97436318 | Q36: 0.97774114 | R36: 0.97751118 | S36: -0.0033779591
A37: BOGOR茂物 | B37: FALDY FEDIANSYAH | C37: 18 | D37: 0.92880259 | E37: 0.90725126 | F37: 0.88295688 | G37: 0.021551324 | H37: 0.94904534 | I37: 0.95350272 | J37: 0.96563359 | K37: -0.0044573756 | L37: 0.93063515 | M37: 0.93079385 | N37: 0.9250494 | O37: -0.00015869504 | P37: 0.97058876 | Q37: 0.97585113 | R37: 0.97349296 | S37: -0.0052623757
A38: BOGOR茂物 | B38: HERI SUSANTO | C38: 14 | D38: 0.95601436 | E38: 0.93662628 | F38: 0.94393593 | G38: 0.019388081 | H38: 0.97556355 | I38: 0.9756657 | J38: 0.97336374 | K38: -0.00010214454 | L38: 0.94853823 | M38: 0.9535158 | N38: 0.95084728 | O38: -0.0049775709 | P38: 0.98635315 | Q38: 0.98994863 | R38: 0.99043488 | S38: -0.0035954796
... A47: BANDUNG万隆 | B47: Deden Ery Riswandi | C47: 12 | D47: 0.91176471 | E47: 0.85238095 | F47: 0.88510638 | G47: 0.059383754 | H47: 0.91300608 | I47: 0.95362437 | J47: 0.94582253 | K47: -0.040618286 | L47: 0.68967297 | M47: 0.76676187 | N47: 0.72716895 | O47: -0.077088899 | P47: 0.90192257 | Q47: 0.85423754 | R47: 0.89336405 | S47: 0.047685038
A48: BANDUNG万隆 | B48: Dedy | C48: 1 | D48: - | E48: - | F48: - | G48: - | H48: 1 | I48: 1 | J48: - | K48: 0 | L48: 1 | M48: 1 | N48: - | O48: 0 | P48: 1 | Q48: 1 | R48: - | S48: 0
A49: BANDUNG万隆 | B49: Didi | C49: 24 | D49: 0.97905759 | E49: 0.93896104 | F49: 0.95080092 | G49: 0.040096553 | H49: 0.98402459 | I49: 0.97475804 | J49: 0.98013043 | K49: 0.0092665496 | L49: 0.90182936 | M49: 0.91093382 | N49: 0.88968123 | O49: -0.0091044611 | P49: 0.95011154 | Q49: 0.92827027 | R49: 0.94265979 | S49: 0.021841275
A50: BANDUNG万隆 | B50: Edo Rudiana | C50: 18 | D50: 0.98322851 | E50: 0.97288136 | F50: 0.97267081 | G50: 0.010347156 | H50: 0.97148813 | I50: 0.9764786 | J50: 0.95452798 | K50: -0.0049904711 | L50: 0.9390635 | M50: 0.94513491 | N50: 0.93486786 | O50: -0.0060714119 | P50: 0.96513253 | Q50: 0.95924064 | R50: 0.96766824 | S50: 0.0058918926
A51: BANDUNG万隆 | B51: Eki Rizqiana Pahlevi | C51: 20 | D51: 0.92691952 | E51: 0.87189672 | F51: 0.90399137 | G51: 0.055022796 | H51: 0.96672547 | I51: 0.95496251 | J51: 0.94904426 | K51: 0.011762964 | L51: 0.86438665 | M51: 0.86321084 | N51: 0.86568087 | O51: 0.0011758057 | P51: 0.94488132 | Q51: 0.9352108 | R51: 0.94304512 | S51: 0.009670526
A52: BANDUNG万隆 | B52: Feri Malik | C52: 15 | D52: 0.96543779 | E52: 0.93584906 | F52: 0.9676512 | G52: 0.029588731 | H52: 0.96824406 | I52: 0.96703441 | J52: 0.97047601 | K52: 0.0012096456 | L52: 0.92459987 | M52: 0.92894668 | N52: 0.92996724 | O52: -0.0043468067 | P52: 0.94888107 | Q52: 0.92499707 | R52: 0.93925243 | S52: 0.023884005
A53: BANDUNG万隆 | B53: Hasby | C53: 17 | D53: 0.9877369 | E53: 0.99250375 | F53: 0.98978289 | G53: -0.0047668473 | H53: 0.98864165 | I53: 0.98971208 | J53: 0.9898366 | K53: -0.0010704313 | L53: 0.93966765 | M53: 0.94666714 | N53: 0.94121027 | O53: -0.0069994942 | P53: 0.96960567 | Q53: 0.95529788 | R53: 0.97344177 | S53: 0.01430778
A54: BANDUNG万隆 | B54: Hendri Eka | C54: 12 | D54: 0.94052863 | E54: 0.90144231 | F54: 0.92972973 | G54: 0.039086327 | H54: 0.98473313 | I54: 0.97858333 | J54: 0.97058467 | K54: 0.006149802 | L54: 0.88440228 | M54: 0.88641231 | N54: 0.873502 | O54: -0.0020100306 | P54: 0.94802884 | Q54: 0.92011978 | R54: 0.94571523 | S54: 0.027909064
A55: BANDUNG万隆 | B55: Nanang | C55: 28 | D55: 0.97156398 | E55: 0.95808383 | F55: 0.96167247 | G55: 0.013480149 | H55: 0.96655627 | I55: 0.97057269 | J55: 0.96903108 | K55: -0.0040164197 | L55: 0.90996472 | M55: 0.92787078 | N55: 0.92356844 | O55: -0.017906058 | P55: 0.96435145 | Q55: 0.9588324 | R55: 0.97395891 | S55: 0.0055190519
A56: BANDUNG万隆 | B56: Ryan | C56: 17 | D56: 0.98117386 | E56: 0.96907216 | F56: 0.96688742 | G56: 0.0121017 | H56: 0.97729677 | I56: 0.9594549 | J56: 0.96273237 | K56: 0.017841865 | L56: 0.9222394 | M56: 0.90234507 | N56: 0.90490179 | O56: 0.019894334 | P56: 0.96743351 | Q56: 0.94666454 | R56: 0.96119276 | S56: 0.020768961
A57: BANDUNG万隆 | B57: Sandi Almanto | C57: 19 | D57: 0.95592865 | E57: 0.94254279 | F57: 0.9540636 | G57: 0.013385859 | H57: 0.97451541 | I57: 0.98237023 | J57: 0.97301421 | K57: -0.0078548187 | L57: 0.91953047 | M57: 0.93535749 | N57: 0.93782779 | O57: -0.015827027 | P57: 0.9668257 | Q57: 0.96309433 | R57: 0.96210989 | S57: 0.0037313643
A58: BANDUNG万隆 | B58: Septian Nugraha | C58: 18 | D58: 0.95088819 | E58: 0.9244186 | F58: 0.93239796 | G58: 0.026469588 | H58: 0.9544306 | I58: 0.93092801 | J58: 0.92974631 | K58: 0.023502587 | L58: 0.91389327 | M58: 0.88735777 | N58: 0.89988613 | O58: 0.026535501 | P58: 0.95814507 | Q58: 0.94853068 | R58: 0.95305251 | S58: 0.0096143973
A59: BANDUNG万隆 | B59: Surya | C59: 22 | D59: 0.98596112 | E59: 0.97763158 | F59: 0.98463357 | G59: 0.0083295442 | H59: 0.98370763 | I59: 0.98143057 | J59: 0.98919974 | K59: 0.002277056 | L59: 0.91452278 | M59: 0.93667101 | N59: 0.93944936 | O59: -0.02214823 | P59: 0.95708833 | Q59: 0.94488313 | R59: 0.95770987 | S59: 0.012205195
A60: BANDUNG万隆 | B60: Tom | C60: 15 | D60: 0.90645161 | E60: 0.89397321 | F60: 0.87351779 | G60: 0.012478399 | H60: 0.9517867 | I60: 0.94579628 | J60: 0.94444444 | K60: 0.0059904179 | L60: 0.87043858 | M60: 0.89494772 | N60: 0.87936893 | O60: -0.024509134 | P60: 0.92861073 | Q60: 0.93003566 | R60: 0.93389213 | S60: -0.0014249313
... A70: SEMARANG三宝垄 | B70: KUKUH BARAT | C70: 31 | D70: 0.93958172 | E70: 0.89915074 | F70: 0.93445378 | G70: 0.040430976 | H70: 0.92534662 | I70: 0.94529039 | J70: 0.94961325 | K70: -0.01994377 | L70: 0.88362034 | M70: 0.90898801 | N70: 0.91288604 | O70: -0.025367672 | P70: 0.95332754 | Q70: 0.93886767 | R70: 0.96570072 | S70: 0.014459873
A71: SEMARANG三宝垄 | B71: - | C71: 8 | D71: - | E71: - | F71: - | G71: - | H71: - | I71: - | J71: - | K71: - | L71: - | M71: - | N71: - | O71: - | P71: - | Q71: - | R71: - | S71: -
A72: YOGYAKARTA日惹 | B72: Total Regional | C72: 156 | D72: 0.94287109 | E72: 0.91828255 | F72: 0.93385707 | G72: 0.024588545 | H72: 0.9422273 | I72: 0.94675136 | J72: 0.94449581 | K72: -0.0045240577 | L72: 0.90611242 | M72: 0.91777937 | N72: 0.9130395 | O72: -0.011666947 | P72: 0.95351325 | Q72: 0.94699608 | R72: 0.95426085 | S72: 0.0065171663
A73: YOGYAKARTA日惹 | B73: AGUS SULAEMAN | C73: 51 | D73: 0.92517007 | E73: 0.90525409 | F73: 0.92223095 | G73: 0.019915977 | H73: 0.92412299 | I73: 0.93073 | J73: 0.92184715 | K73: -0.0066070078 | L73: 0.90866485 | M73: 0.91394645 | N73: 0.91028826 | O73: -0.0052815922 | P73: 0.94726105 | Q73: 0.94138448 | R73: 0.94832462 | S73: 0.005876564
A74: YOGYAKARTA日惹 | B74: IMAM ARIEF BUDI SANTOSO | C74: 77 | D74: 0.94256957 | E74: 0.90082079 | F74: 0.91994917 | G74: 0.041748774 | H74: 0.9455616 | I74: 0.95133569 | J74: 0.9541228 | K74: -0.005774089 | L74: 0.90368244 | M74: 0.91650707 | N74: 0.90928951 | O74: -0.012824636 | P74: 0.95686264 | Q74: 0.94784954 | R74: 0.95663936 | S74: 0.0090130953
A75: YOGYAKARTA日惹 | B75: RIHFA RAFSANJANI | C75: 28 | D75: 0.96494465 | E75: 0.95947315 | F75: 0.96724295 | G75: 0.0054714985 | H75: 0.96225968 | I75: 0.95616978 | J75: 0.95575962 | K75: 0.0060899086 | L75: 0.90791031 | M75: 0.92290949 | N75: 0.92245493 | O75: -0.014999179 | P75: 0.95524603 | Q75: 0.95156658 | R75: 0.9576318 | S75: 0.0036794417
A76: SURABAYA泗水 | B76: Total Regional | C76: 367 | D76: 0.94926659 | E76: 0.9345172 | F76: 0.93937148 | G76: 0.014749383 | H76: 0.96243544 | I76: 0.97024548 | J76: 0.96722773 | K76: -0.0078100443 | L76: 0.89332628 | M76: 0.90733857 | N76: 0.90075538 | O76: -0.014012292 | P76: 0.95642038 | Q76: 0.95308334 | R76: 0.96107076 | S76: 0.0033370388
A77: SURABAYA泗水 | B77: ARIF SAIFUDDIN | C77: 20 | D77: 0.9683313 | E77: 0.95145631 | F77: 0.95225806 | G77: 0.016874993 | H77: 0.97488094 | I77: 0.97667959 | J77: 0.97406568 | K77: -0.0017986489 | L77: 0.91300557 | M77: 0.91908605 | N77: 0.93163371 | O77: -0.0060804826 | P77: 0.96783421 | Q77: 0.96590607 | R77: 0.97388804 | S77: 0.0019281341
A78: SURABAYA泗水 | B78: HABIBI BAITULLAH | C78: 26 | D78: 0.91991101 | E78: 0.92339261 | F78: 0.9252218 | G78: -0.0034816006 | H78: 0.95815777 | I78: 0.97429431 | J78: 0.96841098 | K78: -0.016136541 | L78: 0.92071227 | M78: 0.93053712 | N78: 0.93550809 | O78: -0.0098248501 | P78: 0.94695106 | Q78: 0.92540349 | R78: 0.93168043 | S78: 0.021547568
A79: SURABAYA泗水 | B79: FEBRIA AD ARISYA | C79: 21 | D79: 0.9222973 | E79: 0.87959442 | F79: 0.8877551 | G79: 0.042702874 | H79: 0.96046411 | I79: 0.97521195 | J79: 0.97386308 | K79: -0.014747843 | L79: 0.84242704 | M79: 0.87660133 | N79: 0.85613894 | O79: -0.034174287 | P79: 0.93011344 | Q79: 0.93840738 | R79: 0.95223352 | S79: -0.0082939386
A80: SURABAYA泗水 | B80: HASBUL SUBAHRI | C80: 16 | D80: 0.93396226 | E80: 0.91152815 | F80: 0.92865929 | G80: 0.022434114 | H80: 0.91768239 | I80: 0.93128143 | J80: 0.90742102 | K80: -0.013599039 | L80: 0.68570782 | M80: 0.74469251 | N80: 0.69243727 | O80: -0.058984684 | P80: 0.89322328 | Q80: 0.88391931 | R80: 0.89096232 | S80: 0.0093039647
A81: SURABAYA泗水 | B81: FERRY DIAN MARTIN | C81: 24 | D81: 0.9606609 | E81: 0.92899408 | F81: 0.96741155 | G81: 0.031666814 | H81: 0.96070607 | I81: 0.97354033 | J81: 0.97628025 | K81: -0.012834268 | L81: 0.90540576 | M81: 0.91776604 | N81: 0.91610191 | O81: -0.012360283 | P81: 0.96804045 | Q81: 0.9667818 | R81: 0.97473722 | S81: 0.0012586465
A82: SURABAYA泗水 | B82: ABDURROZAQ | C82: 20 | D82: 0.96345515 | E82: 0.94615385 | F82: 0.96 | G82: 0.017301303 | H82: 0.96010825 | I82: 0.97119427 | J82: 0.97448204 | K82: -0.011086013 | L82: 0.92387083 | M82: 0.93746124 | N82: 0.93753715 | O82: -0.013590407 | P82: 0.96449875 | Q82: 0.95927296 | R82: 0.97533675 | S82: 0.0052257984
A83: SURABAYA泗水 | B83: DHENI ULVA SUJATMIKO | C83: 11 | D83: 0.94896332 | E83: 0.94291755 | F83: 0.94784173 | G83: 0.0060457698 | H83: 0.95924857 | I83: 0.96380487 | J83: 0.96261047 | K83: -0.0045563024 | L83: 0.92375793 | M83: 0.92776231 | N83: 0.94095727 | O83: -0.0040043843 | P83: 0.95781605 | Q83: 0.96293361 | R83: 0.97274656 | S83: -0.0051175551
... A95: SURABAYA泗水 | B95: SRI OKYK WIDIAWATI | C95: 11 | D95: 0.94912281 | E95: 0.9439834 | F95: 0.93008475 | G95: 0.0051394045 | H95: 0.97198338 | I95: 0.96688565 | J95: 0.97310649 | K95: 0.0050977326 | L95: 0.93380508 | M95: 0.93254908 | N95: 0.93845902 | O95: 0.0012559972 | P95: 0.96297116 | Q95: 0.95783311 | R95: 0.95942842 | S95: 0.0051380588
A96: SURABAYA泗水 | B96: - | C96: 2 | D96: - | E96: - | F96: - | G96: - | H96: - | I96: - | J96: - | K96: - | L96: - | M96: - | N96: - | O96: - | P96: - | Q96: - | R96: - | S96: -
A97: BALI巴厘 | B97: Total Regional | C97: 259 | D97: 0.93191784 | E97: 0.93726679 | F97: 0.93865873 | G97: -0.0053489512 | H97: 0.94239074 | I97: 0.9414918 | J97: 0.93546354 | K97: 0.00089893753 | L97: 0.85378422 | M97: 0.84411568 | N97: 0.82032079 | O97: 0.0096685487 | P97: 0.91472868 | Q97: 0.92431611 | R97: 0.93274362 | S97: -0.0095874281
A98: BALI巴厘 | B98: Ika Elfiera Sinaga | C98: 66 | D98: 0.97878788 | E98: 0.96769231 | F98: 0.9770291 | G98: 0.011095571 | H98: 0.88420374 | I98: 0.91179074 | J98: 0.89924744 | K98: -0.027587005 | L98: 0.8453256 | M98: 0.82690812 | N98: 0.79987919 | O98: 0.018417481 | P98: 0.9230331 | Q98: 0.9252153 | R98: 0.92881035 | S98: -0.0021822012
A99: BALI巴厘 | B99: I Nyoman Andika Indrananta,S.E.,M.M | C99: 36 | D99: 0.98496241 | E99: 0.9760101 | F99: 0.97972117 | G99: 0.008952305 | H99: 0.97316363 | I99: 0.97344643 | J99: 0.96381459 | K99: -0.00028280934 | L99: 0.85615703 | M99: 0.86624278 | N99: 0.84921007 | O99: -0.010085748 | P99: 0.93921285 | Q99: 0.94853846 | R99: 0.9543449 | S99: -0.0093256156
A100: BALI巴厘 | B100: Ida I Dewa Agung Santawya | C100: 30 | D100: 0.96461825 | E100: 0.97402597 | F100: 0.98698885 | G100: -0.0094077245 | H100: 0.94577057 | I100: 0.93606218 | J100: 0.92302529 | K100: 0.0097083876 | L100: 0.88370378 | M100: 0.87860798 | N100: 0.86180585 | O100: 0.0050958061 | P100: 0.94022019 | Q100: 0.94376813 | R100: 0.95032538 | S100: -0.0035479397
A101: BALI巴厘 | B101: Komang Astra Putra Gunawan | C101: 25 | D101: 0.9048474 | E101: 0.92696629 | F101: 0.90036232 | G101: -0.022118895 | H101: 0.91047936 | I101: 0.9235051 | J101: 0.9121542 | K101: -0.013025739 | L101: 0.8453681 | M101: 0.85065192 | N101: 0.82547033 | O101: -0.0052838225 | P101: 0.92992714 | Q101: 0.92992798 | R101: 0.93200459 | S101: -8.3312513e-07
A102: BALI巴厘 | B102: Blue | C102: 38 | D102: 0.95581897 | E102: 0.96020942 | F102: 0.95365602 | G102: -0.0043904586 | H102: 0.96396586 | I102: 0.94914914 | J102: 0.95106986 | K102: 0.014816718 | L102: 0.8468266 | M102: 0.80457808 | N102: 0.7769342 | O102: 0.042248519 | P102: 0.9182379 | Q102: 0.93249266 | R102: 0.94437484 | S102: -0.014254755
A103: BALI巴厘 | B103: Prisilia Nansiana Akong | C103: 30 | D103: 0.775 | E103: 0.81440443 | F103: 0.83658537 | G103: -0.039404432 | H103: 0.92436858 | I103: 0.93192097 | J103: 0.92584953 | K103: -0.0075523895 | L103: 0.77671385 | M103: 0.85836706 | N103: 0.78514819 | O103: -0.081653206 | P103: 0.8254417 | Q103: 0.88253968 | R103: 0.87114846 | S103: -0.057097986
A104: BALI巴厘 | B104: Hujjatul Islam | C104: 31 | D104: 0.85430464 | E104: 0.84463895 | F104: 0.86184211 | G104: 0.0096656861 | H104: 0.95356895 | I104: 0.89339356 | J104: 0.93744361 | K104: 0.060175391 | L104: 0.87162162 | M104: 0.8554489 | N104: 0.88090226 | O104: 0.016172723 | P104: 0.82642947 | Q104: 0.83846173 | R104: 0.84507186 | S104: -0.012032257
A106: Catatan: Pencapaian RM = SUM(angka pencapaian DP/CP yang di-handle RM) / SUM(total DP/CP yang di-handle RM), berdasarkan kolom RM & Regional di sheet Display. "-" = tidak ada data. Target diambil dari sheet Display.

Sheet RM Pencapaian Mingguan
A1: ="网管-RM达成率 (周) "&TEXT('[12]Display Absensi 630'!$AJ$6,"DD MMM")&" - "&TEXT('[12]Display Absensi 630'!$AJ$5,"DD MMM YYYY")&CHAR(10)&"NM-Pencapaian RM Mingguan berdasarkan DP/CP yang di-handle" -> 网管-RM达成率 (周) 17 Sep - 23 Sep 2026 NM-Pencapaian RM Mingguan berdasarkan DP/CP yang di-handle
A2: 代理区 Regional | B2: RM | C2: Jumlah DP/CP | D2: RM打卡准点周度率 Absensi 6.30 Tepat Waktu | G2: 0730出仓周度率 Keluar Gudang 0730 | J2: 1200前签收周度率 TTD Sebelum 1200 | M2: 全天签收周度率 TTD All Ritase
D3: =TEXT('Display Absensi 630'!$AJ$6,"dd mmm")&" - "&TEXT('Display Absensi 630'!$AJ$5,"dd mmm") -> 17 Sep - 23 Sep | E3: =TEXT('Display Absensi 630'!$AK$6,"dd mmm")&" - "&TEXT('Display Absensi 630'!$AK$5,"dd mmm") -> 10 Sep - 16 Sep | F3: 对比上周 vs Minggu Lalu | G3: =TEXT('Display 730 & 1200'!$AM$10,"dd mmm")&" - "&TEXT('Display 730 & 1200'!$AM$9,"dd mmm") -> 17 Sep - 23 Sep | H3: =TEXT('Display 730 & 1200'!$AM$12,"dd mmm")&" - "&TEXT('Display 730 & 1200'!$AM$11,"dd mmm") -> 10 Sep - 16 Sep | I3: 对比上周 vs Minggu Lalu | J3: =TEXT('Display 730 & 1200'!$AM$10,"dd mmm")&" - "&TEXT('Display 730 & 1200'!$AM$9,"dd mmm") -> 17 Sep - 23 Sep | K3: =TEXT('Display 730 & 1200'!$AM$12,"dd mmm")&" - "&TEXT('Display 730 & 1200'!$AM$11,"dd mmm") -> 10 Sep - 16 Sep | L3: 对比上周 vs Minggu Lalu | M3: =TEXT('Display Ritase Keseluruhan'!$AG$10,"dd mmm")&" - "&TEXT('Display Ritase Keseluruhan'!$AG$9,"dd mmm") -> 17 Sep - 23 Sep | N3: =TEXT('Display Ritase Keseluruhan'!$AG$12,"dd mmm")&" - "&TEXT('Display Ritase Keseluruhan'!$AG$11,"dd mmm") -> 10 Sep - 16 Sep | O3: 对比上周 vs Minggu Lalu
A4: 目标值 Target | D4: 0.9 | E4: 0.9 | G4: 0.9 | H4: 0.9 | J4: 0.9 | K4: 0.9 | M4: 0.93 | N4: 0.93
A5: TOTAL JAWA-BALI | C5: 1706 | D5: 0.93741211 | E5: 0.9370362 | F5: 0.00037590883 | G5: 0.95641697 | H5: 0.95003314 | I5: 0.0063838309 | J5: 0.89842823 | K5: 0.89233276 | L5: 0.0060954719 | M5: 0.9577734 | N5: 0.96101423 | O5: -0.0032408288
A6: JAKARTA雅加达 | B6: Total Regional | C6: 110 | D6: 0.92918791 | E6: 0.93469046 | F6: -0.0055025505 | G6: 0.95339392 | H6: 0.95199027 | I6: 0.0014036559 | J6: 0.85376851 | K6: 0.83275859 | L6: 0.021009921 | M6: 0.95492213 | N6: 0.95831286 | O6: -0.0033907343
A7: JAKARTA雅加达 | B7: AGISTA PRIYANTONO | C7: 11 | D7: 0.92720764 | E7: 0.92416392 | F7: 0.0030437182 | G7: 0.94524853 | H7: 0.95181147 | I7: -0.0065629343 | J7: 0.88561902 | K7: 0.86153578 | L7: 0.02408324 | M7: 0.97105436 | N7: 0.97359753 | O7: -0.00254317
A8: JAKARTA雅加达 | B8: ANDI PRASETIYO | C8: 7 | D8: 0.92653779 | E8: 0.93054596 | F8: -0.0040081716 | G8: 0.97917517 | H8: 0.96417935 | I8: 0.01499582 | J8: 0.84285326 | K8: 0.83360589 | L8: 0.0092473656 | M8: 0.93796867 | N8: 0.9437734 | O8: -0.0058047292
A9: JAKARTA雅加达 | B9: ARIS YULIANTO | C9: 11 | D9: 0.91769802 | E9: 0.92165992 | F9: -0.0039618992 | G9: 0.93514928 | H9: 0.89961545 | I9: 0.035533839 | J9: 0.796422 | K9: 0.75556817 | L9: 0.040853834 | M9: 0.9509087 | N9: 0.95702572 | O9: -0.0061170143
A10: JAKARTA雅加达 | B10: JHOSVANDO ANANG WINARTO | C10: 10 | D10: 0.94298375 | E10: 0.94094037 | F10: 0.0020433849 | G10: 0.95340237 | H10: 0.95033583 | I10: 0.0030665401 | J10: 0.86048589 | K10: 0.83858777 | L10: 0.021898125 | M10: 0.95194649 | N10: 0.9526456 | O10: -0.00069911609
A11: JAKARTA雅加达 | B11: DIFA HERDIANSAH MUNABARI | C11: 14 | D11: 0.95506711 | E11: 0.96313017 | F11: -0.0080630655 | G11: 0.98392031 | H11: 0.98369624 | I11: 0.0002240615 | J11: 0.86800722 | K11: 0.86364579 | L11: 0.0043614315 | M11: 0.95827788 | N11: 0.96665971 | O11: -0.008381827
A12: JAKARTA雅加达 | B12: I MADE DWI PU DJAWARDANA | C12: 13 | D12: 0.88259346 | E12: 0.8989377 | F12: -0.016344239 | G12: 0.92245997 | H12: 0.94024305 | I12: -0.017783083 | J12: 0.86806848 | K12: 0.83973655 | L12: 0.028331931 | M12: 0.95187738 | N12: 0.95447414 | O12: -0.0025967593
A13: JAKARTA雅加达 | B13: MUHAMMAD BANDI BANDANUJI | C13: 13 | D13: 0.94892748 | E13: 0.95340681 | F13: -0.0044793366 | G13: 0.96991612 | H13: 0.97239026 | I13: -0.0024741335 | J13: 0.89362629 | K13: 0.87695784 | L13: 0.016668448 | M13: 0.95608287 | N13: 0.95727435 | O13: -0.0011914774
A14: JAKARTA雅加达 | B14: BIMO WIRA ANGGORO | C14: 10 | D14: 0.94784915 | E14: 0.93492658 | F14: 0.012922569 | G14: 0.96676891 | H14: 0.96711973 | I14: -0.0003508144 | J14: 0.84313658 | K14: 0.82382756 | L14: 0.019309018 | M14: 0.95630137 | N14: 0.95955203 | O14: -0.0032506513
A15: JAKARTA雅加达 | B15: SAMSUL MAARIF | C15: 12 | D15: 0.93153864 | E15: 0.94196729 | F15: -0.010428647 | G15: 0.97046876 | H15: 0.97299635 | I15: -0.0025275886 | J15: 0.85176108 | K15: 0.83655584 | L15: 0.015205232 | M15: 0.95448014 | N15: 0.95871326 | O15: -0.004233118
A16: JAKARTA雅加达 | B16: SIDIQ HASPARI | C16: 9 | D16: 0.90536655 | E16: 0.92641906 | F16: -0.021052506 | G16: 0.92663257 | H16: 0.92791808 | I16: -0.0012855067 | J16: 0.82719663 | K16: 0.80444634 | L16: 0.02275029 | M16: 0.95203124 | N16: 0.95123303 | O16: 0.00079820785
A17: TANGERANG唐格朗 | B17: Total Regional | C17: 108 | D17: 0.95935824 | E17: 0.95673733 | F17: 0.0026209088 | G17: 0.94570347 | H17: 0.93181572 | I17: 0.01388775 | J17: 0.92070559 | K17: 0.91023278 | L17: 0.010472815 | M17: 0.96882732 | N17: 0.97096448 | O17: -0.0021371529
... A47: BANDUNG万隆 | B47: Deden Ery Riswandi | C47: 12 | D47: 0.87740385 | E47: 0.87983176 | F47: -0.0024279183 | G47: 0.94086098 | H47: 0.93336161 | I47: 0.0074993719 | J47: 0.7427326 | K47: 0.72703221 | L47: 0.015700384 | M47: 0.89783738 | N47: 0.90652273 | O47: -0.0086853484
A48: BANDUNG万隆 | B48: Dedy | C48: 1 | D48: - | E48: - | F48: - | G48: 1 | H48: 1 | I48: 0 | J48: 0.9673913 | K48: 1 | L48: -0.032608696 | M48: 0.99056604 | N48: 1 | O48: -0.0094339623
A49: BANDUNG万隆 | B49: Didi | C49: 24 | D49: 0.95727745 | E49: 0.95558437 | F49: 0.0016930794 | G49: 0.96861978 | H49: 0.97396159 | I49: -0.0053418158 | J49: 0.89515271 | K49: 0.88515919 | L49: 0.0099935189 | M49: 0.94343731 | N49: 0.9547067 | O49: -0.011269392
A50: BANDUNG万隆 | B50: Edo Rudiana | C50: 18 | D50: 0.97258038 | E50: 0.97489802 | F50: -0.0023176413 | G50: 0.96929889 | H50: 0.96027094 | I50: 0.009027956 | J50: 0.94166616 | K50: 0.93507704 | L50: 0.0065891225 | M50: 0.96576237 | N50: 0.96417363 | O50: 0.0015887366
A51: BANDUNG万隆 | B51: Eki Rizqiana Pahlevi | C51: 20 | D51: 0.90694345 | E51: 0.90158549 | F51: 0.0053579625 | G51: 0.96088133 | H51: 0.95588988 | I51: 0.0049914489 | J51: 0.87938699 | K51: 0.88008263 | L51: -0.00069564279 | M51: 0.94452108 | N51: 0.94510074 | O51: -0.0005796554
A52: BANDUNG万隆 | B52: Feri Malik | C52: 15 | D52: 0.96109227 | E52: 0.96024955 | F52: 0.00084271763 | G52: 0.97003655 | H52: 0.97705033 | I52: -0.0070137739 | J52: 0.93083838 | K52: 0.93429951 | L52: -0.0034611301 | M52: 0.93979479 | N52: 0.95957032 | O52: -0.019775533
A53: BANDUNG万隆 | B53: Hasby | C53: 17 | D53: 0.98908375 | E53: 0.98738675 | F53: 0.0016970037 | G53: 0.98921395 | H53: 0.98685038 | I53: 0.0023635731 | J53: 0.94327188 | K53: 0.93974449 | L53: 0.0035273833 | M53: 0.97002588 | N53: 0.97102768 | O53: -0.0010017958
A54: BANDUNG万隆 | B54: Hendri Eka | C54: 12 | D54: 0.92733564 | E54: 0.92410256 | F54: 0.003233076 | G54: 0.98092567 | H54: 0.98104838 | I54: -0.00012270813 | J54: 0.88867448 | K54: 0.89555594 | L54: -0.00688146 | M54: 0.94244448 | N54: 0.94745775 | O54: -0.0050132731
A55: BANDUNG万隆 | B55: Nanang | C55: 28 | D55: 0.96806167 | E55: 0.96142891 | F55: 0.0066327635 | G55: 0.97104914 | H55: 0.9663074 | I55: 0.004741737 | J55: 0.92406359 | K55: 0.92543251 | L55: -0.0013689159 | M55: 0.97196886 | N55: 0.97488322 | O55: -0.0029143582
A56: BANDUNG万隆 | B56: Ryan | C56: 17 | D56: 0.96820657 | E56: 0.96687225 | F56: 0.0013343228 | G56: 0.97090857 | H56: 0.96735182 | I56: 0.0035567468 | J56: 0.92149955 | K56: 0.91284121 | L56: 0.0086583461 | M56: 0.96065499 | N56: 0.96406979 | O56: -0.0034147981
A57: BANDUNG万隆 | B57: Sandi Almanto | C57: 19 | D57: 0.95294886 | E57: 0.9534186 | F57: -0.00046973641 | G57: 0.97156675 | H57: 0.96844859 | I57: 0.0031181593 | J57: 0.93177965 | K57: 0.93367385 | L57: -0.0018941997 | M57: 0.96791533 | N57: 0.97592969 | O57: -0.0080143653
A58: BANDUNG万隆 | B58: Septian Nugraha | C58: 18 | D58: 0.94210267 | E58: 0.93857374 | F58: 0.0035289295 | G58: 0.94220221 | H58: 0.94554336 | I58: -0.0033411501 | J58: 0.91062438 | K58: 0.91772209 | L58: -0.0070977151 | M58: 0.95553893 | N58: 0.95815827 | O58: -0.0026193393
A59: BANDUNG万隆 | B59: Surya | C59: 22 | D59: 0.98282188 | E59: 0.97881078 | F59: 0.004011106 | G59: 0.98643586 | H59: 0.98591265 | I59: 0.00052321481 | J59: 0.93105825 | K59: 0.92889536 | L59: 0.002162892 | M59: 0.95961606 | N59: 0.9626103 | O59: -0.0029942382
A60: BANDUNG万隆 | B60: Tom | C60: 15 | D60: 0.88220509 | E60: 0.88208169 | F60: 0.0001234074 | G60: 0.95813873 | H60: 0.95419578 | I60: 0.0039429546 | J60: 0.88817066 | K60: 0.89062978 | L60: -0.0024591156 | M60: 0.93634885 | N60: 0.94657538 | O60: -0.010226525
... A70: SEMARANG三宝垄 | B70: KUKUH BARAT | C70: 31 | D70: 0.92790613 | E70: 0.92289582 | F70: 0.0050103117 | G70: 0.941959 | H70: 0.9245058 | I70: 0.017453199 | J70: 0.90724062 | K70: 0.89922393 | L70: 0.0080166899 | M70: 0.95823914 | N70: 0.96354554 | O70: -0.0053063999
A71: SEMARANG三宝垄 | B71: - | C71: 8 | D71: - | E71: - | F71: - | G71: - | H71: - | I71: - | J71: - | K71: - | L71: - | M71: - | N71: - | O71: -
A72: YOGYAKARTA日惹 | B72: Total Regional | C72: 156 | D72: 0.92828018 | E72: 0.9282331 | F72: 4.7081679e-05 | G72: 0.94255861 | H72: 0.93586585 | I72: 0.0066927669 | J72: 0.91046088 | K72: 0.90269411 | L72: 0.0077667767 | M72: 0.95246143 | N72: 0.95342068 | O72: -0.00095924912
A73: YOGYAKARTA日惹 | B73: AGUS SULAEMAN | C73: 51 | D73: 0.91596829 | E73: 0.92015504 | F73: -0.0041867488 | G73: 0.92313635 | H73: 0.91705536 | I73: 0.0060809893 | J73: 0.90983547 | K73: 0.90308008 | L73: 0.0067553965 | M73: 0.94588002 | N73: 0.94431326 | O73: 0.0015667537
A74: YOGYAKARTA日惹 | B74: IMAM ARIEF BUDI SANTOSO | C74: 77 | D74: 0.91545981 | E74: 0.91514558 | F74: 0.00031423253 | G74: 0.94823636 | H74: 0.93921315 | I74: 0.0090232075 | J74: 0.90632213 | K74: 0.89492325 | L74: 0.011398874 | M74: 0.95406235 | N74: 0.9562256 | O74: -0.0021632579
A75: YOGYAKARTA日惹 | B75: RIHFA RAFSANJANI | C75: 28 | D75: 0.96126482 | E75: 0.95714474 | F75: 0.004120087 | G75: 0.9561367 | H75: 0.95326368 | I75: 0.0028730254 | J75: 0.91815958 | K75: 0.91564124 | L75: 0.0025183437 | M75: 0.95787245 | N75: 0.96015695 | O75: -0.0022845002
A76: SURABAYA泗水 | B76: Total Regional | C76: 367 | D76: 0.94148832 | E76: 0.94284086 | F76: -0.0013525407 | G76: 0.96408809 | H76: 0.95585285 | I76: 0.0082352377 | J76: 0.90053139 | K76: 0.89548722 | L76: 0.0050441712 | M76: 0.96101361 | N76: 0.96511657 | O76: -0.0041029559
A77: SURABAYA泗水 | B77: ARIF SAIFUDDIN | C77: 20 | D77: 0.95795742 | E77: 0.95725735 | F77: 0.0007000697 | G77: 0.97410755 | H77: 0.97390627 | I77: 0.00020128286 | J77: 0.92498428 | K77: 0.93122363 | L77: -0.0062393477 | M77: 0.97271314 | N77: 0.97634705 | O77: -0.0036339049
A78: SURABAYA泗水 | B78: HABIBI BAITULLAH | C78: 26 | D78: 0.9247071 | E78: 0.93233594 | F78: -0.0076288416 | G78: 0.96226721 | H78: 0.94278487 | I78: 0.019482345 | J78: 0.930066 | K78: 0.92064058 | L78: 0.0094254146 | M78: 0.93755361 | N78: 0.94391349 | O78: -0.0063598748
A79: SURABAYA泗水 | B79: FEBRIA AD ARISYA | C79: 21 | D79: 0.89498612 | E79: 0.88265802 | F79: 0.012328095 | G79: 0.95832113 | H79: 0.94046837 | I79: 0.017852761 | J79: 0.84489666 | K79: 0.8260035 | L79: 0.018893153 | M79: 0.94749335 | N79: 0.95103212 | O79: -0.0035387642
A80: SURABAYA泗水 | B80: HASBUL SUBAHRI | C80: 16 | D80: 0.92872045 | E80: 0.92447552 | F80: 0.0042449206 | G80: 0.91666921 | H80: 0.90124944 | I80: 0.015419779 | J80: 0.70312619 | K80: 0.69120112 | L80: 0.011925075 | M80: 0.90485561 | N80: 0.91570321 | O80: -0.010847602
A81: SURABAYA泗水 | B81: FERRY DIAN MARTIN | C81: 24 | D81: 0.9582967 | E81: 0.965 | F81: -0.0067033036 | G81: 0.96743046 | H81: 0.96741715 | I81: 1.3308288e-05 | J81: 0.91346925 | K81: 0.91213253 | L81: 0.0013367234 | M81: 0.97256738 | N81: 0.97648215 | O81: -0.0039147712
A82: SURABAYA泗水 | B82: ABDURROZAQ | C82: 20 | D82: 0.95616771 | E82: 0.95121951 | F82: 0.004948194 | G82: 0.96901156 | H82: 0.96838852 | I82: 0.000623041 | J82: 0.93476226 | K82: 0.93753617 | L82: -0.0027739089 | M82: 0.97020741 | N82: 0.97463123 | O82: -0.0044238235
A83: SURABAYA泗水 | B83: DHENI ULVA SUJATMIKO | C83: 11 | D83: 0.94157136 | E83: 0.94727723 | F83: -0.0057058702 | G83: 0.96724121 | H83: 0.96278762 | I83: 0.0044535929 | J83: 0.93582548 | K83: 0.93310743 | L83: 0.0027180467 | M83: 0.97082409 | N83: 0.97521647 | O83: -0.0043923772
... A95: SURABAYA泗水 | B95: SRI OKYK WIDIAWATI | C95: 11 | D95: 0.93934335 | E95: 0.93538713 | F95: 0.0039562181 | G95: 0.97123242 | H95: 0.959633 | I95: 0.011599428 | J95: 0.93863145 | K95: 0.93235232 | L95: 0.0062791262 | M95: 0.9641428 | N95: 0.96802247 | O95: -0.0038796761
A96: SURABAYA泗水 | B96: - | C96: 2 | D96: - | E96: - | F96: - | G96: - | H96: - | I96: - | J96: - | K96: - | L96: - | M96: - | N96: - | O96: -
A97: BALI巴厘 | B97: Total Regional | C97: 259 | D97: 0.93401725 | E97: 0.93144377 | F97: 0.0025734798 | G97: 0.94016744 | H97: 0.93598042 | I97: 0.0041870248 | J97: 0.84197408 | K97: 0.83929609 | L97: 0.0026779911 | M97: 0.92874084 | N97: 0.92981452 | O97: -0.0010736704
A98: BALI巴厘 | B98: Ika Elfiera Sinaga | C98: 66 | D98: 0.97412649 | E98: 0.9647776 | F98: 0.0093488905 | G98: 0.9090019 | H98: 0.91460292 | I98: -0.0056010208 | J98: 0.8098347 | K98: 0.82239173 | L98: -0.012557036 | M98: 0.92474713 | N98: 0.91857173 | O98: 0.0061754018
A99: BALI巴厘 | B99: I Nyoman Andika Indrananta,S.E.,M.M | C99: 36 | D99: 0.97758177 | E99: 0.97416214 | F99: 0.0034196295 | G99: 0.96668695 | H99: 0.95795186 | I99: 0.0087350971 | J99: 0.860308 | K99: 0.85542211 | L99: 0.0048858829 | M99: 0.95172469 | N99: 0.9520996 | O99: -0.00037491806
A100: BALI巴厘 | B100: Ida I Dewa Agung Santawya | C100: 30 | D100: 0.97224425 | E100: 0.9603153 | F100: 0.011928948 | G100: 0.93675925 | H100: 0.92413297 | I100: 0.01262628 | J100: 0.88250613 | K100: 0.86968713 | L100: 0.012819004 | M100: 0.95152994 | N100: 0.94747577 | O100: 0.0040541715
A101: BALI巴厘 | B101: Komang Astra Putra Gunawan | C101: 25 | D101: 0.91366719 | E101: 0.9072302 | F101: 0.0064369916 | G101: 0.92141155 | H101: 0.91848158 | I101: 0.0029299658 | J101: 0.84952838 | K101: 0.85730905 | L101: -0.0077806782 | M101: 0.93941724 | N101: 0.94471806 | O101: -0.0053008207
A102: BALI巴厘 | B102: Blue | C102: 38 | D102: 0.95732167 | E102: 0.95005395 | F102: 0.0072677169 | G102: 0.95191068 | H102: 0.94982415 | I102: 0.0020865312 | J102: 0.81108987 | K102: 0.79645656 | L102: 0.014633314 | M102: 0.93454104 | N102: 0.94085105 | O102: -0.0063100119
A103: BALI巴厘 | B103: Prisilia Nansiana Akong | C103: 30 | D103: 0.79096678 | E103: 0.8306962 | F103: -0.039729424 | G103: 0.93240573 | H103: 0.89700021 | I103: 0.035405527 | J103: 0.81074803 | K103: 0.80610122 | L103: 0.0046468061 | M103: 0.88013024 | N103: 0.82263417 | O103: 0.057496069
A104: BALI巴厘 | B104: Hujjatul Islam | C104: 31 | D104: 0.85217114 | E104: 0.84836728 | F104: 0.0038038557 | G104: 0.92263543 | H104: 0.96244702 | I104: -0.039811586 | J104: 0.87806083 | K104: 0.91348022 | L104: -0.035419391 | M104: 0.85074971 | N104: 0.87130747 | O104: -0.020557757
A105: BALI巴厘 | B105: - | C105: 3 | D105: - | E105: - | F105: - | G105: 0 | H105: 0 | I105: 0 | J105: 0.79310345 | K105: 0.74074074 | L105: 0.052362708 | M105: 0.78947368 | N105: 0.848 | O105: -0.058526316
A107: Catatan: Pencapaian RM = SUM(angka pencapaian DP/CP yang di-handle RM) / SUM(total DP/CP yang di-handle RM), berdasarkan kolom RM & Regional di sheet Display. "-" = tidak ada data. Target diambil dari sheet Display.

Sheet RM Pencapaian Bulanan
A1: ="网管-RM达成率 (月累计) "&TEXT('Display Absensi 630'!$AJ$8,"DD MMM")&" - "&TEXT('Display Absensi 630'!$T$3,"DD MMM YYYY")&CHAR(10)&"NM-Pencapaian RM Bulanan berdasarkan DP/CP yang di-handle" -> 网管-RM达成率 (月累计) 01 Sep - 23 Sep 2026 NM-Pencapaian RM Bulanan berdasarkan DP/CP yang di-handle
A2: 代理区 Regional | B2: RM | C2: Jumlah DP/CP | D2: RM月累计打卡准点率 Absensi 6.30 Tepat Waktu | G2: 0730出仓率 月累计 Keluar Gudang 0730 | J2: 1200前签收率 月累计 TTD Sebelum 1200 | M2: 全天签收率 月累计 TTD All Ritase
D3: 总人数 Total Orang | E3: 准点打卡 Tepat Waktu | F3: 月累计 Persentase | G3: Rit-1应签收 Seharusnya | H3: 0730出仓 Keluar 0730 | I3: 月累计 Persentase | J3: Rit-1应签收 Seharusnya | K3: 1200前签收 TTD <1200 | L3: 月累计 Persentase | M3: 应签收 Seharusnya | N3: 已签收 TTD | O3: 月累计 Persentase
A4: 目标值 Target | F4: 0.9 | I4: 0.9 | L4: 0.9 | O4: 0.93
A5: TOTAL JAWA-BALI | C5: 1706 | D5: 1488065 | E5: 1395410 | F5: 0.93773457 | G5: 95468418 | H5: 90981988 | I5: 0.95300613 | J5: 95468418 | K5: 85310775 | L5: 0.89360206 | M5: 149477720 | N5: 143465114 | O5: 0.95977591
A6: JAKARTA雅加达 | B6: Total Regional | C6: 110 | D6: 132344 | E6: 123385 | F6: 0.9323052 | G6: 8656410 | H6: 8242223 | I6: 0.95215257 | J6: 8656410 | K6: 7212198 | L6: 0.83316271 | M6: 14627729 | N6: 13986839 | O6: 0.95618664
A7: JAKARTA雅加达 | B7: AGISTA PRIYANTONO | C7: 11 | D7: 13779 | E7: 12759 | F7: 0.92597431 | G7: 1061997 | H7: 1006301 | I7: 0.94755541 | J7: 1061997 | K7: 913348 | L7: 0.86002879 | M7: 1731779 | N7: 1682727 | O7: 0.97167537
A8: JAKARTA雅加达 | B8: ANDI PRASETIYO | C8: 7 | D8: 9490 | E8: 8815 | F8: 0.9288725 | G8: 600726 | H8: 583911 | I8: 0.97200887 | J8: 600726 | K8: 499466 | L8: 0.83143729 | M8: 1026349 | N8: 966471 | O8: 0.94165922
A9: JAKARTA雅加达 | B9: ARIS YULIANTO | C9: 11 | D9: 16171 | E9: 14896 | F9: 0.92115515 | G9: 963811 | H9: 885963 | I9: 0.91922898 | J9: 963811 | K9: 737523 | L9: 0.76521538 | M9: 1613346 | N9: 1539339 | O9: 0.95412825
A10: JAKARTA雅加达 | B10: JHOSVANDO ANANG WINARTO | C10: 10 | D10: 11382 | E10: 10753 | F10: 0.9447373 | G10: 643903 | H10: 612419 | I10: 0.95110444 | J10: 643903 | K10: 545356 | L10: 0.84695366 | M10: 1091991 | N10: 1041240 | O10: 0.95352434
A11: JAKARTA雅加达 | B11: DIFA HERDIANSAH MUNABARI | C11: 14 | D11: 17243 | E11: 16469 | F11: 0.95511222 | G11: 914926 | H11: 899299 | I11: 0.98291993 | J11: 914926 | K11: 788992 | L11: 0.86235608 | M11: 1568007 | N11: 1510137 | O11: 0.96309328
A12: JAKARTA雅加达 | B12: I MADE DWI PU DJAWARDANA | C12: 13 | D12: 11404 | E12: 10194 | F12: 0.89389688 | G12: 885314 | H12: 827063 | I12: 0.93420301 | J12: 885314 | K12: 742318 | L12: 0.83847991 | M12: 1476540 | N12: 1404201 | O12: 0.95100776
A13: JAKARTA雅加达 | B13: MUHAMMAD BANDI BANDANUJI | C13: 13 | D13: 13119 | E13: 12521 | F13: 0.95441726 | G13: 836825 | H13: 804602 | I13: 0.96149374 | J13: 836825 | K13: 732333 | L13: 0.87513279 | M13: 1419308 | N13: 1355862 | O13: 0.95529793
A14: JAKARTA雅加达 | B14: BIMO WIRA ANGGORO | C14: 10 | D14: 11402 | E14: 10773 | F14: 0.94483424 | G14: 819427 | H14: 793521 | I14: 0.96838523 | J14: 819427 | K14: 678864 | L14: 0.82846184 | M14: 1378485 | N14: 1323247 | O14: 0.95992847
A15: JAKARTA雅加达 | B15: SAMSUL MAARIF | C15: 12 | D15: 14398 | E15: 13471 | F15: 0.93561606 | G15: 974434 | H15: 946413 | I15: 0.97124382 | J15: 974434 | K15: 813649 | L15: 0.83499652 | M15: 1682112 | N15: 1609310 | O15: 0.95671989
A16: JAKARTA雅加达 | B16: SIDIQ HASPARI | C16: 9 | D16: 13956 | E16: 12734 | F16: 0.91243909 | G16: 955047 | H16: 882731 | I16: 0.92428017 | J16: 955047 | K16: 760349 | L16: 0.79613778 | M16: 1639812 | N16: 1554305 | O16: 0.94785561
A17: TANGERANG唐格朗 | B17: Total Regional | C17: 108 | D17: 144808 | E17: 138539 | F17: 0.95670819 | G17: 7587009 | H17: 7098490 | I17: 0.93561112 | J17: 7587009 | K17: 6894122 | L17: 0.90867455 | M17: 16515838 | N17: 16008448 | O17: 0.96927858
... A47: BANDUNG万隆 | B47: Deden Ery Riswandi | C47: 12 | D47: 16347 | E47: 14618 | F47: 0.89423136 | G47: 781137 | H47: 732902 | I47: 0.93825027 | J47: 781137 | K47: 575620 | L47: 0.73690019 | M47: 1529662 | N47: 1385154 | O47: 0.90552946
A48: BANDUNG万隆 | B48: Dedy | C48: 1 | D48: 0 | E48: 0 | F48: - | G48: 295 | H48: 295 | I48: 1 | J48: 295 | K48: 291 | L48: 0.98644068 | M48: 331 | N48: 330 | O48: 0.99697885
A49: BANDUNG万隆 | B49: Didi | C49: 24 | D49: 20126 | E49: 19288 | F49: 0.95836232 | G49: 386632 | H49: 376007 | I49: 0.97251909 | J49: 386632 | K49: 344115 | L49: 0.89003238 | M49: 1852757 | N49: 1759588 | O49: 0.94971332
A50: BANDUNG万隆 | B50: Edo Rudiana | C50: 18 | D50: 20505 | E50: 20022 | F50: 0.97644477 | G50: 1064789 | H50: 1030859 | I50: 0.96813453 | J50: 1064789 | K50: 996176 | L50: 0.93556188 | M50: 2245515 | N50: 2163517 | O50: 0.96348366
A51: BANDUNG万隆 | B51: Eki Rizqiana Pahlevi | C51: 20 | D51: 23046 | E51: 20744 | F51: 0.90011282 | G51: 1071864 | H51: 1025563 | I51: 0.95680329 | J51: 1071864 | K51: 945295 | L51: 0.88191692 | M51: 2635538 | N51: 2492896 | O51: 0.94587746
A52: BANDUNG万隆 | B52: Feri Malik | C52: 15 | D52: 18318 | E52: 17601 | F52: 0.96085817 | G52: 971626 | H52: 946667 | I52: 0.97431213 | J52: 971626 | K52: 906534 | L52: 0.93300714 | M52: 1860436 | N52: 1779715 | O52: 0.95661178
A53: BANDUNG万隆 | B53: Hasby | C53: 17 | D53: 18376 | E53: 18182 | F53: 0.98944275 | G53: 1336758 | H53: 1321037 | I53: 0.98823946 | J53: 1336758 | K53: 1258317 | L53: 0.94131997 | M53: 1606572 | N53: 1560268 | O53: 0.97117838
A54: BANDUNG万隆 | B54: Hendri Eka | C54: 12 | D54: 9512 | E54: 8817 | F54: 0.9269344 | G54: 478237 | H54: 468183 | I54: 0.97897695 | J54: 478237 | K54: 424894 | L54: 0.88845907 | M54: 881763 | N54: 833153 | O54: 0.94487181
A55: BANDUNG万隆 | B55: Nanang | C55: 28 | D55: 27117 | E55: 26106 | F55: 0.96271711 | G55: 1020470 | H55: 990690 | I55: 0.97081737 | J55: 1020470 | K55: 941465 | L55: 0.92257979 | M55: 2347307 | N55: 2284250 | O55: 0.97313645
A56: BANDUNG万隆 | B56: Ryan | C56: 17 | D56: 18573 | E56: 17989 | F56: 0.96855651 | G56: 1129922 | H56: 1094590 | I56: 0.96873058 | J56: 1129922 | K56: 1037027 | L56: 0.91778636 | M56: 1653733 | N56: 1593394 | O56: 0.96351346
A57: BANDUNG万隆 | B57: Sandi Almanto | C57: 19 | D57: 20341 | E57: 19402 | F57: 0.95383708 | G57: 246165 | H57: 237053 | I57: 0.96298418 | J57: 246165 | K57: 228533 | L57: 0.92837325 | M57: 1769685 | N57: 1719845 | O57: 0.9718368
A58: BANDUNG万隆 | B58: Septian Nugraha | C58: 18 | D58: 20198 | E58: 19024 | F58: 0.94187543 | G58: 874709 | H58: 830699 | I58: 0.94968612 | J58: 874709 | K58: 803026 | L58: 0.91804932 | M58: 2057057 | N58: 1972561 | O58: 0.95892384
A59: BANDUNG万隆 | B59: Surya | C59: 22 | D59: 19732 | E59: 19296 | F59: 0.97790391 | G59: 958954 | H59: 945792 | I59: 0.98627463 | J59: 958954 | K59: 889591 | L59: 0.92766806 | M59: 1776564 | N59: 1707320 | O59: 0.96102364
A60: BANDUNG万隆 | B60: Tom | C60: 15 | D60: 19858 | E60: 17663 | F60: 0.8894652 | G60: 1073733 | H60: 1021376 | I60: 0.95123834 | J60: 1073733 | K60: 952180 | L60: 0.88679402 | M60: 2194739 | N60: 2071852 | O60: 0.94400838
... A70: SEMARANG三宝垄 | B70: KUKUH BARAT | C70: 31 | D70: 27485 | E70: 25413 | F70: 0.92461343 | G70: 2110294 | H70: 1973687 | I70: 0.93526637 | J70: 2110294 | K70: 1910146 | L70: 0.90515634 | M70: 2525493 | N70: 2428699 | O70: 0.96167323
A71: SEMARANG三宝垄 | B71: - | C71: 8 | D71: 0 | E71: 0 | F71: - | G71: 0 | H71: 0 | I71: - | J71: 0 | K71: 0 | L71: - | M71: 0 | N71: 0 | O71: -
A72: YOGYAKARTA日惹 | B72: Total Regional | C72: 156 | D72: 90425 | E72: 84009 | F72: 0.92904617 | G72: 8357425 | H72: 7860676 | I72: 0.94056196 | J72: 8357425 | K72: 7567629 | L72: 0.90549769 | M72: 9253781 | N72: 8820618 | O72: 0.9531907
A73: YOGYAKARTA日惹 | B73: AGUS SULAEMAN | C73: 51 | D73: 29151 | E73: 26816 | F73: 0.91989983 | G73: 2562127 | H73: 2366917 | I73: 0.9238094 | J73: 2562127 | K73: 2323744 | L73: 0.90695894 | M73: 2861286 | N73: 2707553 | O73: 0.94627136
A74: YOGYAKARTA日惹 | B74: IMAM ARIEF BUDI SANTOSO | C74: 77 | D74: 36367 | E74: 33323 | F74: 0.91629774 | G74: 3655457 | H74: 3447772 | I74: 0.94318494 | J74: 3655457 | K74: 3280598 | L74: 0.89745222 | M74: 4139865 | N74: 3951672 | O74: 0.95454127
A75: YOGYAKARTA日惹 | B75: RIHFA RAFSANJANI | C75: 28 | D75: 24907 | E75: 23870 | F75: 0.95836512 | G75: 2139841 | H75: 2045987 | I75: 0.95613973 | J75: 2139841 | K75: 1963287 | L75: 0.917492 | M75: 2252630 | N75: 2161393 | O75: 0.95949757
A76: SURABAYA泗水 | B76: Total Regional | C76: 367 | D76: 321155 | E76: 303139 | F76: 0.94390248 | G76: 23028129 | H76: 22097573 | I76: 0.95959046 | J76: 23028129 | K76: 20674513 | L76: 0.89779387 | M76: 30655041 | N76: 29546574 | O76: 0.96384063
A77: SURABAYA泗水 | B77: ARIF SAIFUDDIN | C77: 20 | D77: 18327 | E77: 17514 | F77: 0.95563922 | G77: 1214743 | H77: 1183912 | I77: 0.97461932 | J77: 1214743 | K77: 1127099 | L77: 0.92784976 | M77: 1787334 | N77: 1743260 | O77: 0.97534093
A78: SURABAYA泗水 | B78: HABIBI BAITULLAH | C78: 26 | D78: 19168 | E78: 17948 | F78: 0.93635225 | G78: 1558462 | H78: 1481634 | I78: 0.95070268 | J78: 1558462 | K78: 1441300 | L78: 0.92482204 | M78: 2179795 | N78: 2052728 | O78: 0.9417069
A79: SURABAYA泗水 | B79: FEBRIA AD ARISYA | C79: 21 | D79: 20095 | E79: 17925 | F79: 0.89201294 | G79: 1675926 | H79: 1581793 | I79: 0.94383225 | J79: 1675926 | K79: 1388878 | L79: 0.82872275 | M79: 1675939 | N79: 1589779 | O79: 0.94859001
A80: SURABAYA泗水 | B80: HASBUL SUBAHRI | C80: 16 | D80: 18769 | E80: 17388 | F80: 0.92642123 | G80: 1713898 | H80: 1556057 | I80: 0.90790525 | J80: 1713898 | K80: 1203719 | L80: 0.70232826 | M80: 1713944 | N80: 1561281 | O80: 0.91092883
A81: SURABAYA泗水 | B81: FERRY DIAN MARTIN | C81: 24 | D81: 26255 | E81: 25293 | F81: 0.96335936 | G81: 2053333 | H81: 1987004 | I81: 0.96769691 | J81: 2053333 | K81: 1874009 | L81: 0.91266687 | M81: 2483114 | N81: 2422223 | O81: 0.97547797
A82: SURABAYA泗水 | B82: ABDURROZAQ | C82: 20 | D82: 19046 | E82: 18175 | F82: 0.95426861 | G82: 1146979 | H82: 1111915 | I82: 0.96942926 | J82: 1146979 | K82: 1073926 | L82: 0.93630834 | M82: 1970837 | N82: 1916435 | O82: 0.9723965
A83: SURABAYA泗水 | B83: DHENI ULVA SUJATMIKO | C83: 11 | D83: 13176 | E83: 12483 | F83: 0.94740437 | G83: 965727 | H83: 932544 | I83: 0.96563936 | J83: 965727 | K83: 903636 | L83: 0.93570543 | M83: 1154362 | N83: 1122816 | O83: 0.97267235
... A95: SURABAYA泗水 | B95: SRI OKYK WIDIAWATI | C95: 11 | D95: 12021 | E95: 11283 | F95: 0.93860744 | G95: 892676 | H95: 861782 | I95: 0.9653917 | J95: 892676 | K95: 834145 | L95: 0.93443198 | M95: 1137003 | N95: 1098629 | O95: 0.96624987
A96: SURABAYA泗水 | B96: - | C96: 2 | D96: 0 | E96: 0 | F96: - | G96: 0 | H96: 0 | I96: - | J96: 0 | K96: 0 | L96: - | M96: 0 | N96: 0 | O96: -
A97: BALI巴厘 | B97: Total Regional | C97: 259 | D97: 97588 | E97: 90623 | F97: 0.92862852 | G97: 6831092 | H97: 6418830 | I97: 0.93964918 | J97: 6831092 | K97: 5745327 | L97: 0.84105543 | M97: 8542061 | N97: 7928514 | O97: 0.92817342
A98: BALI巴厘 | B98: Ika Elfiera Sinaga | C98: 66 | D98: 14772 | E98: 14249 | F98: 0.96459518 | G98: 903476 | H98: 828187 | I98: 0.9166674 | J98: 903476 | K98: 727070 | L98: 0.80474744 | M98: 1434309 | N98: 1314430 | O98: 0.91642038
A99: BALI巴厘 | B99: I Nyoman Andika Indrananta,S.E.,M.M | C99: 36 | D99: 17684 | E99: 17259 | F99: 0.97596698 | G99: 1512897 | H99: 1460205 | I99: 0.96517146 | J99: 1512897 | K99: 1299510 | L99: 0.85895471 | M99: 1597267 | N99: 1519285 | O99: 0.95117786
A100: BALI巴厘 | B100: Ida I Dewa Agung Santawya | C100: 30 | D100: 12235 | E100: 11809 | F100: 0.96518186 | G100: 1170593 | H100: 1081210 | I100: 0.92364297 | J100: 1170593 | K100: 1026246 | L100: 0.87668899 | M100: 1202864 | N100: 1142950 | O100: 0.95019055
A101: BALI巴厘 | B101: Komang Astra Putra Gunawan | C101: 25 | D101: 12546 | E101: 11406 | F101: 0.90913439 | G101: 1220556 | H101: 1130321 | I101: 0.92607058 | J101: 1220556 | K101: 1047558 | L101: 0.85826296 | M101: 1290960 | N101: 1221007 | O101: 0.94581319
A102: BALI巴厘 | B102: Blue | C102: 38 | D102: 21495 | E102: 20501 | F102: 0.95375669 | G102: 1620549 | H102: 1546357 | I102: 0.95421798 | J102: 1620549 | K102: 1309005 | L102: 0.80775404 | M102: 1846395 | N102: 1733475 | O102: 0.93884299
A103: BALI巴厘 | B103: Prisilia Nansiana Akong | C103: 30 | D103: 8766 | E103: 6975 | F103: 0.79568789 | G103: 261165 | H103: 236396 | I103: 0.90515957 | J103: 261165 | K103: 206007 | L103: 0.78880018 | M103: 414435 | N103: 339743 | O103: 0.81977391
A104: BALI巴厘 | B104: Hujjatul Islam | C104: 31 | D104: 10090 | E104: 8424 | F104: 0.83488603 | G104: 141713 | H104: 136154 | I104: 0.96077283 | J104: 141713 | K104: 129818 | L104: 0.91606275 | M104: 755625 | N104: 657448 | O104: 0.87007179
A105: BALI巴厘 | B105: - | C105: 3 | D105: 0 | E105: 0 | F105: - | G105: 143 | H105: 0 | I105: 0 | J105: 143 | K105: 113 | L105: 0.79020979 | M105: 206 | N105: 176 | O105: 0.85436893
A107: Catatan: Pencapaian RM = SUM(angka pencapaian DP/CP yang di-handle RM) / SUM(total DP/CP yang di-handle RM), berdasarkan kolom RM & Regional di sheet Display. "-" = tidak ada data. Target diambil dari sheet Display.

Sheet 06.30, 07.30, & 12.00
B2: Area | C2: Agent | D2: Kode Agent | E2: Penilaian Kualitas Delivery Ritase Pertama
E3: 06:30 ABSENSI | J3: Persentase Keluar Gudang 0730 | O3: Persentase TTD 1200
E4: Target | F4: ='ALL DP DATA'!K8 -> 46288 | G4: =F4-1 -> 46287 | H4: =G4-1 -> 46286 | I4: Pencapaian Bulanan | J4: Target | K4: =F4 -> 46288 | L4: =F4-1 -> 46287 | M4: =G4-1 -> 46286 | N4: Pencapaian Bulanan | O4: Target | P4: =F4 -> 46288 | Q4: =F4-1 -> 46287 | R4: =G4-1 -> 46286 | S4: Pencapaian Bulanan
B5: Jawa - Bali | C5: TANGERANG | D5: AGENT12 | E5: 0.9 | F5: 0.96203032 | G5: 0.96213968 | H5: 0.96035377 | I5: 0.95660861 | J5: 0.9 | K5: 0.94047566 | L5: 0.95552032 | M5: 0.94660535 | N5: 0.93565808 | O5: 0.9 | P5: 0.90361084 | Q5: 0.93303756 | R5: 0.9191731 | S5: 0.90804344
C6: BEKASI | D6: AGENT13 | E6: 0.9 | F6: 0.94505208 | G6: 0.94593088 | H6: 0.94138834 | I6: 0.94628963 | J6: 0.9 | K6: 0.94512568 | L6: 0.95277284 | M6: 0.95316811 | N6: 0.95084321 | O6: 0.9 | P6: 0.9025932 | Q6: 0.91543511 | R6: 0.89815425 | S6: 0.9080271
C7: BOGOR | D7: AGENT14 | E7: 0.9 | F7: 0.95138889 | G7: 0.9468929 | H7: 0.93576017 | I7: 0.94690645 | J7: 0.9 | K7: 0.95899699 | L7: 0.96964814 | M7: 0.97046445 | N7: 0.96203653 | O7: 0.9 | P7: 0.93584085 | Q7: 0.94148904 | R7: 0.93886815 | S7: 0.94083361
C8: DEPOK | D8: AGENT15 | E8: 0.9 | F8: 0.95757576 | G8: 0.95119306 | H8: 0.94651741 | I8: 0.94349957 | J8: 0.9 | K8: 0.94921616 | L8: 0.96044492 | M8: 0.94980962 | N8: 0.94984711 | O8: 0.9 | P8: 0.91100392 | Q8: 0.91788744 | R8: 0.90562726 | S8: 0.91273645
C9: BANDUNG | D9: AGENT16 | E9: 0.9 | F9: 0.94752301 | G9: 0.9249886 | H9: 0.93306011 | I9: 0.93631312 | J9: 0.9 | K9: 0.96859602 | L9: 0.96460919 | M9: 0.96097892 | N9: 0.96400237 | O9: 0.9 | P9: 0.87116542 | Q9: 0.89212031 | R9: 0.87562896 | S9: 0.88150395
C10: SEMARANG | D10: AGENT17 | E10: 0.9 | F10: 0.92670647 | G10: 0.91393012 | H10: 0.92193215 | I10: 0.91820194 | J10: 0.9 | K10: 0.94753625 | L10: 0.95607395 | M10: 0.95752722 | N10: 0.95181691 | O10: 0.9 | P10: 0.91358239 | Q10: 0.92176372 | R10: 0.92639629 | S10: 0.92324238
C11: YOGYAKARTA | D11: AGENT18 | E11: 0.9 | F11: 0.94287109 | G11: 0.91828255 | H11: 0.93385707 | I11: 0.92904617 | J11: 0.9 | K11: 0.9422273 | L11: 0.94675136 | M11: 0.94449581 | N11: 0.94056196 | O11: 0.9 | P11: 0.90611242 | Q11: 0.91777937 | R11: 0.9130395 | S11: 0.90549769
C12: SURABAYA | D12: AGENT19 | E12: 0.9 | F12: 0.94927 | G12: 0.9345172 | H12: 0.93937597 | I12: 0.94390422 | J12: 0.9 | K12: 0.96242626 | L12: 0.97023973 | M12: 0.96722256 | N12: 0.95958236 | O12: 0.9 | P12: 0.89331783 | Q12: 0.90733369 | R12: 0.90075078 | S12: 0.8977864
C13: BALI | D13: AGENT21 | E13: 0.9 | F13: 0.93191784 | G13: 0.93726679 | H13: 0.93865873 | I13: 0.92862852 | J13: 0.9 | K13: 0.94239074 | L13: 0.9414918 | M13: 0.93546354 | N13: 0.93964918 | O13: 0.9 | P13: 0.85378422 | Q13: 0.84411568 | R13: 0.82032079 | S13: 0.84105543
C14: JAKARTA | D14: AGENT40 | E14: 0.9 | F14: 0.93776544 | G14: 0.9225 | H14: 0.92654261 | I14: 0.93268404 | J14: 0.9 | K14: 0.9532141 | L14: 0.95104652 | M14: 0.9372993 | N14: 0.95058689 | O14: 0.9 | P14: 0.84071836 | Q14: 0.87346107 | R14: 0.85261033 | S14: 0.83268253
B15: 合计 Total | E15: - | F15: 0.94511875 | G15: 0.93329057 | H15: 0.93654496 | I15: 0.93801921 | J15: - | K15: 0.95407353 | L15: 0.95811495 | M15: 0.95532513 | N15: 0.95265859 | O15: - | P15: 0.89138273 | Q15: 0.90267536 | R15: 0.89431807 | S15: 0.89375681

Sheet R-2, TPTW, Persentase TTD
B2: Area | C2: Agent | D2: Kode Agent | E2: Penilaian Kualitas Delivery Ritase Kedua | J2: Pencapaian Kualitas Operasional Harian
E3: Pencapaian TTD Delivery Kedua | J3: TPTW | O3: Persentase TTD
E4: Target | F4: ='06.30, 07.30, & 12.00'!F4 -> 46288 | G4: =F4-1 -> 46287 | H4: =G4-1 -> 46286 | I4: Pencapaian Bulanan | J4: Target | K4: =F4 -> 46288 | L4: =F4-1 -> 46287 | M4: =G4-1 -> 46286 | N4: Pencapaian Bulanan | O4: Target | P4: =K4 -> 46288 | Q4: =K4-1 -> 46287 | R4: =L4-1 -> 46286 | S4: Pencapaian Bulanan
B5: Jawa - Bali | C5: TANGERANG | D5: AGENT12 | E5: 0.92 | F5: 0.94016671 | G5: 0.9489437 | H5: 0.94182353 | I5: 0.94575974 | J5: 0.92 | K5: 0.98830775 | L5: 0.97080059 | M5: 0.94443294 | N5: 0.96338253 | O5: 0.93 | P5: 0.96202283 | Q5: 0.96737573 | R5: 0.97085188 | S5: 0.96909495
C6: BEKASI | D6: AGENT13 | E6: 0.92 | F6: 0.93099283 | G6: 0.93877181 | H6: 0.91218455 | I6: 0.94223337 | J6: 0.92 | K6: 0.99489879 | L6: 0.98784557 | M6: 0.98145784 | N6: 0.98346979 | O6: 0.93 | P6: 0.95615373 | Q6: 0.95570173 | R6: 0.95401657 | S6: 0.96246846
C7: BOGOR | D7: AGENT14 | E7: 0.92 | F7: 0.96891703 | G7: 0.97667231 | H7: 0.96589505 | I7: 0.97674578 | J7: 0.92 | K7: 0.99357391 | L7: 0.98736669 | M7: 0.96581808 | N7: 0.97896337 | O7: 0.93 | P7: 0.97859972 | Q7: 0.98296186 | R7: 0.98229202 | S7: 0.98500843
C8: DEPOK | D8: AGENT15 | E8: 0.92 | F8: 0.95012038 | G8: 0.95317099 | H8: 0.936022 | I8: 0.95667968 | J8: 0.92 | K8: 0.98067805 | L8: 0.951985 | M8: 0.96333481 | N8: 0.96483373 | O8: 0.93 | P8: 0.9615144 | Q8: 0.96361268 | R8: 0.95790141 | S8: 0.96764163
C9: BANDUNG | D9: AGENT16 | E9: 0.92 | F9: 0.91878973 | G9: 0.91905692 | H9: 0.90709056 | I9: 0.92131331 | J9: 0.92 | K9: 0.99082141 | L9: 0.95536491 | M9: 0.9158403 | N9: 0.9722546 | O9: 0.93 | P9: 0.95143626 | Q9: 0.93837493 | R9: 0.95087849 | S9: 0.95381187
C10: SEMARANG | D10: AGENT17 | E10: 0.92 | F10: 0.92030079 | G10: 0.9159571 | H10: 0.92383984 | I10: 0.92021637 | J10: 0.92 | K10: 0.983741 | L10: 0.97893437 | M10: 0.9727166 | N10: 0.98139554 | O10: 0.93 | P10: 0.95711976 | Q10: 0.94677202 | R10: 0.96480198 | S10: 0.96086329
C11: YOGYAKARTA | D11: AGENT18 | E11: 0.92 | F11: 0.90351593 | G11: 0.89540169 | H11: 0.89050063 | I11: 0.87858626 | J11: 0.92 | K11: 0.98647584 | L11: 0.96593668 | M11: 0.93399511 | N11: 0.96670459 | O11: 0.93 | P11: 0.95351325 | Q11: 0.94699608 | R11: 0.95426085 | S11: 0.9531907
C12: SURABAYA | D12: AGENT19 | E12: 0.92 | F12: 0.94376533 | G12: 0.94175829 | H12: 0.94392619 | I12: 0.94941524 | J12: 0.92 | K12: 0.98751873 | L12: 0.9825564 | M12: 0.95460437 | N12: 0.97329473 | O12: 0.93 | P12: 0.95642021 | Q12: 0.95308302 | R12: 0.96107029 | S12: 0.96383529
C13: BALI | D13: AGENT21 | E13: 0.92 | F13: 0.87760723 | G13: 0.87638318 | H13: 0.89181913 | I13: 0.87416129 | J13: 0.92 | K13: 0.96228732 | L13: 0.90048257 | M13: 0.85562668 | N13: 0.939822 | O13: 0.93 | P13: 0.91472868 | Q13: 0.92431611 | R13: 0.93274362 | S13: 0.92817342
C14: JAKARTA | D14: AGENT40 | E14: 0.92 | F14: 0.93558889 | G14: 0.94303379 | H14: 0.94254906 | I14: 0.93713337 | J14: 0.92 | K14: 0.99165982 | L14: 0.97719865 | M14: 0.95615233 | N14: 0.97632422 | O14: 0.93 | P14: 0.9500883 | Q14: 0.95868021 | R14: 0.96158258 | S14: 0.95611176
B15: 合计 Total | E15: - | F15: 0.93326865 | G15: 0.93734494 | H15: 0.929106 | I15: 0.93727413 | J15: - | K15: 0.98901278 | L15: 0.97267397 | M15: 0.94837963 | N15: 0.97240952 | O15: - | P15: 0.95482633 | Q15: 0.95296174 | R15: 0.95847215 | S15: 0.95992949

Sheet Pickup & Retur Non Ecom
B2: Area | C2: Agent | D2: Kode Agent
E3: PICKUP NON-ECOMMERCE | J3: RETUR COD NON-ECOMMERCE
E4: Target | F4: ='06.30, 07.30, & 12.00'!F4 -> 46288 | G4: =F4-1 -> 46287 | H4: =G4-1 -> 46286 | I4: Pencapaian Bulanan | J4: 目标 Target | K4: =F4 -> 46288 | L4: =K4-1 -> 46287 | M4: =L4-1 -> 46286 | N4: Pencapaian Bulanan
B5: Jawa - Bali | C5: TANGERANG | D5: AGENT12 | E5: 0.99 | F5: 0.99467185 | G5: 0.99475866 | H5: 0.99049112 | I5: 0.99148057 | J5: 0.1052615 | K5: 0.044817927 | L5: 0.055423829 | M5: 0.14348249 | N5: 0.069155106
C6: BEKASI | D6: AGENT13 | E6: 0.99 | F6: 0.99774208 | G6: 0.99728022 | H6: 0.99250624 | I6: 0.99538218 | J6: 0.071979358 | K6: 0.11586052 | L6: 0.10501475 | M6: 0.10515464 | N6: 0.077608078
C7: BOGOR | D7: AGENT14 | E7: 0.99 | F7: 0.98752243 | G7: 0.99732594 | H7: 0.99592114 | I7: 0.99608117 | J7: 0.092228726 | K7: 0.12858464 | L7: 0.12210916 | M7: 0.16730038 | N7: 0.094192665
C8: DEPOK | D8: AGENT15 | E8: 0.99 | F8: 0.99092147 | G8: 0.99844901 | H8: 0.99594868 | I8: 0.99614648 | J8: 0.073985256 | K8: 0.098870056 | L8: 0.1037415 | M8: 0.072687225 | N8: 0.078464331
C9: BANDUNG | D9: AGENT16 | E9: 0.99 | F9: 0.99507773 | G9: 0.9972584 | H9: 0.99375584 | I9: 0.99479771 | J9: 0.05 | K9: 0.052996057 | L9: 0.056681795 | M9: 0.04634907 | N9: 0.036652571
C10: SEMARANG | D10: AGENT17 | E10: 0.99 | F10: 0.99683447 | G10: 0.99444891 | H10: 0.99343186 | I10: 0.9944729 | J10: 0.081059523 | K10: 0.075418994 | L10: 0.10180456 | M10: 0.095956873 | N10: 0.068456772
C11: YOGYAKARTA | D11: AGENT18 | E11: 0.99 | F11: 0.99861002 | G11: 0.99633076 | H11: 0.99743286 | I11: 0.99503413 | J11: 0.065641849 | K11: 0.066999287 | L11: 0.092783505 | M11: 0.074536512 | N11: 0.069135759
C12: SURABAYA | D12: AGENT19 | E12: 0.99 | F12: 0.99469162 | G12: 0.9950199 | H12: 0.99267855 | I12: 0.99297732 | J12: 0.072186153 | K12: 0.049593283 | L12: 0.067693295 | M12: 0.079580809 | N12: 0.054339811
C13: BALI | D13: AGENT21 | E13: 0.99 | F13: 0.99565379 | G13: 0.99516389 | H13: 0.99211839 | I13: 0.98915037 | J13: 0.11006925 | K13: 0.052746245 | L13: 0.058815975 | M13: 0.074466475 | N13: 0.060554266
C14: JAKARTA | D14: AGENT40 | E14: 0.99 | F14: 0.99716173 | G14: 0.99778148 | H14: 0.99551948 | I14: 0.99530851 | J14: 0.08721821 | K14: 0.07642487 | L14: 0.08611238 | M14: 0.096071209 | N14: 0.060498701
B15: 合计 Total | E15: - | F15: 0.99524161 | G15: 0.99610901 | H15: 0.99350246 | I15: 0.99389511 | J15: - | K15: 0.06179888 | L15: 0.071578474 | M15: 0.079388641 | N15: 0.057333443

Sheet Fr&Ag
B2: 代理区 Agent | C2: 代理区编码 Kode Agent | D2: 网点 Nama Drop point | E2: 商业模式 Model Bisnis | F2: 区域经理 Regional Manager (RM) | G2: 主管 Supervisor (SPV) | H2: 网点代码 Kode DP
B5: JAKARTA雅加达 | C5: AGENT40 | D5: CP_PLUIT_PERMAI | E5: Franchise | F5: AGISTA PRIYANTONO | G5: =_xlfn.XLOOKUP(D5,[1]DP!$F:$F,[1]DP!$E:$E,"-") -> APRI NUR YUSUP | H5: =_xlfn.XLOOKUP(D5,[11]sheet!$B:$B,[11]sheet!$A:$A,0) -> JKT41W
B6: JAKARTA雅加达 | C6: AGENT40 | D6: CP_DANAUSUNTER_UTARA | E6: Franchise | F6: AGISTA PRIYANTONO | G6: =_xlfn.XLOOKUP(D6,[1]DP!$F:$F,[1]DP!$E:$E,"-") -> RIZKY ADITYAWARMAN | H6: =_xlfn.XLOOKUP(D6,[11]sheet!$B:$B,[11]sheet!$A:$A,0) -> JKT43D
B7: JAKARTA雅加达 | C7: AGENT40 | D7: KAMAL_MUARA | E7: Agent | F7: AGISTA PRIYANTONO | G7: =_xlfn.XLOOKUP(D7,[1]DP!$F:$F,[1]DP!$E:$E,"-") -> RUBBY ROCHMAN | H7: =_xlfn.XLOOKUP(D7,[11]sheet!$B:$B,[11]sheet!$A:$A,0) -> JKT08L
B8: JAKARTA雅加达 | C8: AGENT40 | D8: TELUK_GONG | E8: Agent | F8: AGISTA PRIYANTONO | G8: =_xlfn.XLOOKUP(D8,[1]DP!$F:$F,[1]DP!$E:$E,"-") -> ARDY KRISNANTO | H8: =_xlfn.XLOOKUP(D8,[11]sheet!$B:$B,[11]sheet!$A:$A,0) -> JKT08I
B9: JAKARTA雅加达 | C9: AGENT40 | D9: CP_TELUK_GONG_RAYA | E9: Franchise | F9: AGISTA PRIYANTONO | G9: =_xlfn.XLOOKUP(D9,[1]DP!$F:$F,[1]DP!$E:$E,"-") -> RUBBY ROCHMAN | H9: =_xlfn.XLOOKUP(D9,[11]sheet!$B:$B,[11]sheet!$A:$A,0) -> JKT41T
B10: JAKARTA雅加达 | C10: AGENT40 | D10: CP_PADEMANGAN_4 | E10: Franchise | F10: AGISTA PRIYANTONO | G10: =_xlfn.XLOOKUP(D10,[1]DP!$F:$F,[1]DP!$E:$E,"-") -> HENLY KURNIAWAN | H10: =_xlfn.XLOOKUP(D10,[11]sheet!$B:$B,[11]sheet!$A:$A,0) -> JKT30A
B11: JAKARTA雅加达 | C11: AGENT40 | D11: CP_ANCOL_SELATAN_1 | E11: Franchise | F11: AGISTA PRIYANTONO | G11: =_xlfn.XLOOKUP(D11,[1]DP!$F:$F,[1]DP!$E:$E,"-") -> RIZKY ADITYAWARMAN | H11: =_xlfn.XLOOKUP(D11,[11]sheet!$B:$B,[11]sheet!$A:$A,0) -> JKT43Q
B12: JAKARTA雅加达 | C12: AGENT40 | D12: KEPULAUAN_SERIBU | E12: Agent | F12: AGISTA PRIYANTONO | G12: =_xlfn.XLOOKUP(D12,[1]DP!$F:$F,[1]DP!$E:$E,"-") -> RUBBY ROCHMAN | H12: =_xlfn.XLOOKUP(D12,[11]sheet!$B:$B,[11]sheet!$A:$A,0) -> JKT08C
B13: JAKARTA雅加达 | C13: AGENT40 | D13: TANAH_ABANG | E13: Agent | F13: ANDI PRASETIYO | G13: =_xlfn.XLOOKUP(D13,[1]DP!$F:$F,[1]DP!$E:$E,"-") -> ALFIN WARDANA | H13: =_xlfn.XLOOKUP(D13,[11]sheet!$B:$B,[11]sheet!$A:$A,0) -> JKT11
B14: JAKARTA雅加达 | C14: AGENT40 | D14: SENEN | E14: Agent | F14: ANDI PRASETIYO | G14: =_xlfn.XLOOKUP(D14,[1]DP!$F:$F,[1]DP!$E:$E,"-") -> EKA PRATAMA BAHARA | H14: =_xlfn.XLOOKUP(D14,[11]sheet!$B:$B,[11]sheet!$A:$A,0) -> JKT12
B15: JAKARTA雅加达 | C15: AGENT40 | D15: CP_PINANGSIA_RAYA | E15: Franchise | F15: ANDI PRASETIYO | G15: =_xlfn.XLOOKUP(D15,[1]DP!$F:$F,[1]DP!$E:$E,"-") -> RENGGA SAPUTRA | H15: =_xlfn.XLOOKUP(D15,[11]sheet!$B:$B,[11]sheet!$A:$A,0) -> JKT45I
B16: JAKARTA雅加达 | C16: AGENT40 | D16: JOHAR_BARU_01 | E16: Agent | F16: ANDI PRASETIYO | G16: =_xlfn.XLOOKUP(D16,[1]DP!$F:$F,[1]DP!$E:$E,"-") -> PAZRI FIRDAUS | H16: =_xlfn.XLOOKUP(D16,[11]sheet!$B:$B,[11]sheet!$A:$A,0) -> JKT13K
... B74: JAKARTA雅加达 | C74: AGENT40 | D74: DC_PEGADUNGAN | E74: Agent | F74: SIDIQ HASPARI | G74: =_xlfn.XLOOKUP(D74,[1]DP!$F:$F,[1]DP!$E:$E,"-") -> AGUNG RESTU MUSTAQIM | H74: =_xlfn.XLOOKUP(D74,[11]sheet!$B:$B,[11]sheet!$A:$A,0) -> JKT01V
B75: JAKARTA雅加达 | C75: AGENT40 | D75: DC_CILINCING | E75: Agent | F75: SAMSUL MAARIF | G75: SALEH | H75: =_xlfn.XLOOKUP(D75,[11]sheet!$B:$B,[11]sheet!$A:$A,0) -> JKT10G
B76: TANGERANG唐格朗 | C76: AGENT12 | D76: SERANG_JAYA | E76: Franchise | F76: AMIR | G76: =_xlfn.XLOOKUP(D76,'[2]DROP POINT AKTIF'!$B:$B,'[2]DROP POINT AKTIF'!$F:$F,"-") -> NIAMULLAH | H76: =_xlfn.XLOOKUP(D76,[11]sheet!$B:$B,[11]sheet!$A:$A,0) -> SEG06C
B77: TANGERANG唐格朗 | C77: AGENT12 | D77: KASEMEN_JAYA | E77: Franchise | F77: AMIR | G77: =_xlfn.XLOOKUP(D77,'[2]DROP POINT AKTIF'!$B:$B,'[2]DROP POINT AKTIF'!$F:$F,"-") -> TEGUH ISWANTO | H77: =_xlfn.XLOOKUP(D77,[11]sheet!$B:$B,[11]sheet!$A:$A,0) -> SEG02B
B78: TANGERANG唐格朗 | C78: AGENT12 | D78: KALODRAN_CIRUAS | E78: Franchise | F78: AMIR | G78: =_xlfn.XLOOKUP(D78,'[2]DROP POINT AKTIF'!$B:$B,'[2]DROP POINT AKTIF'!$F:$F,"-") -> RAMADANIALDI | H78: =_xlfn.XLOOKUP(D78,[11]sheet!$B:$B,[11]sheet!$A:$A,0) -> SEG05B
B79: TANGERANG唐格朗 | C79: AGENT12 | D79: CIPOCOK_JAYA | E79: Franchise | F79: AMIR | G79: =_xlfn.XLOOKUP(D79,'[2]DROP POINT AKTIF'!$B:$B,'[2]DROP POINT AKTIF'!$F:$F,"-") -> DEDE JUNA | H79: =_xlfn.XLOOKUP(D79,[11]sheet!$B:$B,[11]sheet!$A:$A,0) -> SEG06B
B80: TANGERANG唐格朗 | C80: AGENT12 | D80: PEJATEN_MAS | E80: Franchise | F80: AMIR | G80: =_xlfn.XLOOKUP(D80,'[2]DROP POINT AKTIF'!$B:$B,'[2]DROP POINT AKTIF'!$F:$F,"-") -> MOCH. JAJULI FAHMI | H80: =_xlfn.XLOOKUP(D80,[11]sheet!$B:$B,[11]sheet!$A:$A,0) -> SEG05C
B81: TANGERANG唐格朗 | C81: AGENT12 | D81: PELABUHAN_MERAK | E81: Agent | F81: AMIR | G81: =_xlfn.XLOOKUP(D81,'[2]DROP POINT AKTIF'!$B:$B,'[2]DROP POINT AKTIF'!$F:$F,"-") -> ARIS HERMAWAN | H81: =_xlfn.XLOOKUP(D81,[11]sheet!$B:$B,[11]sheet!$A:$A,0) -> CIL07A
B82: TANGERANG唐格朗 | C82: AGENT12 | D82: PERUMNAS_RAYA | E82: Agent | F82: AMIR | G82: =_xlfn.XLOOKUP(D82,'[2]DROP POINT AKTIF'!$B:$B,'[2]DROP POINT AKTIF'!$F:$F,"-") -> IBNU FADILLAH | H82: =_xlfn.XLOOKUP(D82,[11]sheet!$B:$B,[11]sheet!$A:$A,0) -> CIL01A
B83: TANGERANG唐格朗 | C83: AGENT12 | D83: PALKA_CIOMAS | E83: Agent | F83: AMIR | G83: =_xlfn.XLOOKUP(D83,'[2]DROP POINT AKTIF'!$B:$B,'[2]DROP POINT AKTIF'!$F:$F,"-") -> MOHAMAD JUNAEDI FIRMANSYAH | H83: =_xlfn.XLOOKUP(D83,[11]sheet!$B:$B,[11]sheet!$A:$A,0) -> SNG09C
B84: TANGERANG唐格朗 | C84: AGENT12 | D84: CITANGKIL | E84: Agent | F84: AMIR | G84: =_xlfn.XLOOKUP(D84,'[2]DROP POINT AKTIF'!$B:$B,'[2]DROP POINT AKTIF'!$F:$F,"-") -> MOCH. JAJULI FAHMI | H84: =_xlfn.XLOOKUP(D84,[11]sheet!$B:$B,[11]sheet!$A:$A,0) -> CIL03A
B85: TANGERANG唐格朗 | C85: AGENT12 | D85: DP_PANGGUNGRAWI | E85: Agent | F85: AMIR | G85: =_xlfn.XLOOKUP(D85,'[2]DROP POINT AKTIF'!$B:$B,'[2]DROP POINT AKTIF'!$F:$F,"-") -> HANDOKO | H85: =_xlfn.XLOOKUP(D85,[11]sheet!$B:$B,[11]sheet!$A:$A,0) -> CIL05A
B86: TANGERANG唐格朗 | C86: AGENT12 | D86: PONTANG_RAYA | E86: Agent | F86: AMIR | G86: =_xlfn.XLOOKUP(D86,'[2]DROP POINT AKTIF'!$B:$B,'[2]DROP POINT AKTIF'!$F:$F,"-") -> MOHAMAD KAHIS | H86: =_xlfn.XLOOKUP(D86,[11]sheet!$B:$B,[11]sheet!$A:$A,0) -> SNG15
B87: TANGERANG唐格朗 | C87: AGENT12 | D87: CIL05B | E87: Agent | F87: AMIR | G87: =_xlfn.XLOOKUP(D87,'[2]DROP POINT AKTIF'!$B:$B,'[2]DROP POINT AKTIF'!$F:$F,"-") -> CATUR MAY ANDRIAN | H87: =_xlfn.XLOOKUP(D87,[11]sheet!$B:$B,[11]sheet!$A:$A,0) -> CIL05B
... B183: TANGERANG唐格朗 | C183: AGENT12 | D183: SP_ALAM_SUTERA | E183: Agent | F183: - | G183: =_xlfn.XLOOKUP(D183,'[2]DROP POINT AKTIF'!$B:$B,'[2]DROP POINT AKTIF'!$F:$F,"-") -> - | H183: =_xlfn.XLOOKUP(D183,[11]sheet!$B:$B,[11]sheet!$A:$A,0) -> TGR12H
B184: BEKASI勿加西 | C184: AGENT13 | D184: BEKASI | E184: Agent | F184: ANDREW | G184: =_xlfn.XLOOKUP(D184,'[3]DROP POINT BEKASI'!$B:$B,'[3]DROP POINT BEKASI'!$E:$E,"-") -> ERLANGGA ISMADYA PUTRA | H184: =_xlfn.XLOOKUP(D184,[11]sheet!$B:$B,[11]sheet!$A:$A,0) -> BKI01
B185: BEKASI勿加西 | C185: AGENT13 | D185: DC_BEKASI_UTARA_01 | E185: Franchise | F185: SUTRISNA | G185: =_xlfn.XLOOKUP(D185,'[3]DROP POINT BEKASI'!$B:$B,'[3]DROP POINT BEKASI'!$E:$E,"-") -> RICHSON FAHMI | H185: =_xlfn.XLOOKUP(D185,[11]sheet!$B:$B,[11]sheet!$A:$A,0) -> BKI01A
B186: BEKASI勿加西 | C186: AGENT13 | D186: KALIABANG_TENGAH_02 | E186: Franchise | F186: SUTRISNA | G186: =_xlfn.XLOOKUP(D186,'[3]DROP POINT BEKASI'!$B:$B,'[3]DROP POINT BEKASI'!$E:$E,"-") -> TITO ASWIN KARIM | H186: =_xlfn.XLOOKUP(D186,[11]sheet!$B:$B,[11]sheet!$A:$A,0) -> BKI01F
B187: BEKASI勿加西 | C187: AGENT13 | D187: HARAPAN_BARU | E187: Franchise | F187: SUTRISNA | G187: =_xlfn.XLOOKUP(D187,'[3]DROP POINT BEKASI'!$B:$B,'[3]DROP POINT BEKASI'!$E:$E,"-") -> AHMAD RIQBAL | H187: =_xlfn.XLOOKUP(D187,[11]sheet!$B:$B,[11]sheet!$A:$A,0) -> BKI06
B188: BEKASI勿加西 | C188: AGENT13 | D188: JATI_SAMPURNA | E188: Agent | F188: ANDREW | G188: =_xlfn.XLOOKUP(D188,'[3]DROP POINT BEKASI'!$B:$B,'[3]DROP POINT BEKASI'!$E:$E,"-") -> NURROHIM | H188: =_xlfn.XLOOKUP(D188,[11]sheet!$B:$B,[11]sheet!$A:$A,0) -> BKI07
B189: BEKASI勿加西 | C189: AGENT13 | D189: PONDOK_GEDE_01 | E189: Franchise | F189: FIRMAN ARIANTO | G189: =_xlfn.XLOOKUP(D189,'[3]DROP POINT BEKASI'!$B:$B,'[3]DROP POINT BEKASI'!$E:$E,"-") -> ACHMAD MAZIRI | H189: =_xlfn.XLOOKUP(D189,[11]sheet!$B:$B,[11]sheet!$A:$A,0) -> BKI07B
B190: BEKASI勿加西 | C190: AGENT13 | D190: JATIBENING_01 | E190: Franchise | F190: FIRMAN ARIANTO | G190: =_xlfn.XLOOKUP(D190,'[3]DROP POINT BEKASI'!$B:$B,'[3]DROP POINT BEKASI'!$E:$E,"-") -> SUTISNA | H190: =_xlfn.XLOOKUP(D190,[11]sheet!$B:$B,[11]sheet!$A:$A,0) -> BKI07C
B191: BEKASI勿加西 | C191: AGENT13 | D191: JATIBENING_02 | E191: Franchise | F191: FIRMAN ARIANTO | G191: =_xlfn.XLOOKUP(D191,'[3]DROP POINT BEKASI'!$B:$B,'[3]DROP POINT BEKASI'!$E:$E,"-") -> FAHMI AL JUFRY | H191: =_xlfn.XLOOKUP(D191,[11]sheet!$B:$B,[11]sheet!$A:$A,0) -> BKI07F
B192: BEKASI勿加西 | C192: AGENT13 | D192: BEKASI_BARAT_01 | E192: Franchise | F192: FIRMAN ARIANTO | G192: =_xlfn.XLOOKUP(D192,'[3]DROP POINT BEKASI'!$B:$B,'[3]DROP POINT BEKASI'!$E:$E,"-") -> YOGA WARDANA | H192: =_xlfn.XLOOKUP(D192,[11]sheet!$B:$B,[11]sheet!$A:$A,0) -> BKI08C
B193: BEKASI勿加西 | C193: AGENT13 | D193: BINTARA_JAYA_01 | E193: Franchise | F193: FIRMAN ARIANTO | G193: =_xlfn.XLOOKUP(D193,'[3]DROP POINT BEKASI'!$B:$B,'[3]DROP POINT BEKASI'!$E:$E,"-") -> ANGGA KUSUMA | H193: =_xlfn.XLOOKUP(D193,[11]sheet!$B:$B,[11]sheet!$A:$A,0) -> BKI08F
B194: BEKASI勿加西 | C194: AGENT13 | D194: BANTAR_GEBANG | E194: Agent | F194: ADIT | G194: =_xlfn.XLOOKUP(D194,'[3]DROP POINT BEKASI'!$B:$B,'[3]DROP POINT BEKASI'!$E:$E,"-") -> ALI IBRAHIM | H194: =_xlfn.XLOOKUP(D194,[11]sheet!$B:$B,[11]sheet!$A:$A,0) -> BKI13
B195: BEKASI勿加西 | C195: AGENT13 | D195: MANGUNJAYA_01 | E195: Agent | F195: ADIT | G195: =_xlfn.XLOOKUP(D195,'[3]DROP POINT BEKASI'!$B:$B,'[3]DROP POINT BEKASI'!$E:$E,"-") -> ACHMAD MAULANA PUTRA | H195: =_xlfn.XLOOKUP(D195,[11]sheet!$B:$B,[11]sheet!$A:$A,0) -> BKI13A
... B231: BEKASI勿加西 | C231: AGENT13 | D231: CABANG_BUNGIN | E231: Franchise | F231: ABDUL MALIK | G231: =_xlfn.XLOOKUP(D231,'[3]DROP POINT BEKASI'!$B:$B,'[3]DROP POINT BEKASI'!$E:$E,"-") -> SARIFPUDIN | H231: =_xlfn.XLOOKUP(D231,[11]sheet!$B:$B,[11]sheet!$A:$A,0) -> CKR28
B232: BOGOR茂物 | C232: AGENT14 | D232: CIB11A | E232: Agent | F232: AHMAD TOFIK YULFIKAR | G232: =_xlfn.XLOOKUP(D232,[4]Sheet1!$B:$B,[4]Sheet1!$E:$E,"-") -> AHMAD TOFIK YULFIKAR | H232: =_xlfn.XLOOKUP(D232,[11]sheet!$B:$B,[11]sheet!$A:$A,0) -> CIB11A
B233: BOGOR茂物 | C233: AGENT14 | D233: CIBATOK | E233: Agent | F233: AHMAD TOFIK YULFIKAR | G233: =_xlfn.XLOOKUP(D233,[4]Sheet1!$B:$B,[4]Sheet1!$E:$E,"-") -> AHMAD TOFIK YULFIKAR | H233: =_xlfn.XLOOKUP(D233,[11]sheet!$B:$B,[11]sheet!$A:$A,0) -> CIB05
B234: BOGOR茂物 | C234: AGENT14 | D234: DC_CIGUDEG | E234: Agent | F234: AHMAD TOFIK YULFIKAR | G234: =_xlfn.XLOOKUP(D234,[4]Sheet1!$B:$B,[4]Sheet1!$E:$E,"-") -> AHMAD TOFIK YULFIKAR | H234: =_xlfn.XLOOKUP(D234,[11]sheet!$B:$B,[11]sheet!$A:$A,0) -> CIB22A
B235: BOGOR茂物 | C235: AGENT14 | D235: DC_DRAMAGA | E235: Agent | F235: AHMAD TOFIK YULFIKAR | G235: =_xlfn.XLOOKUP(D235,[4]Sheet1!$B:$B,[4]Sheet1!$E:$E,"-") -> AHMAD TOFIK YULFIKAR | H235: =_xlfn.XLOOKUP(D235,[11]sheet!$B:$B,[11]sheet!$A:$A,0) -> CIB17
B236: BOGOR茂物 | C236: AGENT14 | D236: DC_JASINGA | E236: Agent | F236: AHMAD TOFIK YULFIKAR | G236: =_xlfn.XLOOKUP(D236,[4]Sheet1!$B:$B,[4]Sheet1!$E:$E,"-") -> AHMAD TOFIK YULFIKAR | H236: =_xlfn.XLOOKUP(D236,[11]sheet!$B:$B,[11]sheet!$A:$A,0) -> CIB19
B237: BOGOR茂物 | C237: AGENT14 | D237: CIAMPEA | E237: Franchise | F237: AHMAD TOFIK YULFIKAR | G237: =_xlfn.XLOOKUP(D237,[4]Sheet1!$B:$B,[4]Sheet1!$E:$E,"-") -> AHMAD TOFIK YULFIKAR | H237: =_xlfn.XLOOKUP(D237,[11]sheet!$B:$B,[11]sheet!$A:$A,0) -> CIB51
B238: BOGOR茂物 | C238: AGENT14 | D238: DC_NANGGUNG | E238: Agent | F238: AHMAD TOFIK YULFIKAR | G238: =_xlfn.XLOOKUP(D238,[4]Sheet1!$B:$B,[4]Sheet1!$E:$E,"-") -> AHMAD TOFIK YULFIKAR | H238: =_xlfn.XLOOKUP(D238,[11]sheet!$B:$B,[11]sheet!$A:$A,0) -> CIB21A
B239: BOGOR茂物 | C239: AGENT14 | D239: DRAMAGA_2 | E239: Agent | F239: AHMAD TOFIK YULFIKAR | G239: =_xlfn.XLOOKUP(D239,[4]Sheet1!$B:$B,[4]Sheet1!$E:$E,"-") -> AHMAD TOFIK YULFIKAR | H239: =_xlfn.XLOOKUP(D239,[11]sheet!$B:$B,[11]sheet!$A:$A,0) -> CIB08A
B240: BOGOR茂物 | C240: AGENT14 | D240: CIBATOK_RAYA | E240: Agent | F240: AHMAD TOFIK YULFIKAR | G240: =_xlfn.XLOOKUP(D240,[4]Sheet1!$B:$B,[4]Sheet1!$E:$E,"-") -> AHMAD TOFIK YULFIKAR | H240: =_xlfn.XLOOKUP(D240,[11]sheet!$B:$B,[11]sheet!$A:$A,0) -> CIB32A
B241: BOGOR茂物 | C241: AGENT14 | D241: LEUWILIANG1 | E241: Franchise | F241: AHMAD TOFIK YULFIKAR | G241: =_xlfn.XLOOKUP(D241,[4]Sheet1!$B:$B,[4]Sheet1!$E:$E,"-") -> AHMAD TOFIK YULFIKAR | H241: =_xlfn.XLOOKUP(D241,[11]sheet!$B:$B,[11]sheet!$A:$A,0) -> CIB36
B242: BOGOR茂物 | C242: AGENT14 | D242: CP_PAMIJAHAN | E242: Franchise | F242: AHMAD TOFIK YULFIKAR | G242: =_xlfn.XLOOKUP(D242,[4]Sheet1!$B:$B,[4]Sheet1!$E:$E,"-") -> AHMAD TOFIK YULFIKAR | H242: =_xlfn.XLOOKUP(D242,[11]sheet!$B:$B,[11]sheet!$A:$A,0) -> CIB41
B243: BOGOR茂物 | C243: AGENT14 | D243: DRAMAGA_CANTIK | E243: Franchise | F243: AHMAD TOFIK YULFIKAR | G243: =_xlfn.XLOOKUP(D243,[4]Sheet1!$B:$B,[4]Sheet1!$E:$E,"-") -> AHMAD TOFIK YULFIKAR | H243: =_xlfn.XLOOKUP(D243,[11]sheet!$B:$B,[11]sheet!$A:$A,0) -> CIB10B
... B319: BOGOR茂物 | C319: AGENT14 | D319: CP_BNR | E319: Franchise | F319: WIN KARYADI H P | G319: =_xlfn.XLOOKUP(D319,[4]Sheet1!$B:$B,[4]Sheet1!$E:$E,"-") -> WIN KARYADI H P | H319: =_xlfn.XLOOKUP(D319,[11]sheet!$B:$B,[11]sheet!$A:$A,0) -> BGR40
B320: DEPOK德波 | C320: AGENT15 | D320: MAMPANG_DEPOK | E320: Agent | F320: Steven Wijaya (Manager NM) | G320: Muhammad Rahman Akbar | H320: =_xlfn.XLOOKUP(D320,[11]sheet!$B:$B,[11]sheet!$A:$A,0) -> DPK01C
B321: DEPOK德波 | C321: AGENT15 | D321: RANGKAPAN_JAYA | E321: Agent | F321: Steven Wijaya (Manager NM) | H321: =_xlfn.XLOOKUP(D321,[11]sheet!$B:$B,[11]sheet!$A:$A,0) -> DPK01D
B322: DEPOK德波 | C322: AGENT15 | D322: CISALAK_PASAR | E322: Agent | F322: Steven Wijaya (Manager NM) | G322: Dicky Ferdiantoro | H322: =_xlfn.XLOOKUP(D322,[11]sheet!$B:$B,[11]sheet!$A:$A,0) -> DPK02A
B323: DEPOK德波 | C323: AGENT15 | D323: TUGU_DEPOK | E323: Agent | F323: Steven Wijaya (Manager NM) | H323: =_xlfn.XLOOKUP(D323,[11]sheet!$B:$B,[11]sheet!$A:$A,0) -> DPK02B
B324: DEPOK德波 | C324: AGENT15 | D324: SAWANGAN_LAMA | E324: Agent | F324: Steven Wijaya (Manager NM) | G324: Ardhyansyah | H324: =_xlfn.XLOOKUP(D324,[11]sheet!$B:$B,[11]sheet!$A:$A,0) -> DPK03A
B325: DEPOK德波 | C325: AGENT15 | D325: ABADIJAYA | E325: Agent | F325: Steven Wijaya (Manager NM) | G325: Arrizal Rabin Husein | H325: =_xlfn.XLOOKUP(D325,[11]sheet!$B:$B,[11]sheet!$A:$A,0) -> DPK04A
B326: DEPOK德波 | C326: AGENT15 | D326: MEKARJAYA | E326: Agent | F326: Steven Wijaya (Manager NM) | G326: Arrizal Rabin Husein | H326: =_xlfn.XLOOKUP(D326,[11]sheet!$B:$B,[11]sheet!$A:$A,0) -> DPK04B
B327: DEPOK德波 | C327: AGENT15 | D327: GROGOL_DEPOK | E327: Agent | F327: Steven Wijaya (Manager NM) | G327: Fahri Paisal | H327: =_xlfn.XLOOKUP(D327,[11]sheet!$B:$B,[11]sheet!$A:$A,0) -> DPK05A
B328: DEPOK德波 | C328: AGENT15 | D328: TANAH_BARU | E328: Agent | F328: Steven Wijaya (Manager NM) | G328: Rendy Krisnandy | H328: =_xlfn.XLOOKUP(D328,[11]sheet!$B:$B,[11]sheet!$A:$A,0) -> DPK06B
